pos.x pos.y vol rho vel.x vel.y p a mu k k-vibroelectronic shock-detector massf-N2 massf-O2 massf-N massf-O massf-NO massf-N2+ massf-O2+ massf-N+ massf-O+ massf-NO+ massf-e- dt_subcycle e T e-vibroelectronic T-vibroelectronic dt_local M_local pitot_p total_p total_h molef-N2 molef-O2 molef-N molef-O molef-NO molef-N2+ molef-O2+ molef-N+ molef-O+ molef-NO+ molef-e-
 -0.00714429 3.62232e-06 8.76755e-15 2.30996 0.000256696 3.09012e-05 222247 371.008 1.83899e-05 0.0275593 0.00016466 0 0.749804 0.135197 0.016837 0.0972011 0.000953078 6.49238e-10 3.23987e-06 3.14619e-12 4.23254e-07 4.53853e-06 1.31024e-10 -1 1.99571e+06 302.126 123.539 342.94 4.00287e-11 6.96885e-07 222247 222247 2.09192e+06 0.698837 0.110313 0.031385 0.158621 0.000829303 6.0512e-10 2.6436e-06 5.8649e-12 6.90727e-07 3.94919e-06 6.23601e-06
 -0.00714492 3.62244e-06 6.54875e-14 0.744349 0.182418 0.0124583 222245 638.507 3.75973e-05 0.058707 0.00774691 0 0.7475 0.116735 0.0186505 0.115087 0.00200311 2.96976e-09 4.7733e-06 2.25042e-08 1.40701e-05 5.27647e-06 6.39666e-10 -1 2.79699e+06 922.526 62192 1195.67 1.73671e-10 0.00028636 222245 222245 3.09557e+06 0.685503 0.09372 0.0342074 0.184794 0.00171498 2.72351e-09 3.83227e-06 4.1277e-08 2.25929e-05 4.51758e-06 2.99556e-05
 -0.00714582 3.62261e-06 1.4602e-13 0.47698 0.328191 0.0244411 222234 795.233 5.04316e-05 0.080374 0.0131111 0 0.743286 0.0967755 0.0219585 0.133985 0.00394148 1.2651e-08 6.66781e-06 1.61688e-07 3.98966e-05 6.0813e-06 1.57806e-09 -1 3.57613e+06 1413.74 119956 1562.72 3.10394e-10 0.000413841 222234 222234 4.04205e+06 0.669408 0.0763014 0.039552 0.211278 0.00331398 1.13938e-08 5.25724e-06 2.91246e-07 6.29141e-05 5.11323e-06 7.25746e-05
 -0.00714671 3.62277e-06 2.24876e-13 0.374775 0.426867 0.035291 222223 896.752 5.93062e-05 0.095759 0.0168705 0 0.73877 0.0820869 0.0257596 0.14783 0.00547167 3.40372e-08 7.67393e-06 4.66388e-07 6.62457e-05 6.76245e-06 2.52359e-09 -1 4.19656e+06 1773.66 164322 1817.48 4.23223e-10 0.000477639 222223 222223 4.78951e+06 0.655894 0.0638014 0.0457398 0.2298 0.00453524 3.02194e-08 5.9646e-06 8.28168e-07 0.000102981 5.60522e-06 0.000114411
 -0.00714761 3.62294e-06 3.06126e-13 0.315731 0.510078 0.0456709 222216 977.287 6.66209e-05 0.108707 0.019881 0 0.733831 0.0700436 0.0301571 0.159228 0.00663053 7.63043e-08 8.14643e-06 9.9584e-07 9.33515e-05 7.42046e-06 3.49471e-09 -1 4.75834e+06 2078.62 203474 2035.03 5.27799e-10 0.000524021 222216 222216 5.46215e+06 0.643257 0.0537513 0.0528699 0.244382 0.00542616 6.68877e-08 6.25166e-06 1.74592e-06 0.00014328 6.07272e-06 0.000156432
 -0.00714852 3.62311e-06 3.87001e-13 0.277426 0.584271 0.0555871 222208 1043.18 7.27641e-05 0.119782 0.0223998 0 0.728685 0.0602441 0.0349263 0.168572 0.00743421 1.48007e-07 8.26806e-06 1.76937e-06 0.000119997 8.06746e-06 4.45398e-09 -1 5.26707e+06 2338.86 238181 2225.79 6.24084e-10 0.000562616 222208 222208 6.06803e+06 0.631537 0.0457094 0.0605399 0.255803 0.0060152 1.28277e-07 6.27339e-06 3.06707e-06 0.000182099 6.5277e-06 0.000197121
 -0.0071494 3.62327e-06 4.65686e-13 0.250699 0.65177 0.0649855 222201 1098.15 7.79846e-05 0.129349 0.0245428 0 0.723498 0.0522852 0.0398713 0.176229 0.00795105 2.5489e-07 8.17947e-06 2.77625e-06 0.000145517 8.71931e-06 5.38095e-09 -1 5.72743e+06 2562.12 268908 2394.69 7.12268e-10 0.000596459 222201 222201 6.61376e+06 0.620736 0.0392718 0.0684164 0.264734 0.0063687 2.18691e-07 6.14376e-06 4.76405e-06 0.000218605 6.98419e-06 0.000235752
 -0.00715031 3.62344e-06 5.46715e-13 0.229786 0.718653 0.0744583 222195 1147.95 8.27793e-05 0.13827 0.0265159 0 0.717998 0.0453626 0.0452206 0.182956 0.00827049 4.11208e-07 7.95444e-06 4.0864e-06 0.000171361 9.44404e-06 6.33087e-09 -1 6.17427e+06 2768.37 298065 2555.92 7.98644e-10 0.000629385 222195 222195 7.14123e+06 0.610097 0.0337447 0.0768497 0.272197 0.0065609 3.49418e-07 5.91732e-06 6.94487e-06 0.000254956 7.492e-06 0.000274704
 -0.00715119 3.6236e-06 6.26199e-13 0.213579 0.783086 0.0835817 222189 1191.67 8.70348e-05 0.146301 0.0282744 0 0.712469 0.039584 0.050676 0.188628 0.00842195 6.16502e-07 7.65092e-06 5.64663e-06 0.00019629 1.02376e-05 7.26011e-09 -1 6.59116e+06 2952.07 324640 2704.3 8.79805e-10 0.000660863 222189 222189 7.63147e+06 0.60005 0.0291859 0.0853598 0.278157 0.00662202 5.19235e-07 5.64124e-06 9.51168e-06 0.000289466 8.04977e-06 0.000312241
 -0.00715211 3.62377e-06 7.08447e-13 0.199934 0.849553 0.0928682 222184 1232.72 9.10628e-05 0.154006 0.0299475 0 0.706631 0.0344688 0.0564985 0.193703 0.00845041 8.88129e-07 7.28441e-06 7.54995e-06 0.000221666 1.11764e-05 8.22094e-09 -1 7.00417e+06 3126.26 350348 2849.54 9.60663e-10 0.000693277 222184 222184 8.11545e+06 0.589996 0.025195 0.0943459 0.283175 0.00658704 7.41551e-07 5.32464e-06 1.2608e-05 0.000324065 8.71206e-06 0.000350513
 -0.00715294 3.62392e-06 7.81961e-13 0.189712 0.909387 0.101048 222180 1266.45 9.43951e-05 0.160461 0.0313398 0 0.701326 0.0305179 0.0618277 0.197662 0.00839248 1.18474e-06 6.93079e-06 9.49959e-06 0.000244004 1.21422e-05 9.08068e-09 -1 7.35993e+06 3270.45 371991 2973.37 1.03061e-09 0.00072248 222180 222180 8.53107e+06 0.581266 0.0221433 0.102487 0.28684 0.00649384 9.81941e-07 5.02895e-06 1.57473e-05 0.000354103 9.39542e-06 0.000384325
 -0.00715384 3.62409e-06 8.63108e-13 0.180067 0.976373 0.109958 222175 1300.99 9.7826e-05 0.167185 0.0327853 0 0.69539 0.02673 0.0678212 0.201496 0.00826101 1.57302e-06 6.52663e-06 1.19224e-05 0.000268311 1.3374e-05 1.00322e-08 -1 7.73998e+06 3418.88 394593 3104.39 1.10559e-09 0.000755228 222175 222175 8.97383e+06 0.571881 0.0192446 0.111551 0.290138 0.00634258 1.29366e-06 4.699e-06 1.96105e-05 0.000386361 1.02684e-05 0.000421308
 -0.00715471 3.62425e-06 9.40993e-13 0.172072 1.04193 0.118406 222171 1331.89 0.00010091 0.173299 0.0340975 0 0.689627 0.0235757 0.0736621 0.20472 0.00808663 2.0066e-06 6.13519e-06 1.45133e-05 0.00029132 1.47438e-05 1.09495e-08 -1 8.09381e+06 3552.16 415157 3225.23 1.17559e-09 0.00078733 222171 222171 9.38496e+06 0.563097 0.0168525 0.120294 0.292678 0.00616443 1.63847e-06 4.38568e-06 2.37019e-05 0.0004165 1.12394e-05 0.000456549
 -0.00715566 3.62443e-06 1.02591e-12 0.164467 1.11512 0.127523 222166 1363.44 0.000104071 0.179637 0.0354577 0 0.683284 0.020593 0.0801073 0.207798 0.00785988 2.54732e-06 5.71297e-06 1.76323e-05 0.000316073 1.64724e-05 1.19553e-08 -1 8.46879e+06 3688.6 436455 3352.12 1.24994e-09 0.000823205 222167 222167 9.81962e+06 0.55375 0.0146105 0.129842 0.29486 0.00594682 2.06446e-06 4.05335e-06 2.85804e-05 0.000448516 1.24633e-05 0.000494767
 -0.00715654 3.62459e-06 1.10478e-12 0.158242 1.1849 0.135888 222163 1391 0.000106843 0.185257 0.0366654 0 0.677347 0.0181875 0.0861477 0.210304 0.00762755 3.11241e-06 5.33071e-06 2.08022e-05 0.000338777 1.83182e-05 1.28962e-08 -1 8.80803e+06 3808.02 455294 3465.88 1.31732e-09 0.000857418 222163 222163 1.0212e+07 0.545269 0.0128175 0.138699 0.296421 0.00573245 2.50556e-06 3.75685e-06 3.34932e-05 0.000477519 1.37672e-05 0.000530138
 -0.00715749 3.62476e-06 1.18971e-12 0.152271 1.26255 0.144752 222158 1419.05 0.000109674 0.191056 0.0379153 0 0.670917 0.0159325 0.0926954 0.212674 0.00736472 3.78752e-06 4.93402e-06 2.45096e-05 0.000362948 2.05849e-05 1.39181e-08 -1 9.16461e+06 3929.74 474673 3584.38 1.38824e-09 0.000895542 222159 222159 1.06236e+07 0.536336 0.0111503 0.148203 0.297677 0.00549644 3.02783e-06 3.4531e-06 3.91879e-05 0.000508031 1.53632e-05 0.000568165
 -0.00715834 3.62492e-06 1.26545e-12 0.147485 1.33176 0.152265 222159 1442.81 0.00011208 0.196031 0.0389918 0 0.665159 0.0141748 0.0985591 0.214537 0.00712631 4.44646e-06 4.59588e-06 2.80728e-05 0.000384277 2.28636e-05 1.48378e-08 -1 9.47561e+06 4032.91 491236 3686.85 1.45016e-09 0.000929048 222159 222159 1.09819e+07 0.528538 0.0098605 0.156631 0.298479 0.00528654 3.53324e-06 3.19712e-06 4.46152e-05 0.000534653 1.69613e-05 0.000602068
 -0.00715924 3.62509e-06 1.34602e-12 0.142856 1.40849 0.159836 222155 1466.92 0.000114529 0.201142 0.0399563 0 0.659018 0.0125316 0.104811 0.216291 0.00687416 5.20474e-06 4.25404e-06 3.213e-05 0.000406752 2.55653e-05 1.58257e-08 -1 9.79975e+06 4137.67 508219 3792.94 1.51475e-09 0.000966336 222155 222155 1.13549e+07 0.520408 0.00866335 0.165532 0.299052 0.00506783 4.11011e-06 2.94095e-06 5.07463e-05 0.000562409 1.88478e-05 0.000638168
 -0.0071602 3.62526e-06 1.43173e-12 0.138379 1.49263 0.167769 222151 1491.39 0.000117023 0.206394 0.0409448 0 0.652475 0.0110057 0.111469 0.217931 0.00661237 6.07466e-06 3.91165e-06 3.67512e-05 0.000430447 2.87644e-05 1.68888e-08 -1 1.01377e+07 4244.06 525689 3902.98 1.58212e-09 0.00100714 222151 222151 1.17431e+07 0.511936 0.00755961 0.174919 0.299387 0.00484356 4.76631e-06 2.6869e-06 5.76727e-05 0.000591355 2.10703e-05 0.000676671
 -0.00716101 3.62541e-06 1.50421e-12 0.134903 1.56568 0.174376 222148 1511.23 0.000119051 0.210702 0.0417664 0 0.646938 0.00987033 0.1171 0.219159 0.00639896 6.85995e-06 3.63955e-06 4.09082e-05 0.000450334 3.17372e-05 1.77986e-08 -1 1.04183e+07 4330.37 540025 3993.88 1.63807e-09 0.00104244 222148 222148 1.20651e+07 0.504908 0.00674393 0.182783 0.299483 0.00466246 5.35401e-06 2.48678e-06 6.38568e-05 0.000615406 2.3125e-05 0.000709353
 -0.00716186 3.62557e-06 1.58037e-12 0.131515 1.64429 0.181214 222145 1531.31 0.000121111 0.215109 0.0426176 0 0.641121 0.00881125 0.12301 0.22031 0.00618458 7.73277e-06 3.37091e-06 4.55256e-05 0.000471096 3.51279e-05 1.87659e-08 -1 1.07085e+07 4417.75 554692 4087.37 1.69592e-09 0.00108028 222145 222145 1.23976e+07 0.497654 0.00598765 0.190966 0.299422 0.00448181 6.00248e-06 2.29073e-06 7.0679e-05 0.000640286 2.54568e-05 0.000743843
 -0.00716275 3.62574e-06 1.66038e-12 0.128213 1.72894 0.188286 222142 1551.64 0.000123202 0.219618 0.0435007 0 0.635016 0.00782813 0.129207 0.221383 0.00597167 8.70131e-06 3.1074e-06 5.06583e-05 0.000492781 3.8987e-05 1.97954e-08 -1 1.10084e+07 4506.24 569703 4183.45 1.7557e-09 0.00112086 222142 222142 1.2741e+07 0.49017 0.00528996 0.19947 0.299205 0.00430343 6.71669e-06 2.0999e-06 7.82095e-05 0.000666029 2.80961e-05 0.000780285
 -0.00716369 3.62591e-06 1.74445e-12 0.124993 1.82013 0.195594 222139 1572.22 0.000125327 0.224233 0.0444182 0 0.628611 0.00692019 0.1357 0.222378 0.00576268 9.77455e-06 2.85065e-06 5.63688e-05 0.000515441 4.33685e-05 2.08928e-08 -1 1.13186e+07 4595.86 585074 4282.13 1.81748e-09 0.00116435 222139 222139 1.30958e+07 0.482454 0.00464969 0.208297 0.298832 0.00412909 7.50203e-06 1.91539e-06 8.65285e-05 0.000692675 3.1075e-05 0.000818835
 -0.00716468 3.62609e-06 1.83278e-12 0.121851 1.91838 0.20314 222135 1593.05 0.000127486 0.228959 0.0453726 0 0.6219 0.00608613 0.142496 0.223294 0.00556002 1.09623e-05 2.60221e-06 6.27297e-05 0.000539136 4.83299e-05 2.20641e-08 -1 1.16392e+07 4686.65 600825 4383.41 1.8813e-09 0.00121095 222136 222136 1.34622e+07 0.474503 0.0040653 0.217447 0.298304 0.00396052 8.36432e-06 1.7382e-06 9.57282e-05 0.000720268 3.4427e-05 0.00085967
 -0.00716545 3.62623e-06 1.90195e-12 0.119544 1.99707 0.208958 222133 1608.85 0.000129129 0.232578 0.0461144 0 0.616658 0.00550802 0.147798 0.22393 0.0054136 1.19348e-05 2.42219e-06 6.79771e-05 0.000557623 5.24678e-05 2.29952e-08 -1 1.18867e+07 4755.52 612901 4461.07 1.93055e-09 0.00124808 222133 222133 1.37449e+07 0.468386 0.00366258 0.224522 0.297806 0.00383886 9.06534e-06 1.61067e-06 0.000103269 0.000741613 3.72063e-05 0.000891912
 -0.00716652 3.62643e-06 1.99826e-12 0.116531 2.10913 0.216927 222129 1630.15 0.000131353 0.237509 0.0471404 0 0.609385 0.00479872 0.155146 0.22471 0.00522758 1.33499e-05 2.19164e-06 7.56857e-05 0.000583286 5.8591e-05 2.43127e-08 -1 1.22265e+07 4848.44 629375 4566.87 1.99808e-09 0.00130065 222129 222129 1.41327e+07 0.460022 0.00317135 0.234237 0.29701 0.0036842 1.0078e-05 1.44843e-06 0.000114274 0.000770984 4.12935e-05 0.000937231
 -0.00716737 3.62659e-06 2.07369e-12 0.114318 2.1989 0.223066 222126 1646.3 0.000133046 0.241288 0.0479393 0 0.603713 0.00431147 0.160869 0.225244 0.00509612 1.45073e-05 2.02647e-06 8.20608e-05 0.000603334 6.36731e-05 2.53626e-08 -1 1.24889e+07 4918.96 642027 4647.89 2.05016e-09 0.00134251 222127 222127 1.44319e+07 0.453593 0.00283592 0.241735 0.296314 0.00357463 1.09001e-05 1.33296e-06 0.000123316 0.000793726 4.46638e-05 0.000973096
 -0.00716824 3.62675e-06 2.15197e-12 0.112143 2.2939 0.229345 222124 1662.61 0.000134762 0.245139 0.0487649 0 0.59785 0.00386123 0.16678 0.225737 0.00497246 1.57536e-05 1.86842e-06 8.90029e-05 0.000624108 6.92054e-05 2.64697e-08 -1 1.27579e+07 4990.22 654950 4730.32 2.10349e-09 0.00138657 222124 222124 1.47386e+07 0.447031 0.00252757 0.249413 0.295536 0.00347114 1.17797e-05 1.22309e-06 0.000133106 0.000817112 4.83114e-05 0.00101069
 -0.00716915 3.62692e-06 2.2332e-12 0.110005 2.39444 0.235766 222121 1679.09 0.0001365 0.249064 0.0496188 0 0.591792 0.00344668 0.17288 0.226188 0.00485734 1.70957e-05 1.71785e-06 9.65713e-05 0.000645646 7.52156e-05 2.76382e-08 -1 1.30336e+07 5062.23 668160 4814.16 2.15809e-09 0.00143293 222121 222121 1.50528e+07 0.440334 0.00224515 0.257269 0.294677 0.00337418 1.27206e-05 1.11902e-06 0.000143717 0.000841172 5.22499e-05 0.00105014
 -0.00717009 3.62709e-06 2.31751e-12 0.107903 2.50085 0.24233 222118 1695.72 0.000138264 0.253065 0.0505023 0 0.585535 0.00306638 0.179173 0.226599 0.00475139 1.85406e-05 1.57507e-06 0.000104833 0.00066799 8.17311e-05 2.88729e-08 -1 1.33163e+07 5135.02 681676 4899.38 2.21399e-09 0.00148171 222118 222118 1.53748e+07 0.433504 0.00198745 0.265303 0.293738 0.0032841 1.37269e-05 1.02089e-06 0.000155233 0.000865937 5.64925e-05 0.00109158
 -0.00717073 3.62721e-06 2.37548e-12 0.10652 2.57522 0.246787 222116 1706.91 0.000139453 0.255776 0.0511087 0 0.581253 0.00283113 0.183477 0.226852 0.00468614 1.9565e-05 1.48433e-06 0.000110763 0.000683355 8.63686e-05 2.97353e-08 -1 1.35088e+07 5183.99 690866 4956.95 2.25198e-09 0.00151562 222116 222116 1.5594e+07 0.428876 0.00182877 0.270756 0.29307 0.00322803 1.44363e-05 9.58818e-07 0.000163459 0.000882857 5.94959e-05 0.00112038
 -0.00717174 3.62739e-06 2.46516e-12 0.104476 2.6922 0.253593 222113 1723.84 0.000141258 0.25991 0.0520453 0 0.574658 0.00250453 0.190099 0.227198 0.00459666 2.11996e-05 1.35504e-06 0.000120354 0.000707144 9.37851e-05 3.1092e-08 -1 1.38034e+07 5258.11 704935 5044.42 2.31007e-09 0.00156866 222113 222113 1.59294e+07 0.421823 0.00160946 0.279081 0.292004 0.00315007 1.55617e-05 8.70788e-07 0.000176696 0.00090888 6.42717e-05 0.00116546
 -0.00717277 3.62759e-06 2.55824e-12 0.102464 2.816 0.260547 222110 1740.94 0.000143089 0.264127 0.0530159 0 0.567855 0.00220802 0.196923 0.227508 0.00451759 2.29601e-05 1.23404e-06 0.000130863 0.000731867 0.000101776 3.25298e-08 -1 1.41055e+07 5333.07 719365 5133.19 2.3695e-09 0.00162443 222110 222110 1.62732e+07 0.414638 0.00141146 0.287579 0.290865 0.00307961 1.67654e-05 7.88864e-07 0.000191115 0.00093571 6.9381e-05 0.00121294
 -0.00717349 3.62772e-06 2.62223e-12 0.101141 2.90253 0.265266 222108 1752.44 0.000144325 0.266985 0.0536829 0 0.563202 0.00202625 0.201585 0.227695 0.0044708 2.42087e-05 1.15803e-06 0.000138431 0.000748895 0.000107433 3.35367e-08 -1 1.43112e+07 5383.5 729198 5193.09 2.40987e-09 0.00166318 222108 222108 1.65072e+07 0.409775 0.00129064 0.293339 0.290066 0.00303684 1.76141e-05 7.37635e-07 0.000201447 0.000954067 7.29766e-05 0.00124603
 -0.00717459 3.62792e-06 2.72125e-12 0.0991832 3.03861 0.272468 222105 1769.86 0.000146201 0.271345 0.0547143 0 0.556045 0.00177617 0.208753 0.227947 0.00440959 2.62021e-05 1.05102e-06 0.000150714 0.000775301 0.000116431 3.51249e-08 -1 1.4626e+07 5459.88 744283 5283.98 2.47157e-09 0.00172375 222105 222105 1.68654e+07 0.402371 0.0011252 0.302119 0.288809 0.002979 1.89609e-05 6.65834e-07 0.00021813 0.000982344 7.86589e-05 0.00129795
 -0.00717535 3.62806e-06 2.78933e-12 0.0978952 3.13371 0.277353 222102 1781.58 0.000147468 0.274301 0.0554234 0 0.551153 0.00162377 0.213648 0.228096 0.0043748 2.76164e-05 9.84338e-07 0.000159579 0.000793508 0.000122778 3.6239e-08 -1 1.48403e+07 5511.28 754575 5345.25 2.51346e-09 0.00176583 222103 222103 1.71091e+07 0.397362 0.00102487 0.308065 0.287935 0.00294462 1.99108e-05 6.21295e-07 0.00023011 0.00100171 8.26415e-05 0.00133419
 -0.00717613 3.62821e-06 2.85912e-12 0.0966208 3.23247 0.282305 222100 1793.38 0.000148747 0.277297 0.0561505 0 0.546164 0.00148223 0.218637 0.228231 0.00434482 2.91035e-05 9.2137e-07 0.000169036 0.00081222 0.00012941 3.74003e-08 -1 1.50582e+07 5563.08 765063 5407.06 2.55598e-09 0.0018093 222101 222101 1.73569e+07 0.392296 0.000932048 0.314083 0.287031 0.00291353 2.09047e-05 5.79382e-07 0.000242838 0.00102151 8.67805e-05 0.00137181
 -0.00717693 3.62835e-06 2.93065e-12 0.0953598 3.33501 0.287325 222098 1805.28 0.00015004 0.280334 0.0568961 0 0.541076 0.00135105 0.223722 0.228353 0.00431959 3.06672e-05 8.6209e-07 0.000179131 0.000831459 0.00013633 3.86116e-08 -1 1.52797e+07 5615.28 775757 5469.39 2.59911e-09 0.00185421 222099 222099 1.76087e+07 0.387173 0.000846349 0.320173 0.286099 0.00288567 2.19447e-05 5.40057e-07 0.000256369 0.00104175 9.10757e-05 0.00141088
 -0.00717816 3.62858e-06 3.04133e-12 0.0934932 3.49626 0.294982 222095 1823.38 0.000152004 0.284967 0.0580506 0 0.533258 0.00117259 0.231529 0.228511 0.00429054 3.3166e-05 7.80011e-07 0.000195585 0.000861353 0.000147257 4.05283e-08 -1 1.56188e+07 5694.34 792244 5563.83 2.66488e-09 0.00192428 222095 222095 1.79943e+07 0.379384 0.000730332 0.32944 0.28465 0.00284976 2.35963e-05 4.85827e-07 0.000278307 0.001073 9.78094e-05 0.0014724
 -0.00717901 3.62874e-06 3.11744e-12 0.0922652 3.60892 0.300173 222092 1835.54 0.00015333 0.288109 0.0588452 0 0.527921 0.00106511 0.236855 0.228602 0.00427688 3.49404e-05 7.29794e-07 0.000207512 0.000882004 0.000154907 4.18773e-08 -1 1.58495e+07 5747.55 803503 5627.41 2.70953e-09 0.00197292 222093 222093 1.82566e+07 0.374122 0.000660803 0.335704 0.283652 0.00282961 2.47617e-05 4.52776e-07 0.000294126 0.00109444 0.00010249 0.00151548
 -0.00717988 3.6289e-06 3.19545e-12 0.0910501 3.72589 0.305433 222090 1847.79 0.000154669 0.291294 0.0596608 0 0.522483 0.000966237 0.24228 0.22868 0.00426764 3.68074e-05 6.83114e-07 0.000220278 0.000903264 0.000162851 4.32873e-08 -1 1.60841e+07 5801.17 814979 5691.47 2.75484e-09 0.00202316 222091 222091 1.85233e+07 0.368805 0.000597091 0.342036 0.282628 0.00281235 2.59818e-05 4.22141e-07 0.000310988 0.00111639 0.00010732 0.00156031
 -0.00718077 3.62906e-06 3.27542e-12 0.0898476 3.84732 0.310764 222088 1860.13 0.000156022 0.294522 0.0604978 0 0.516941 0.000875473 0.247804 0.228747 0.00426267 3.87722e-05 6.39914e-07 0.000233957 0.000925161 0.000171088 4.47622e-08 -1 1.63225e+07 5855.21 826688 5756 2.8008e-09 0.00207504 222088 222088 1.87944e+07 0.363434 0.000538839 0.348435 0.28158 0.00279784 2.72592e-05 3.93863e-07 0.000328977 0.00113888 0.000112297 0.00160702
 -0.00718169 3.62923e-06 3.35739e-12 0.0886578 3.97338 0.316165 222085 1872.57 0.00015739 0.297795 0.0613572 0 0.511297 0.000792343 0.253428 0.228804 0.0042618 4.08403e-05 6.0013e-07 0.000248624 0.000947722 0.000179615 4.6306e-08 -1 1.65649e+07 5909.67 838641 5820.98 2.8474e-09 0.00212859 222086 222086 1.90699e+07 0.358009 0.000485697 0.354899 0.280508 0.00278593 2.85969e-05 3.67879e-07 0.000348185 0.00116193 0.000117416 0.00165571
 -0.00718262 3.62941e-06 3.44142e-12 0.0874805 4.10424 0.321637 222083 1885.12 0.000158771 0.301112 0.0622396 0 0.505547 0.000716379 0.259154 0.22885 0.00426481 4.30174e-05 5.63695e-07 0.000264364 0.000970978 0.000188428 4.79231e-08 -1 1.68113e+07 5964.54 850850 5886.41 2.89462e-09 0.00218385 222084 222084 1.935e+07 0.35253 0.00043733 0.361428 0.279414 0.00277646 2.99976e-05 3.44127e-07 0.000368709 0.00118555 0.000122672 0.00170649
 -0.00718358 3.62958e-06 3.52755e-12 0.0863156 4.24007 0.327182 222080 1897.79 0.000160167 0.304475 0.0631459 0 0.499693 0.000647128 0.264982 0.228887 0.00427149 4.53093e-05 5.30541e-07 0.000281269 0.00099496 0.000197521 4.96181e-08 -1 1.70617e+07 6019.83 863322 5952.27 2.94247e-09 0.00224085 222081 222081 1.96346e+07 0.347 0.000393412 0.36802 0.278297 0.00276925 3.14646e-05 3.22541e-07 0.000390657 0.00120979 0.000128057 0.00175951
 -0.00718407 3.62967e-06 3.57143e-12 0.0857378 4.30991 0.329981 222079 1904.18 0.000160871 0.306173 0.0636083 0 0.496726 0.00061488 0.267934 0.228902 0.00427613 4.65002e-05 5.15172e-07 0.000290191 0.00100723 0.00020217 5.04963e-08 -1 1.71884e+07 6047.63 869659 5985.36 2.96663e-09 0.00227002 222080 222080 1.97787e+07 0.344215 0.000373023 0.37134 0.277731 0.00276644 3.22238e-05 3.12539e-07 0.000402201 0.00122214 0.000130796 0.00178689
 -0.00718507 3.62986e-06 3.66082e-12 0.0845914 4.45354 0.335635 222076 1917.03 0.000162288 0.309604 0.064552 0 0.490713 0.000554873 0.273916 0.228926 0.00428785 4.89759e-05 4.86801e-07 0.000309036 0.00103236 0.000211667 5.23178e-08 -1 1.7445e+07 6103.55 882539 6051.85 3.01541e-09 0.00232973 222077 222077 2.00703e+07 0.338608 0.000335194 0.378023 0.276584 0.00276227 3.37957e-05 2.94077e-07 0.000426508 0.00124732 0.00013636 0.00184351
 -0.00718609 3.63005e-06 3.75246e-12 0.0834573 4.6026 0.341363 222074 1930.01 0.00016372 0.313081 0.0655218 0 0.484593 0.0005005 0.280002 0.228941 0.00430258 5.15822e-05 4.61526e-07 0.000329318 0.0010583 0.00022142 5.42305e-08 -1 1.77058e+07 6159.88 895700 6118.75 3.06481e-09 0.0023913 222075 222075 2.03667e+07 0.332951 0.000301051 0.384765 0.275416 0.00275987 3.54415e-05 2.77613e-07 0.00045255 0.00127318 0.000142032 0.00190272
 -0.00718714 3.63024e-06 3.8464e-12 0.0823353 4.75728 0.347167 222071 1943.12 0.000165167 0.316604 0.0665186 0 0.478365 0.000451353 0.286192 0.228949 0.00432002 5.43258e-05 4.39266e-07 0.000351163 0.00108509 0.000231415 5.62406e-08 -1 1.79708e+07 6216.63 909149 6186.04 3.11485e-09 0.00245478 222072 222072 2.06679e+07 0.327246 0.000270311 0.391564 0.27423 0.00275903 3.71646e-05 2.63076e-07 0.000480475 0.00129974 0.000147799 0.00196468
 -0.00718767 3.63034e-06 3.89425e-12 0.0817789 4.8368 0.350097 222070 1949.72 0.000165895 0.318384 0.0670275 0 0.475211 0.000428617 0.289327 0.22895 0.00432966 5.57512e-05 4.29241e-07 0.000362714 0.00109881 0.0002365 5.72843e-08 -1 1.81049e+07 6245.15 915985 6219.83 3.1401e-09 0.00248726 222071 222071 2.08204e+07 0.324376 0.000256132 0.394985 0.27363 0.00275913 3.80561e-05 2.56509e-07 0.000495192 0.00131329 0.000150715 0.00199675
 -0.00718875 3.63054e-06 3.99174e-12 0.0806751 5.0003 0.356015 222067 1963 0.000167364 0.321977 0.0680668 0 0.468821 0.00038658 0.295674 0.228947 0.00435058 5.87135e-05 4.11353e-07 0.000387169 0.00112694 0.00024683 5.94531e-08 -1 1.83763e+07 6302.51 929882 6287.7 3.1911e-09 0.00255373 222068 222068 2.11289e+07 0.318599 0.00022999 0.401866 0.272417 0.0027602 3.99011e-05 2.44733e-07 0.000526242 0.00134095 0.000156603 0.00206318
 -0.00718987 3.63074e-06 4.09168e-12 0.0795834 5.16995 0.362011 222064 1976.39 0.000168847 0.325617 0.0691357 0 0.462322 0.00034882 0.302128 0.228938 0.00437339 6.18307e-05 3.96275e-07 0.000413562 0.00115601 0.000257359 6.17371e-08 -1 1.86521e+07 6360.28 944095 6355.94 3.24277e-09 0.00262226 222066 222066 2.14424e+07 0.312777 0.000206596 0.4088 0.271188 0.00276226 4.18314e-05 2.34707e-07 0.0005596 0.0013694 0.000162552 0.00213286
 -0.00719043 3.63085e-06 4.14259e-12 0.079042 5.25715 0.36504 222063 1983.13 0.000169594 0.327455 0.0696817 0 0.459032 0.000331432 0.305395 0.228931 0.00438539 6.34495e-05 3.89764e-07 0.000427541 0.00117092 0.000262692 6.29249e-08 -1 1.87916e+07 6389.31 951323 6390.2 3.26885e-09 0.00265732 222064 222064 2.16011e+07 0.309849 0.000195855 0.412286 0.270567 0.00276358 4.28296e-05 2.30329e-07 0.000577207 0.00138392 0.000165546 0.00216898
 -0.00719159 3.63106e-06 4.24632e-12 0.0779683 5.43642 0.371157 222060 1996.67 0.000171099 0.331166 0.0707972 0 0.452368 0.000299432 0.312009 0.228914 0.00441037 6.68124e-05 3.78742e-07 0.000457182 0.00120151 0.000273479 6.53975e-08 -1 1.90741e+07 6447.68 966038 6459 3.32155e-09 0.00272909 222061 222061 2.19222e+07 0.303959 0.000176138 0.419297 0.269313 0.00276665 4.48941e-05 2.22796e-07 0.000614412 0.0014136 0.000171558 0.00224394
 -0.00719218 3.63117e-06 4.29915e-12 0.077436 5.52856 0.374247 222059 2003.47 0.000171857 0.333039 0.0713672 0 0.448994 0.000284737 0.315357 0.228903 0.00442325 6.85582e-05 3.7421e-07 0.000472896 0.0012172 0.000278927 6.66847e-08 -1 1.92171e+07 6477.01 973531 6493.53 3.34816e-09 0.00276581 222060 222060 2.20847e+07 0.300998 0.000167108 0.42282 0.26868 0.00276835 4.59611e-05 2.19623e-07 0.000634067 0.00142876 0.000174573 0.00228284
 -0.00719338 3.63139e-06 4.40681e-12 0.0763802 5.71799 0.38049 222056 2017.19 0.000173383 0.33682 0.0725321 0 0.442162 0.000257764 0.322135 0.228878 0.00444955 7.21833e-05 3.67049e-07 0.000506248 0.00124941 0.000289915 6.93672e-08 -1 1.95064e+07 6535.96 988744 6562.85 3.40185e-09 0.0028409 222057 222057 2.24136e+07 0.295042 0.000150576 0.429903 0.267404 0.00277188 4.81668e-05 2.14421e-07 0.000675637 0.00145977 0.000180608 0.00236365
 -0.00719399 3.63151e-06 4.46165e-12 0.0758568 5.81534 0.383642 222054 2024.09 0.000174152 0.338729 0.0731274 0 0.438704 0.000245411 0.325564 0.228864 0.00446287 7.40642e-05 3.64399e-07 0.000523945 0.00126594 0.000295447 7.07651e-08 -1 1.96528e+07 6565.58 996483 6597.64 3.42894e-09 0.00287931 222056 222056 2.25801e+07 0.292049 0.000143025 0.433461 0.266761 0.00277367 4.93061e-05 2.12374e-07 0.000697616 0.00147562 0.000183623 0.00240563
 -0.00719523 3.63174e-06 4.57338e-12 0.0748189 6.01546 0.390011 222052 2037.97 0.000175701 0.342581 0.0743446 0 0.431704 0.000222798 0.332506 0.228832 0.00448961 7.7967e-05 3.60903e-07 0.000561541 0.00129989 0.000306567 7.36814e-08 -1 1.9949e+07 6625.09 1.01224e+06 6667.49 3.48364e-09 0.00295788 222053 222053 2.29169e+07 0.286031 0.000129232 0.440612 0.265464 0.00277711 5.1659e-05 2.09343e-07 0.000744142 0.00150803 0.000189634 0.00249294
 -0.00719586 3.63185e-06 4.6303e-12 0.0743044 6.1183 0.393227 222050 2044.96 0.00017648 0.344524 0.0749669 0 0.428161 0.000212468 0.336018 0.228815 0.00450293 7.99904e-05 3.60035e-07 0.000581508 0.00131732 0.000312147 7.52029e-08 -1 2.00989e+07 6654.99 1.02027e+06 6702.54 3.51126e-09 0.00299807 222051 222051 2.30873e+07 0.283007 0.000122946 0.444203 0.264811 0.0027787 5.28733e-05 2.08341e-07 0.000768763 0.00152461 0.000192625 0.00253834
 -0.00719651 3.63197e-06 4.68792e-12 0.0737929 6.22304 0.396463 222049 2051.96 0.000177263 0.34648 0.0755985 0 0.424589 0.000202747 0.339557 0.228797 0.00451615 8.2063e-05 3.59738e-07 0.000602303 0.00133508 0.000317733 7.67688e-08 -1 2.025e+07 6684.98 1.02839e+06 6737.67 3.53904e-09 0.00303887 222050 222050 2.32591e+07 0.279972 0.000117039 0.447805 0.264155 0.00278016 5.41131e-05 2.07669e-07 0.000794343 0.00154145 0.000195602 0.00258498
 -0.00719781 3.63221e-06 4.80534e-12 0.0727787 6.43833 0.402998 222045 2066.05 0.000178839 0.350425 0.0768904 0 0.417361 0.000185005 0.34672 0.228758 0.00454206 8.63585e-05 3.60812e-07 0.000646536 0.00137156 0.000328908 8.00408e-08 -1 2.05559e+07 6745.22 1.04495e+06 6808.19 3.59514e-09 0.00312235 222047 222047 2.36069e+07 0.273875 0.000106281 0.455039 0.262832 0.00278259 5.66701e-05 2.07281e-07 0.000848554 0.00157591 0.000201502 0.00268211
 -0.00719848 3.63234e-06 4.86515e-12 0.0722761 6.54896 0.406297 222044 2073.13 0.000179633 0.352415 0.0775511 0 0.413704 0.000176925 0.350343 0.228738 0.00455466 8.85828e-05 3.62159e-07 0.000670056 0.00139031 0.000334487 8.17505e-08 -1 2.07106e+07 6775.47 1.05339e+06 6843.57 3.62346e-09 0.00316504 222046 222046 2.37828e+07 0.270811 0.000101391 0.458671 0.262167 0.00278349 5.79876e-05 2.07547e-07 0.000877275 0.00159355 0.000204419 0.00273271
 -0.00719915 3.63246e-06 4.92571e-12 0.0717764 6.66162 0.409616 222042 2080.24 0.00018043 0.354416 0.0782219 0 0.410017 0.000169335 0.353994 0.228717 0.00456695 9.08589e-05 3.64029e-07 0.000694573 0.00140941 0.000340052 8.35119e-08 -1 2.08666e+07 6805.8 1.06193e+06 6879.04 3.65195e-09 0.00320838 222044 222044 2.39601e+07 0.267739 9.68029e-05 0.462312 0.261499 0.00278415 5.93314e-05 2.08106e-07 0.000907139 0.00161147 0.000207309 0.00278473
 -0.00720053 3.63271e-06 5.0491e-12 0.0707858 6.89318 0.416319 222039 2094.53 0.000182034 0.358454 0.0795948 0 0.402558 0.000155518 0.36138 0.228673 0.0045904 9.55688e-05 3.69293e-07 0.000746785 0.00144869 0.000351122 8.71986e-08 -1 2.11822e+07 6866.73 1.07937e+06 6950.21 3.70946e-09 0.00329703 222041 222041 2.4319e+07 0.261566 8.84635e-05 0.469621 0.260153 0.00278458 6.20979e-05 2.10069e-07 0.000970498 0.00164818 0.000212998 0.00289326
 -0.00720122 3.63284e-06 5.11196e-12 0.070295 7.01216 0.419701 222038 2101.71 0.000182841 0.36049 0.0802972 0 0.398785 0.000149239 0.365116 0.22865 0.00460145 9.80035e-05 3.7266e-07 0.000774582 0.00146889 0.000356615 8.91282e-08 -1 2.13419e+07 6897.31 1.08826e+06 6985.92 3.73849e-09 0.00334237 222039 222039 2.45006e+07 0.258466 8.46797e-05 0.473288 0.259477 0.0027843 6.35206e-05 2.11455e-07 0.0010041 0.00166699 0.000215789 0.00294989
 -0.00720193 3.63297e-06 5.17559e-12 0.0698071 7.13332 0.423106 222036 2108.92 0.000183651 0.362537 0.0810105 0 0.394982 0.000143349 0.36888 0.228627 0.00461199 0.000100492 3.76501e-07 0.000803578 0.00148948 0.000362072 9.11185e-08 -1 2.15029e+07 6927.97 1.09727e+06 7021.71 3.76769e-09 0.00338839 222038 222038 2.46837e+07 0.255357 8.11328e-05 0.476963 0.258798 0.00278365 6.49696e-05 2.13096e-07 0.00103907 0.0016861 0.00021854 0.00300817
 -0.00720338 3.63324e-06 5.30526e-12 0.0688401 7.38234 0.42998 222033 2123.41 0.000185281 0.366664 0.082471 0 0.387289 0.000132641 0.376492 0.228579 0.00463131 0.000105631 3.85547e-07 0.000865405 0.00153186 0.000372855 9.52911e-08 -1 2.18287e+07 6989.53 1.11566e+06 7093.52 3.82664e-09 0.00348253 222035 222035 2.50541e+07 0.249114 7.46919e-05 0.484338 0.257432 0.00278114 6.79455e-05 2.1711e-07 0.00111334 0.00172528 0.000223907 0.00312998
 -0.00720411 3.63338e-06 5.37132e-12 0.0683609 7.51027 0.433452 222031 2130.7 0.000186101 0.368744 0.0832186 0 0.383398 0.000127781 0.38034 0.228555 0.00463998 0.000108281 3.90726e-07 0.000898359 0.00155367 0.000378168 9.74788e-08 -1 2.19936e+07 7020.42 1.12505e+06 7129.55 3.85638e-09 0.00353066 222033 222033 2.52415e+07 0.24598 7.17709e-05 0.488036 0.256745 0.00277922 6.94721e-05 2.19463e-07 0.00115278 0.00174537 0.000226516 0.00319364
 -0.00720485 3.63351e-06 5.43819e-12 0.0678848 7.64055 0.436947 222030 2138 0.000186924 0.370835 0.0839781 0 0.379478 0.000123223 0.384217 0.22853 0.00464794 0.000110986 3.96322e-07 0.000932762 0.00157591 0.000383419 9.97378e-08 -1 2.21597e+07 7051.39 1.13458e+06 7165.66 3.8863e-09 0.00357952 222032 222032 2.54304e+07 0.242838 6.90325e-05 0.491741 0.256056 0.00277681 7.1024e-05 2.22033e-07 0.00119384 0.00176579 0.00022907 0.00325923
 -0.00720561 3.63365e-06 5.5059e-12 0.0674115 7.7732 0.440467 222028 2145.34 0.00018775 0.372937 0.0847497 0 0.375529 0.000118948 0.388122 0.228505 0.00465512 0.000113744 4.02322e-07 0.000968684 0.00159859 0.000388603 1.02071e-07 -1 2.23272e+07 7082.42 1.14423e+06 7201.85 3.91641e-09 0.00362911 222030 222030 2.56208e+07 0.239688 6.64648e-05 0.495452 0.255365 0.0027739 7.26008e-05 2.24811e-07 0.00123661 0.00178656 0.000231565 0.00332685
 -0.00720637 3.63379e-06 5.57446e-12 0.0669412 7.90828 0.444014 222026 2152.7 0.000188579 0.375049 0.0855336 0 0.37155 0.000114937 0.392055 0.22848 0.00466149 0.000116557 4.0871e-07 0.0010062 0.00162172 0.000393712 1.04482e-07 -1 2.2496e+07 7113.53 1.15403e+06 7238.12 3.94669e-09 0.00367945 222028 222028 2.58128e+07 0.236531 6.40563e-05 0.499169 0.254672 0.00277046 7.4202e-05 2.27785e-07 0.00128115 0.00180769 0.000233999 0.00339656
 -0.00720792 3.63408e-06 5.71416e-12 0.0660092 8.18589 0.451194 222023 2167.49 0.000190246 0.379305 0.0871397 0 0.363503 0.00010764 0.400006 0.228429 0.00467155 0.00012234 4.22591e-07 0.00108632 0.00166938 0.000403681 1.0955e-07 -1 2.28376e+07 7175.94 1.17405e+06 7310.89 4.00779e-09 0.0037824 222025 222025 2.62011e+07 0.230194 5.96747e-05 0.50662 0.253279 0.00276187 7.74753e-05 2.34285e-07 0.00137591 0.00185104 0.000238664 0.00354263
 -0.00720871 3.63423e-06 5.78532e-12 0.0655476 8.3285 0.454831 222021 2174.93 0.000191084 0.381449 0.0879623 0 0.359436 0.000104321 0.404024 0.228403 0.00467516 0.00012531 4.30052e-07 0.0011291 0.00169393 0.000408526 1.12215e-07 -1 2.30104e+07 7207.24 1.18428e+06 7347.4 4.03861e-09 0.00383503 222023 222023 2.63976e+07 0.227015 5.76815e-05 0.510353 0.252579 0.00275667 7.91458e-05 2.3779e-07 0.0014263 0.00187329 0.000240889 0.00361917
 -0.00720951 3.63437e-06 5.85736e-12 0.0650889 8.47372 0.458504 222019 2182.39 0.000191924 0.383602 0.0887983 0 0.355339 0.000101202 0.40807 0.228377 0.00467775 0.000128331 4.37838e-07 0.0011738 0.00171898 0.000413268 1.14971e-07 -1 2.31846e+07 7238.61 1.19466e+06 7383.98 4.06961e-09 0.00388845 222022 222022 2.65957e+07 0.223829 5.58077e-05 0.514089 0.251877 0.00275085 8.08379e-05 2.4145e-07 0.00147883 0.00189593 0.000243036 0.00369817
 -0.00721032 3.63452e-06 5.93031e-12 0.0646331 8.6216 0.462213 222018 2189.88 0.000192768 0.385766 0.089648 0 0.351213 9.82679e-05 0.412143 0.228351 0.00467928 0.000131402 4.45932e-07 0.00122053 0.00174455 0.000417902 1.17823e-07 -1 2.33602e+07 7270.03 1.2052e+06 7420.65 4.10079e-09 0.00394268 222020 222020 2.67953e+07 0.220638 5.40446e-05 0.51783 0.251174 0.00274438 8.25506e-05 2.45255e-07 0.00153358 0.00191898 0.000245102 0.00377975
 -0.00721115 3.63468e-06 6.00417e-12 0.0641802 8.77223 0.465961 222016 2197.39 0.000193613 0.387939 0.0905116 0 0.347057 9.55059e-05 0.416244 0.228325 0.00467971 0.000134522 4.54319e-07 0.00126938 0.00177065 0.000422419 1.20774e-07 -1 2.35371e+07 7301.52 1.2159e+06 7457.39 4.13214e-09 0.00399774 222018 222018 2.69964e+07 0.21744 5.23841e-05 0.521573 0.250469 0.00273723 8.42827e-05 2.49194e-07 0.00159066 0.00194243 0.000247084 0.00386401
 -0.00721198 3.63483e-06 6.07895e-12 0.0637302 8.92569 0.469752 222014 2204.93 0.000194462 0.390121 0.0913895 0 0.342873 9.29031e-05 0.420373 0.228299 0.00467898 0.000137689 4.62979e-07 0.00132046 0.00179728 0.000426814 1.23831e-07 -1 2.37155e+07 7333.06 1.22676e+06 7494.22 4.16368e-09 0.00405365 222017 222017 2.71992e+07 0.214236 5.08184e-05 0.52532 0.249762 0.0027294 8.60331e-05 2.53256e-07 0.00165018 0.00196631 0.000248978 0.00395106
 -0.00721282 3.63498e-06 6.15467e-12 0.063283 9.08242 0.473572 222012 2212.5 0.000195313 0.392313 0.092282 0 0.338659 9.04472e-05 0.424529 0.228273 0.00467707 0.000140901 4.71896e-07 0.00137388 0.00182447 0.000431077 1.26996e-07 -1 2.38952e+07 7364.66 1.23778e+06 7531.13 4.19539e-09 0.00411062 222015 222015 2.74035e+07 0.211026 4.93403e-05 0.529068 0.249053 0.00272084 8.78004e-05 2.57431e-07 0.00171226 0.00199062 0.00025078 0.00404102
 -0.00721367 3.63514e-06 6.23134e-12 0.0628389 9.24272 0.477396 222011 2220.1 0.000196166 0.394514 0.0931892 0 0.334416 8.81271e-05 0.428712 0.228247 0.00467392 0.000144157 4.81052e-07 0.00142975 0.00185223 0.000435204 1.30276e-07 -1 2.40763e+07 7396.31 1.24897e+06 7568.12 4.22728e-09 0.00416875 222013 222013 2.76094e+07 0.207812 4.79429e-05 0.532818 0.248342 0.00271156 8.95833e-05 2.61706e-07 0.00177701 0.00201537 0.000252488 0.00413401
 -0.00721453 3.6353e-06 6.30896e-12 0.062398 9.40184 0.481245 222011 2227.72 0.000197022 0.396724 0.0941116 0 0.330145 8.59319e-05 0.432922 0.228222 0.00466949 0.000147454 4.90428e-07 0.00148819 0.00188057 0.000439187 1.33674e-07 -1 2.42589e+07 7428.02 1.26034e+06 7605.19 4.25935e-09 0.00422591 222013 222013 2.78169e+07 0.204592 4.66199e-05 0.536568 0.24763 0.00270154 9.13801e-05 2.66072e-07 0.00184455 0.00204057 0.000254096 0.00423017
 -0.00721541 3.63546e-06 6.38755e-12 0.0619606 9.56469 0.484748 222012 2235.37 0.000197879 0.398942 0.0950489 0 0.325847 8.3852e-05 0.437157 0.228196 0.00466374 0.000150789 5.00001e-07 0.00154929 0.0019095 0.000443017 1.37195e-07 -1 2.44428e+07 7459.77 1.27187e+06 7642.32 4.2916e-09 0.00428428 222015 222015 2.80259e+07 0.20137 4.53656e-05 0.540317 0.246917 0.00269074 9.31877e-05 2.70515e-07 0.00191497 0.00206623 0.000255603 0.00432957
 -0.00721629 3.63563e-06 6.46713e-12 0.0615257 9.73388 0.487838 222012 2243.04 0.000198738 0.401168 0.0960014 0 0.321522 8.1878e-05 0.441416 0.22817 0.00465663 0.000154157 5.09752e-07 0.00161319 0.00193903 0.000446688 1.40843e-07 -1 2.4628e+07 7491.56 1.28359e+06 7679.52 4.32403e-09 0.00434503 222015 222015 2.82365e+07 0.198145 4.41745e-05 0.544064 0.246203 0.00267917 9.50045e-05 2.75024e-07 0.0019884 0.00209235 0.000257004 0.00443235
 -0.00721718 3.63579e-06 6.5477e-12 0.0610933 9.90344 0.491044 222010 2250.75 0.0001996 0.403401 0.0969699 0 0.31717 8.00006e-05 0.4457 0.228144 0.00464813 0.000157559 5.19666e-07 0.00168006 0.0019692 0.000450194 1.44627e-07 -1 2.48147e+07 7523.4 1.29548e+06 7716.81 4.35664e-09 0.00440548 222013 222013 2.84487e+07 0.194916 4.30409e-05 0.547809 0.245487 0.00266681 9.68296e-05 2.79589e-07 0.00206503 0.00211896 0.000258298 0.00453872
 -0.00721809 3.63596e-06 6.62928e-12 0.0606636 10.0769 0.494356 222008 2258.48 0.000200463 0.405642 0.0979547 0 0.312789 7.82113e-05 0.45001 0.228119 0.00463821 0.000160991 5.29724e-07 0.00175005 0.00200001 0.00045353 1.48554e-07 -1 2.50028e+07 7555.28 1.30757e+06 7754.18 4.38942e-09 0.00446719 222011 222011 2.86625e+07 0.191684 4.196e-05 0.551552 0.24477 0.00265363 9.86611e-05 2.84199e-07 0.00214502 0.00214607 0.00025948 0.00464883
 -0.00721901 3.63613e-06 6.71187e-12 0.0602368 10.2538 0.497752 222006 2266.23 0.000201328 0.407891 0.0989561 0 0.308381 7.65024e-05 0.454345 0.228093 0.00462683 0.000164451 5.39905e-07 0.00182332 0.00203149 0.000456689 1.52629e-07 -1 2.51924e+07 7587.21 1.31984e+06 7791.63 4.42237e-09 0.00452993 222009 222009 2.8878e+07 0.188449 4.09273e-05 0.555293 0.244051 0.00263965 0.000100496 2.88844e-07 0.00222851 0.00217369 0.00026055 0.00476286
 -0.00721994 3.6363e-06 6.7955e-12 0.0598129 10.434 0.501212 222004 2274.02 0.000202195 0.410147 0.0999745 0 0.303946 7.48667e-05 0.458705 0.228068 0.00461396 0.000167934 5.5019e-07 0.00190003 0.00206366 0.000459664 1.56859e-07 -1 2.53834e+07 7619.19 1.33231e+06 7829.17 4.45549e-09 0.00459362 222007 222007 2.90951e+07 0.185212 3.99386e-05 0.559029 0.243331 0.00262483 0.000102333 2.9351e-07 0.00231568 0.00220184 0.000261503 0.00488097
 -0.00722088 3.63647e-06 6.88018e-12 0.0593918 10.6173 0.504723 222002 2281.84 0.000203064 0.412411 0.10101 0 0.299485 7.32974e-05 0.463088 0.228043 0.00459957 0.000171435 5.60558e-07 0.00198034 0.00209653 0.000462451 1.61251e-07 -1 2.55759e+07 7651.21 1.34498e+06 7866.79 4.48879e-09 0.00465822 222006 222006 2.93139e+07 0.181972 3.89899e-05 0.562761 0.242611 0.00260918 0.000104169 2.98189e-07 0.00240668 0.00223053 0.000262338 0.00500334
 -0.00722183 3.63665e-06 6.96592e-12 0.0589735 10.804 0.508278 222000 2289.69 0.000203934 0.41468 0.102063 0 0.294997 7.17883e-05 0.467495 0.228018 0.00458364 0.000174952 5.70991e-07 0.00206445 0.00213012 0.000465043 1.65814e-07 -1 2.57699e+07 7683.27 1.35786e+06 7904.5 4.52226e-09 0.00472375 222004 222004 2.95343e+07 0.178732 3.80776e-05 0.566488 0.241889 0.00259269 0.000106001 3.02868e-07 0.0025017 0.00225978 0.000263052 0.00513016
 -0.00722279 3.63683e-06 7.05273e-12 0.058558 10.9939 0.51187 221999 2297.57 0.000204805 0.416956 0.103134 0 0.290483 7.03335e-05 0.471924 0.227993 0.00456613 0.000178479 5.81467e-07 0.00215252 0.00216445 0.000467435 1.70554e-07 -1 2.59653e+07 7715.38 1.37094e+06 7942.29 4.5559e-09 0.00479021 222002 222002 2.97564e+07 0.17549 3.71985e-05 0.570208 0.241166 0.00257535 0.000107827 3.07536e-07 0.00260092 0.00228959 0.000263644 0.00526161
 -0.00722377 3.63701e-06 7.14062e-12 0.0581453 11.1873 0.515495 221997 2305.48 0.000205678 0.419238 0.104224 0 0.285944 6.89277e-05 0.476375 0.227969 0.00454703 0.000182011 5.91968e-07 0.00224477 0.00219955 0.000469624 1.7548e-07 -1 2.61622e+07 7747.53 1.38423e+06 7980.17 4.5897e-09 0.00485763 222000 222000 2.99802e+07 0.172248 3.63495e-05 0.573921 0.240442 0.00255715 0.000109643 3.12184e-07 0.00270453 0.00231998 0.000264111 0.00539791
 -0.00722476 3.63719e-06 7.22962e-12 0.0577355 11.3841 0.519152 221995 2313.42 0.000206551 0.421525 0.105332 0 0.28138 6.75659e-05 0.480848 0.227944 0.00452631 0.000185544 6.02473e-07 0.0023414 0.00223543 0.000471603 1.806e-07 -1 2.63606e+07 7779.72 1.39774e+06 8018.14 4.62368e-09 0.004926 221998 221998 3.02057e+07 0.169005 3.55278e-05 0.577625 0.239717 0.0025381 0.000111446 3.168e-07 0.00281275 0.00235097 0.000264453 0.00553926
 -0.00722576 3.63737e-06 7.31973e-12 0.0573283 11.5844 0.522838 221993 2321.39 0.000207426 0.423818 0.106458 0 0.276791 6.62436e-05 0.485341 0.22792 0.00450395 0.000189071 6.12963e-07 0.00244261 0.00227211 0.000473369 1.85924e-07 -1 2.65604e+07 7811.95 1.41147e+06 8056.2 4.65782e-09 0.00499535 221997 221997 3.04328e+07 0.165764 3.47307e-05 0.581319 0.238991 0.00251819 0.000113232 3.21375e-07 0.00292577 0.00238257 0.000264668 0.00568589
 -0.00722677 3.63756e-06 7.41096e-12 0.056924 11.7882 0.526553 221991 2329.39 0.000208301 0.426115 0.107604 0 0.27218 6.49565e-05 0.489853 0.227895 0.00447994 0.000192586 6.2342e-07 0.00254864 0.00230962 0.000474919 1.9146e-07 -1 2.67617e+07 7844.23 1.42542e+06 8094.35 4.69212e-09 0.0050657 221995 221995 3.06616e+07 0.162524 3.3956e-05 0.585003 0.238265 0.00249742 0.000115 3.25898e-07 0.00304382 0.00241479 0.000264756 0.00583803
 -0.00722779 3.63775e-06 7.50334e-12 0.0565224 11.9958 0.530294 221989 2337.43 0.000209178 0.428417 0.108769 0 0.267546 6.3701e-05 0.494384 0.227871 0.00445426 0.000196085 6.33824e-07 0.00265973 0.00234798 0.000476249 1.97219e-07 -1 2.69646e+07 7876.54 1.4396e+06 8132.58 4.72659e-09 0.00513704 221993 221993 3.08921e+07 0.159286 3.32016e-05 0.588675 0.237538 0.00247578 0.000116744 3.30361e-07 0.00316712 0.00244767 0.000264715 0.00599592
 -0.00722883 3.63794e-06 7.59688e-12 0.0561236 12.207 0.534062 221987 2345.5 0.000210055 0.430723 0.109954 0 0.262889 6.24734e-05 0.498933 0.227847 0.00442691 0.00019956 6.44158e-07 0.00277611 0.00238722 0.000477357 2.03211e-07 -1 2.71689e+07 7908.91 1.45401e+06 8170.91 4.76122e-09 0.00520941 221991 221991 3.11243e+07 0.156051 3.24654e-05 0.592333 0.23681 0.0024533 0.000118461 3.34754e-07 0.00329593 0.0024812 0.000264546 0.00615981
 -0.00722988 3.63814e-06 7.69158e-12 0.0557274 12.422 0.537855 221985 2353.6 0.000210932 0.433032 0.111159 0 0.258212 6.12707e-05 0.503498 0.227823 0.00439786 0.000203004 6.54404e-07 0.00289805 0.00242735 0.00047824 2.09447e-07 -1 2.73747e+07 7941.32 1.46866e+06 8209.33 4.79601e-09 0.0052828 221989 221989 3.13581e+07 0.152819 3.17458e-05 0.595977 0.236081 0.00242996 0.000120148 3.39068e-07 0.00343048 0.00251542 0.000264248 0.00632997
 -0.00723094 3.63833e-06 7.78747e-12 0.055334 12.6408 0.541672 221983 2361.74 0.000211809 0.435344 0.112385 0 0.253514 6.009e-05 0.508079 0.227799 0.00436712 0.000206412 6.64545e-07 0.00302581 0.0024684 0.000478896 2.15938e-07 -1 2.75819e+07 7973.77 1.48355e+06 8247.84 4.83095e-09 0.00535724 221987 221987 3.15937e+07 0.149591 3.10412e-05 0.599605 0.235353 0.00240578 0.0001218 3.43296e-07 0.00357103 0.00255033 0.000263821 0.00650667
 -0.00723202 3.63853e-06 7.88457e-12 0.0549433 12.8635 0.545512 221981 2369.91 0.000212687 0.437658 0.113631 0 0.248797 5.89287e-05 0.512673 0.227776 0.00433467 0.000209775 6.74565e-07 0.00315969 0.0025104 0.000479326 2.22695e-07 -1 2.77907e+07 8006.27 1.49868e+06 8286.44 4.86606e-09 0.00543274 221985 221985 3.18309e+07 0.146369 3.03502e-05 0.603216 0.234624 0.00238075 0.000123414 3.47429e-07 0.00371786 0.00258596 0.000263267 0.0066902
 -0.00723311 3.63873e-06 7.98287e-12 0.0545553 13.0903 0.549376 221979 2378.11 0.000213565 0.439975 0.114898 0 0.244063 5.77846e-05 0.51728 0.227752 0.00430053 0.000213087 6.84449e-07 0.00329996 0.00255338 0.000479527 2.29732e-07 -1 2.80009e+07 8038.83 1.51407e+06 8325.13 4.90132e-09 0.00550932 221984 221984 3.20699e+07 0.143152 2.96715e-05 0.606807 0.233894 0.0023549 0.000124986 3.5146e-07 0.00387124 0.00262233 0.000262586 0.00688085
 -0.00723422 3.63894e-06 8.08241e-12 0.0541699 13.321 0.553261 221977 2386.36 0.000214442 0.442293 0.116187 0 0.23931 5.66557e-05 0.521899 0.227728 0.00426468 0.00021634 6.94184e-07 0.00344694 0.00259736 0.000479501 2.3706e-07 -1 2.82126e+07 8071.44 1.5297e+06 8363.92 4.93674e-09 0.00558698 221982 221982 3.23105e+07 0.139941 2.9004e-05 0.610379 0.233164 0.00232823 0.000126511 3.55383e-07 0.00403147 0.00265945 0.00026178 0.00707893
 -0.00723533 3.63914e-06 8.1832e-12 0.0537871 13.5559 0.557167 221975 2394.63 0.000215319 0.444612 0.117496 0 0.234543 5.55401e-05 0.526527 0.227704 0.00422714 0.000219526 7.03754e-07 0.00360095 0.00264237 0.000479247 2.44693e-07 -1 2.84258e+07 8104.1 1.5456e+06 8402.8 4.9723e-09 0.00566575 221980 221980 3.25528e+07 0.136738 2.83469e-05 0.613928 0.232435 0.00230075 0.000127986 3.59193e-07 0.00419886 0.00269735 0.00026085 0.00728476
 -0.00723646 3.63935e-06 8.28525e-12 0.053407 13.7951 0.561094 221973 2402.95 0.000216196 0.446932 0.118828 0 0.22976 5.44362e-05 0.531164 0.227681 0.00418792 0.000222638 7.1315e-07 0.00376232 0.00268845 0.000478767 2.52646e-07 -1 2.86404e+07 8136.83 1.56175e+06 8441.77 5.00802e-09 0.00574564 221978 221978 3.27968e+07 0.133543 2.76992e-05 0.617454 0.231705 0.00227248 0.000129406 3.62883e-07 0.0043737 0.00273606 0.000259797 0.00749868
 -0.00723761 3.63956e-06 8.38858e-12 0.0530295 14.0384 0.56504 221971 2411.3 0.000217072 0.449251 0.120182 0 0.224964 5.33428e-05 0.535807 0.227657 0.00414701 0.000225668 7.22359e-07 0.0039314 0.00273562 0.000478063 2.60932e-07 -1 2.88565e+07 8169.61 1.57818e+06 8480.83 5.04388e-09 0.00582666 221976 221976 3.30424e+07 0.130357 2.70601e-05 0.620955 0.230975 0.00224344 0.000130767 3.6645e-07 0.00455633 0.00277558 0.000258625 0.00772103
 -0.00723877 3.63978e-06 8.4932e-12 0.0526545 14.2862 0.569004 221969 2419.69 0.000217947 0.45157 0.121558 0 0.220157 5.22587e-05 0.540454 0.227633 0.00410445 0.000228607 7.31372e-07 0.00410854 0.00278391 0.000477137 2.69567e-07 -1 2.90741e+07 8202.47 1.59487e+06 8519.99 5.07988e-09 0.00590883 221974 221974 3.32898e+07 0.127182 2.64292e-05 0.624428 0.230245 0.00221363 0.000132066 3.69889e-07 0.00474709 0.00281596 0.000257336 0.00795218
 -0.00723994 3.64e-06 8.59913e-12 0.0522821 14.5384 0.572987 221967 2428.11 0.000218821 0.453888 0.122957 0 0.215339 5.11828e-05 0.545105 0.227609 0.00406023 0.000231449 7.40183e-07 0.00429413 0.00283337 0.000475992 2.78567e-07 -1 2.92931e+07 8235.41 1.61184e+06 8559.24 5.11603e-09 0.00599217 221972 221972 3.35388e+07 0.124018 2.58058e-05 0.627872 0.229515 0.00218307 0.000133298 3.73198e-07 0.00494633 0.0028572 0.000255932 0.0081925
 -0.00724113 3.64021e-06 8.70639e-12 0.0519122 14.7951 0.576987 221964 2436.58 0.000219694 0.456204 0.124378 0 0.210513 5.01145e-05 0.549756 0.227584 0.00401439 0.000234184 7.48782e-07 0.00448855 0.00288402 0.000474632 2.87947e-07 -1 2.95135e+07 8268.42 1.62909e+06 8598.59 5.15232e-09 0.00607669 221970 221970 3.37894e+07 0.120866 2.51896e-05 0.631285 0.228786 0.0021518 0.00013446 3.76375e-07 0.00515441 0.00289935 0.000254418 0.00844237
 -0.00724234 3.64044e-06 8.815e-12 0.0515448 15.0564 0.581003 221962 2445.09 0.000220566 0.458518 0.125823 0 0.205679 4.90529e-05 0.554406 0.227559 0.00396694 0.000236806 7.57167e-07 0.00469221 0.00293589 0.000473062 2.97725e-07 -1 2.97354e+07 8301.52 1.64663e+06 8638.03 5.18875e-09 0.00616241 221968 221968 3.40417e+07 0.117728 2.45801e-05 0.634666 0.228057 0.00211982 0.000135547 3.79418e-07 0.00537169 0.00294242 0.000252795 0.0087022
 -0.00724355 3.64066e-06 8.92497e-12 0.0511798 15.3225 0.585034 221960 2453.64 0.000221436 0.460828 0.127291 0 0.200841 4.79977e-05 0.559052 0.227534 0.00391792 0.000239307 7.65334e-07 0.00490552 0.00298904 0.000471285 3.07919e-07 -1 2.99587e+07 8334.72 1.66445e+06 8677.56 5.22531e-09 0.00624934 221966 221966 3.42956e+07 0.114604 2.39772e-05 0.638011 0.227329 0.00208717 0.000136556 3.82328e-07 0.00559857 0.00298644 0.000251069 0.00897239
 -0.00724479 3.64089e-06 9.03631e-12 0.0508173 15.5933 0.58908 221958 2462.23 0.000222304 0.463135 0.128782 0 0.196 4.69484e-05 0.563693 0.227509 0.00386734 0.000241679 7.73281e-07 0.00512892 0.00304349 0.000469308 3.18547e-07 -1 3.01833e+07 8368.01 1.68256e+06 8717.18 5.262e-09 0.00633751 221964 221964 3.45512e+07 0.111495 2.33805e-05 0.641319 0.226601 0.00205386 0.000137483 3.85104e-07 0.00583545 0.00303145 0.000249243 0.00925338
 -0.00724604 3.64112e-06 9.14906e-12 0.0504572 15.869 0.593141 221956 2470.86 0.000223171 0.465438 0.130297 0 0.191157 4.59047e-05 0.568325 0.227483 0.00381525 0.000243914 7.81008e-07 0.00536285 0.00309929 0.000467136 3.29627e-07 -1 3.04094e+07 8401.42 1.70097e+06 8756.89 5.29883e-09 0.00642693 221962 221962 3.48084e+07 0.108404 2.279e-05 0.644587 0.225874 0.00201992 0.000138325 3.87749e-07 0.00608273 0.00307747 0.000247322 0.00954561
 -0.0072473 3.64135e-06 9.26321e-12 0.0500994 16.1496 0.597214 221954 2479.53 0.000224035 0.467736 0.131835 0 0.186315 4.48666e-05 0.572945 0.227457 0.00376168 0.000246007 7.88518e-07 0.00560779 0.00315648 0.000464777 3.41179e-07 -1 3.06368e+07 8434.95 1.71968e+06 8796.69 5.33578e-09 0.00651762 221960 221960 3.50672e+07 0.105331 2.22056e-05 0.647814 0.225148 0.00198539 0.000139079 3.90264e-07 0.00634083 0.00312454 0.00024531 0.00984953
 -0.00724858 3.64159e-06 9.3788e-12 0.049744 16.4353 0.601301 221951 2488.25 0.000224897 0.470029 0.133397 0 0.181476 4.3834e-05 0.577552 0.22743 0.00370666 0.000247949 7.95814e-07 0.00586421 0.00321509 0.000462237 3.53224e-07 -1 3.08656e+07 8468.61 1.7387e+06 8836.58 5.37285e-09 0.0066096 221958 221958 3.53276e+07 0.102277 2.16272e-05 0.650996 0.224423 0.00195028 0.000139742 3.92653e-07 0.00661019 0.00317269 0.000243213 0.0101656
 -0.00724988 3.64183e-06 9.49584e-12 0.0493909 16.7262 0.605399 221949 2497.01 0.000225757 0.472315 0.134983 0 0.176643 4.28068e-05 0.582143 0.227402 0.00365024 0.000249736 8.02903e-07 0.0061326 0.00327519 0.000459524 3.65782e-07 -1 3.10956e+07 8502.41 1.75802e+06 8876.56 5.41004e-09 0.00670288 221956 221956 3.55895e+07 0.0992439 2.10548e-05 0.654132 0.223699 0.00191462 0.000140312 3.9492e-07 0.00689125 0.00322196 0.000241034 0.0104943
 -0.00725119 3.64207e-06 9.61434e-12 0.04904 17.0224 0.609509 221947 2505.82 0.000226614 0.474595 0.136593 0 0.171818 4.17854e-05 0.586714 0.227374 0.00359246 0.00025136 8.09792e-07 0.00641347 0.00333681 0.000456645 3.78875e-07 -1 3.1327e+07 8536.36 1.77766e+06 8916.63 5.44734e-09 0.00679749 221954 221954 3.5853e+07 0.096233 2.04885e-05 0.657219 0.222976 0.00187846 0.000140786 3.9707e-07 0.00718446 0.00327238 0.00023878 0.0108362
 -0.00725251 3.64232e-06 9.73434e-12 0.0486914 17.3239 0.613629 221945 2514.68 0.000227468 0.476867 0.138228 0 0.167004 4.07697e-05 0.591262 0.227345 0.00353337 0.000252818 8.16492e-07 0.00670734 0.00340001 0.000453611 3.92525e-07 -1 3.15597e+07 8570.48 1.79762e+06 8956.77 5.48476e-09 0.00689344 221952 221952 3.61181e+07 0.0932456 1.99284e-05 0.660255 0.222254 0.00184182 0.000141162 3.9911e-07 0.0074903 0.00332399 0.000236455 0.0111917
 -0.00725386 3.64257e-06 9.85583e-12 0.0483449 17.6309 0.617759 221943 2523.58 0.00022832 0.479131 0.139886 0 0.162203 3.97602e-05 0.595784 0.227315 0.00347302 0.000254103 8.23014e-07 0.00701475 0.00346484 0.000450428 4.06756e-07 -1 3.17937e+07 8604.77 1.81789e+06 8997 5.52229e-09 0.00699076 221950 221950 3.63846e+07 0.0902831 1.93744e-05 0.663236 0.221534 0.00180473 0.000141438 4.01047e-07 0.00780923 0.00337683 0.000234066 0.0115614
 -0.00725522 3.64282e-06 9.97886e-12 0.0480006 17.9435 0.621898 221940 2532.53 0.000229168 0.481386 0.141569 0 0.157417 3.8757e-05 0.600277 0.227284 0.00341146 0.000255213 8.29371e-07 0.00733624 0.00353135 0.000447108 4.21589e-07 -1 3.20288e+07 8639.27 1.83849e+06 9037.31 5.55992e-09 0.00708947 221948 221948 3.66527e+07 0.0873472 1.88269e-05 0.66616 0.220815 0.00176723 0.000141614 4.02889e-07 0.00814174 0.00343095 0.000231619 0.0119457
 -0.0072566 3.64307e-06 1.01034e-11 0.0476583 18.2618 0.626046 221938 2541.54 0.000230013 0.483632 0.143275 0 0.152651 3.77606e-05 0.604737 0.227252 0.00334876 0.000256143 8.3558e-07 0.00767239 0.00359959 0.000443659 4.3705e-07 -1 3.22652e+07 8673.97 1.85941e+06 9077.7 5.59766e-09 0.00718958 221946 221946 3.69222e+07 0.0844391 1.82859e-05 0.669024 0.220098 0.00172936 0.000141689 4.04644e-07 0.00848834 0.00348639 0.000229117 0.0123453
 -0.00725799 3.64333e-06 1.02296e-11 0.0473182 18.586 0.630203 221936 2550.59 0.000230854 0.485867 0.145006 0 0.147906 3.67714e-05 0.609161 0.227219 0.00328497 0.000256891 8.41659e-07 0.00802376 0.00366964 0.00044009 4.53164e-07 -1 3.25028e+07 8708.89 1.88067e+06 9118.16 5.63549e-09 0.00729112 221944 221944 3.71932e+07 0.0815606 1.77516e-05 0.671826 0.219382 0.00169115 0.000141661 4.06322e-07 0.00884951 0.00354319 0.000226569 0.0127607
 -0.00725941 3.64359e-06 1.03573e-11 0.04698 18.916 0.634368 221934 2559.69 0.000231692 0.488091 0.14676 0 0.143186 3.57898e-05 0.613545 0.227185 0.00322014 0.000257455 8.47626e-07 0.00839093 0.00374154 0.000436413 4.69954e-07 -1 3.27415e+07 8744.06 1.90226e+06 9158.69 5.67341e-09 0.00739411 221942 221942 3.74656e+07 0.0787131 1.72241e-05 0.674563 0.218669 0.00165264 0.000141532 4.07934e-07 0.00922577 0.00360141 0.000223979 0.0131925
 -0.00726084 3.64386e-06 1.04866e-11 0.0466438 19.2521 0.63854 221931 2568.85 0.000232526 0.490304 0.148538 0 0.138495 3.48163e-05 0.617885 0.227149 0.00315436 0.000257833 8.53504e-07 0.00877452 0.00381537 0.000432637 4.87448e-07 -1 3.29813e+07 8779.49 1.92419e+06 9199.28 5.71143e-09 0.00749857 221940 221940 3.77395e+07 0.0758983 1.67037e-05 0.677231 0.217957 0.00161386 0.000141301 4.0949e-07 0.00961765 0.0036611 0.000221353 0.0136412
 -0.00726228 3.64412e-06 1.06175e-11 0.0463095 19.5944 0.642718 221929 2578.06 0.000233356 0.492505 0.15034 0 0.133835 3.38513e-05 0.622178 0.227112 0.00308767 0.000258027 8.59315e-07 0.00917511 0.00389118 0.000428772 5.05671e-07 -1 3.32222e+07 8815.2 1.94647e+06 9239.94 5.74953e-09 0.00760453 221938 221938 3.80147e+07 0.0731178 1.61905e-05 0.679827 0.217248 0.00157486 0.00014097 4.11004e-07 0.0100257 0.00372232 0.000218698 0.0141074
 -0.00726375 3.64439e-06 1.07501e-11 0.0459771 19.943 0.646904 221927 2587.33 0.000234182 0.494692 0.152166 0 0.12921 3.28953e-05 0.626418 0.227073 0.00302016 0.000258036 8.65085e-07 0.00959334 0.00396906 0.000424829 5.2465e-07 -1 3.34641e+07 8851.2 1.96908e+06 9280.66 5.78771e-09 0.00771201 221936 221936 3.82912e+07 0.0703733 1.56848e-05 0.68235 0.216541 0.00153567 0.000140541 4.12488e-07 0.0104503 0.00378511 0.000216019 0.0145918
 -0.00726523 3.64467e-06 1.08844e-11 0.0456466 20.298 0.651095 221924 2596.65 0.000235003 0.496866 0.154015 0 0.124623 3.1949e-05 0.630602 0.227032 0.00295189 0.000257862 8.7084e-07 0.0100298 0.00404908 0.000420818 5.44413e-07 -1 3.3707e+07 8887.53 1.99204e+06 9321.44 5.82596e-09 0.00782103 221934 221934 3.8569e+07 0.0676663 1.51867e-05 0.684795 0.215837 0.00149635 0.000140014 4.13955e-07 0.0108922 0.00384953 0.000213321 0.0150949
 -0.00726674 3.64495e-06 1.10203e-11 0.0453178 20.6597 0.655292 221922 2606.03 0.00023582 0.499026 0.155886 0 0.120078 3.10128e-05 0.634726 0.22699 0.00288294 0.000257508 8.76607e-07 0.0104852 0.0041313 0.000416749 5.64986e-07 -1 3.39509e+07 8924.19 2.01536e+06 9362.27 5.86429e-09 0.00793163 221932 221932 3.88482e+07 0.0649986 1.46965e-05 0.68716 0.215135 0.00145691 0.000139393 4.15419e-07 0.0113518 0.00391566 0.000210611 0.0156173
 -0.00726826 3.64523e-06 1.1158e-11 0.0449908 21.028 0.659495 221920 2615.46 0.000236633 0.50117 0.157781 0 0.115578 3.00872e-05 0.638785 0.226946 0.00281339 0.000256976 8.82418e-07 0.01096 0.00421582 0.000412633 5.86398e-07 -1 3.41958e+07 8961.22 2.03902e+06 9403.14 5.90269e-09 0.00804382 221930 221930 3.91285e+07 0.0623719 1.42143e-05 0.689441 0.214435 0.00141742 0.00013868 4.16894e-07 0.0118296 0.00398356 0.000207893 0.0161596
 -0.0072698 3.64551e-06 1.12973e-11 0.0446656 21.4032 0.663703 221917 2624.96 0.00023744 0.503298 0.159698 0 0.111128 2.91727e-05 0.642776 0.226899 0.0027433 0.000256272 8.88301e-07 0.0114551 0.00430271 0.000408479 6.08676e-07 -1 3.44415e+07 8998.62 2.06305e+06 9444.06 5.94116e-09 0.00815763 221927 221927 3.94101e+07 0.0597878 1.37403e-05 0.691636 0.213739 0.0013779 0.000137879 4.18396e-07 0.0123263 0.00405328 0.000205174 0.0167225
 -0.00727136 3.6458e-06 1.14385e-11 0.044342 21.7853 0.667917 221915 2634.51 0.000238242 0.50541 0.161637 0 0.106731 2.82699e-05 0.646693 0.226851 0.00267277 0.000255401 8.94289e-07 0.0119709 0.00439206 0.000404296 6.3185e-07 -1 3.4688e+07 9036.44 2.08742e+06 9485.01 5.97968e-09 0.0082731 221925 221925 3.96929e+07 0.0572481 1.32748e-05 0.693741 0.213045 0.0013384 0.000136994 4.1994e-07 0.0128423 0.00412491 0.000202457 0.0173065
 -0.00727294 3.64609e-06 1.15814e-11 0.04402 22.1746 0.672134 221912 2644.12 0.000239039 0.507504 0.163598 0 0.102391 2.73794e-05 0.650532 0.2268 0.00260187 0.000254369 9.00416e-07 0.0125082 0.00448396 0.000400095 6.55948e-07 -1 3.49354e+07 9074.68 2.11216e+06 9526 6.01826e-09 0.00839023 221923 221923 3.99768e+07 0.0547545 1.28178e-05 0.695754 0.212355 0.00129897 0.000136029 4.21541e-07 0.0133782 0.00419852 0.000199749 0.0179123
 -0.00727453 3.64639e-06 1.17261e-11 0.0436996 22.5712 0.676356 221910 2653.8 0.000239831 0.50958 0.16558 0 0.0981117 2.65015e-05 0.654288 0.226746 0.00253069 0.000253184 9.06714e-07 0.0130675 0.00457852 0.000395884 6.80998e-07 -1 3.51835e+07 9113.37 2.13727e+06 9567.01 6.05689e-09 0.00850908 221921 221921 4.02618e+07 0.0523085 1.23695e-05 0.697671 0.211667 0.00125964 0.000134988 4.23215e-07 0.0139345 0.00427418 0.000197053 0.0185406
 -0.00727615 3.64668e-06 1.18726e-11 0.0433809 22.9753 0.680581 221908 2663.53 0.000240617 0.511637 0.167583 0 0.0938968 2.56368e-05 0.657958 0.22669 0.0024593 0.000251853 9.13218e-07 0.0136496 0.00467581 0.000391672 7.0703e-07 -1 3.54323e+07 9152.53 2.16273e+06 9608.04 6.09558e-09 0.00862965 221919 221919 4.05479e+07 0.0499119 1.19302e-05 0.699488 0.210983 0.00122045 0.000133878 4.24978e-07 0.0145118 0.00435198 0.000194375 0.0191918
 -0.00727779 3.64699e-06 1.2021e-11 0.0430637 23.3869 0.68481 221905 2673.33 0.000241397 0.513675 0.169606 0 0.0897504 2.47858e-05 0.661535 0.226631 0.0023878 0.000250386 9.19964e-07 0.014255 0.00477596 0.000387468 7.34071e-07 -1 3.56818e+07 9192.19 2.18857e+06 9649.09 6.13431e-09 0.00875199 221917 221917 4.0835e+07 0.0475662 1.15e-05 0.701205 0.210302 0.00118145 0.000132703 4.26847e-07 0.0151105 0.004432 0.000191718 0.0198667
 -0.00727945 3.64729e-06 1.21712e-11 0.042748 23.8063 0.689042 221903 2683.19 0.000242171 0.515691 0.171649 0 0.0856763 2.39489e-05 0.665017 0.226569 0.00231627 0.000248792 9.26986e-07 0.0148845 0.00487906 0.000383278 7.62151e-07 -1 3.59319e+07 9232.36 2.21477e+06 9690.15 6.17308e-09 0.00887611 221915 221915 4.11231e+07 0.0452731 1.10789e-05 0.702816 0.209625 0.00114268 0.000131469 4.28837e-07 0.0157311 0.00451432 0.000189085 0.0205658
 -0.00728113 3.6476e-06 1.23233e-11 0.0424338 24.2336 0.693277 221900 2693.11 0.000242939 0.517686 0.173712 0 0.0816783 2.31265e-05 0.668398 0.226504 0.0022448 0.000247083 9.34319e-07 0.0155385 0.00498523 0.000379111 7.91299e-07 -1 3.61825e+07 9273.07 2.24135e+06 9731.21 6.21189e-09 0.00900206 221913 221913 4.14122e+07 0.043034 1.06671e-05 0.70432 0.208951 0.00110418 0.000130183 4.30963e-07 0.0163742 0.00459904 0.000186481 0.0212898
 -0.00728283 3.64792e-06 1.24774e-11 0.0421211 24.6689 0.697514 221898 2703.09 0.000243699 0.519658 0.175794 0 0.0777602 2.23192e-05 0.671674 0.226436 0.00217348 0.000245269 9.42e-07 0.0162178 0.00509457 0.000374972 8.21541e-07 -1 3.64337e+07 9314.34 2.2683e+06 9772.27 6.25075e-09 0.00912985 221911 221911 4.17021e+07 0.0408506 1.02648e-05 0.705714 0.20828 0.00106599 0.000128852 4.33242e-07 0.0170403 0.00468625 0.000183909 0.0220392
 -0.00728455 3.64824e-06 1.26333e-11 0.04181 25.1125 0.701754 221895 2713.13 0.000244453 0.521607 0.177894 0 0.0739258 2.15272e-05 0.67484 0.226364 0.00210238 0.000243362 9.50062e-07 0.0169228 0.00520721 0.000370869 8.52907e-07 -1 3.66854e+07 9356.19 2.29562e+06 9813.32 6.28964e-09 0.00925952 221908 221908 4.19929e+07 0.0387241 9.87201e-06 0.706995 0.207613 0.00102814 0.000127481 4.35689e-07 0.0177299 0.00477604 0.000181372 0.0228146
 -0.00728629 3.64856e-06 1.27913e-11 0.0415003 25.5644 0.705996 221893 2723.23 0.0002452 0.523531 0.180012 0 0.0701785 2.0751e-05 0.677893 0.226289 0.00203162 0.000241375 9.5854e-07 0.0176543 0.00532327 0.000366806 8.85424e-07 -1 3.69375e+07 9398.63 2.32333e+06 9854.36 6.32857e-09 0.0093911 221906 221906 4.22846e+07 0.036656 9.48882e-06 0.70816 0.20695 0.000990691 0.000126079 4.38319e-07 0.0184433 0.00486851 0.000178871 0.0236166
 -0.00728805 3.64888e-06 1.29512e-11 0.0411921 26.0248 0.710237 221890 2733.39 0.000245939 0.525429 0.182147 0 0.066522 1.9991e-05 0.680827 0.22621 0.00196126 0.000239321 9.67467e-07 0.0184128 0.00544287 0.000362788 9.19118e-07 -1 3.719e+07 9441.68 2.35141e+06 9895.38 6.36754e-09 0.00952462 221904 221904 4.2577e+07 0.0346475 9.11532e-06 0.709207 0.206291 0.000953667 0.000124651 4.41145e-07 0.0191811 0.00496377 0.00017641 0.0244457
 -0.00728984 3.64921e-06 1.31131e-11 0.0408855 26.4939 0.714478 221888 2743.61 0.000246669 0.5273 0.184299 0 0.0629596 1.92473e-05 0.68364 0.226126 0.0018914 0.000237213 9.76874e-07 0.0191988 0.00556615 0.00035882 9.54017e-07 -1 3.74428e+07 9485.36 2.37987e+06 9936.37 6.40654e-09 0.0096601 221902 221902 4.28702e+07 0.0326998 8.75156e-06 0.710134 0.205635 0.000917111 0.000123205 4.44182e-07 0.0199436 0.00506191 0.000173989 0.0253026
 -0.00729165 3.64955e-06 1.32771e-11 0.0405804 26.9719 0.71872 221885 2753.89 0.000247391 0.529143 0.186467 0 0.0594946 1.85205e-05 0.686328 0.226039 0.00182213 0.000235065 9.86793e-07 0.0200129 0.00569323 0.000354904 9.90146e-07 -1 3.76959e+07 9529.67 2.40872e+06 9977.34 6.44559e-09 0.00979758 221900 221900 4.31641e+07 0.030814 8.39759e-06 0.710939 0.204982 0.000881061 0.000121749 4.47442e-07 0.0207313 0.00516305 0.000171611 0.0261876
 -0.00729348 3.64989e-06 1.34432e-11 0.0402769 27.4588 0.722961 221883 2764.22 0.000248104 0.530956 0.188651 0 0.0561298 1.78106e-05 0.688886 0.225947 0.00175353 0.00023289 9.97252e-07 0.0208555 0.00582425 0.000351045 1.02753e-06 -1 3.79493e+07 9574.62 2.43795e+06 10018.3 6.48467e-09 0.00993709 221898 221898 4.34586e+07 0.028991 8.05345e-06 0.711619 0.204334 0.000845552 0.00012029 4.50936e-07 0.0215446 0.00526729 0.000169277 0.0271013
 -0.00729533 3.65023e-06 1.36113e-11 0.039975 27.9548 0.727199 221880 2774.6 0.000248808 0.532739 0.190849 0 0.0528682 1.71181e-05 0.691311 0.225851 0.0016857 0.000230702 1.00828e-06 0.0217273 0.00595935 0.000347244 1.06619e-06 -1 3.8203e+07 9620.23 2.46757e+06 10059.2 6.5238e-09 0.0100786 221896 221896 4.37538e+07 0.0272318 7.71915e-06 0.712172 0.203688 0.00081062 0.000118834 4.54675e-07 0.0223838 0.00537474 0.000166986 0.0280442
 -0.00729721 3.65057e-06 1.37816e-11 0.0396748 28.46 0.731435 221878 2785.03 0.000249501 0.534488 0.193063 0 0.0497125 1.64431e-05 0.693601 0.22575 0.00161871 0.000228515 1.01989e-06 0.0226286 0.00609867 0.000343502 1.10616e-06 -1 3.84568e+07 9666.49 2.49757e+06 10100 6.56297e-09 0.0102223 221894 221894 4.40496e+07 0.025537 7.3947e-06 0.712598 0.203047 0.000776302 0.000117389 4.58669e-07 0.0232493 0.00548551 0.00016474 0.0290168
 -0.00729911 3.65092e-06 1.3954e-11 0.0393763 28.9746 0.735669 221875 2795.51 0.000250183 0.536204 0.19529 0 0.0466648 1.57858e-05 0.695752 0.225644 0.00155265 0.000226341 1.03212e-06 0.0235598 0.00624234 0.000339821 1.14745e-06 -1 3.87108e+07 9713.4 2.52797e+06 10140.8 6.6022e-09 0.010368 221892 221892 4.4346e+07 0.0239073 7.08011e-06 0.712895 0.202408 0.000742629 0.000115962 4.62924e-07 0.0241413 0.00559972 0.000162538 0.0300194
 -0.00730103 3.65128e-06 1.41285e-11 0.0390796 29.4987 0.739897 221873 2806.03 0.000250854 0.537884 0.197531 0 0.0437273 1.51464e-05 0.697762 0.225534 0.00148761 0.000224195 1.04497e-06 0.0245215 0.00639053 0.0003362 1.19009e-06 -1 3.8965e+07 9760.96 2.55876e+06 10181.6 6.64149e-09 0.0105159 221890 221890 4.46429e+07 0.0223431 6.77535e-06 0.713062 0.201773 0.000709636 0.000114558 4.67448e-07 0.0250602 0.00571747 0.000160381 0.0310525
 -0.00730298 3.65164e-06 1.43053e-11 0.0387847 30.0324 0.744122 221870 2816.59 0.000251513 0.539526 0.199785 0 0.0409017 1.45251e-05 0.699628 0.225417 0.00142366 0.000222089 1.05846e-06 0.025514 0.00654336 0.000332639 1.2341e-06 -1 3.92193e+07 9809.16 2.58995e+06 10222.2 6.68084e-09 0.010666 221888 221888 4.49403e+07 0.0208446 6.48041e-06 0.713097 0.201141 0.000677352 0.000113185 4.72244e-07 0.0260062 0.00583888 0.000158267 0.0321164
 -0.00730495 3.652e-06 1.44843e-11 0.0384918 30.5758 0.748338 221868 2827.19 0.000252158 0.541128 0.202052 0 0.0381896 1.3922e-05 0.70135 0.225296 0.00136088 0.000220035 1.07261e-06 0.0265376 0.00670099 0.000329138 1.27949e-06 -1 3.94736e+07 9857.99 2.62154e+06 10262.9 6.72026e-09 0.0108182 221886 221886 4.52381e+07 0.019412 6.19523e-06 0.713001 0.200512 0.000645807 0.000111847 4.77314e-07 0.0269795 0.00596405 0.000156195 0.0332115
 -0.00730694 3.65237e-06 1.46656e-11 0.0382009 31.1291 0.75255 221865 2837.81 0.000252789 0.542688 0.204331 0 0.0355921 1.33371e-05 0.702925 0.225168 0.00129935 0.000218044 1.0874e-06 0.0275926 0.00686356 0.000325694 1.32629e-06 -1 3.97281e+07 9907.42 2.65352e+06 10303.4 6.75977e-09 0.0109726 221884 221884 4.55365e+07 0.0180453 5.91978e-06 0.712772 0.199885 0.000615029 0.000110551 4.8266e-07 0.0279803 0.0060931 0.000154165 0.034338
 -0.00730896 3.65275e-06 1.48491e-11 0.0379121 31.6922 0.756751 221863 2848.46 0.000253406 0.544205 0.206622 0 0.0331098 1.27706e-05 0.704352 0.225035 0.00123914 0.000216126 1.10285e-06 0.0286794 0.00703122 0.000322304 1.3745e-06 -1 3.99827e+07 9957.45 2.68591e+06 10343.9 6.79936e-09 0.0111292 221882 221882 4.58352e+07 0.0167443 5.65399e-06 0.712411 0.199261 0.000585045 0.000109301 4.88279e-07 0.0290087 0.00622613 0.000152174 0.0354962
 -0.00731101 3.65312e-06 1.5035e-11 0.0376256 32.2652 0.760943 221860 2859.13 0.000254006 0.545675 0.208925 0 0.0307433 1.22225e-05 0.70563 0.224896 0.00118032 0.000214291 1.11895e-06 0.0297982 0.0072041 0.000318968 1.42415e-06 -1 4.02373e+07 10008 2.7187e+06 10384.4 6.83907e-09 0.0112881 221880 221880 4.61344e+07 0.0155086 5.39778e-06 0.711917 0.19864 0.000555879 0.000108102 4.94167e-07 0.0300649 0.00636325 0.000150222 0.0366864
 -0.00731308 3.65351e-06 1.52232e-11 0.0373414 32.8483 0.765125 221858 2869.81 0.00025459 0.547097 0.21124 0 0.0284925 1.16929e-05 0.70676 0.22475 0.00112296 0.000212547 1.13569e-06 0.0309492 0.00738236 0.000315681 1.47525e-06 -1 4.0492e+07 10059.1 2.75189e+06 10424.7 6.87888e-09 0.0114493 221878 221878 4.64339e+07 0.0143376 5.15109e-06 0.711292 0.19802 0.000527553 0.000106957 5.00316e-07 0.0311488 0.00650456 0.000148306 0.0379086
 -0.00731517 3.65389e-06 1.54138e-11 0.0370597 33.4415 0.769295 221855 2880.5 0.000255155 0.548468 0.213565 0 0.0263571 1.11816e-05 0.707741 0.224599 0.00106711 0.000210902 1.15304e-06 0.0321325 0.00756612 0.000312439 1.52781e-06 -1 4.07468e+07 10110.7 2.78549e+06 10465 6.91883e-09 0.0116127 221876 221876 4.67338e+07 0.0132306 4.9138e-06 0.710536 0.197402 0.000500088 0.00010587 5.06717e-07 0.0322606 0.00665015 0.000146424 0.039163
 -0.0073173 3.65429e-06 1.56068e-11 0.0367806 34.0448 0.773451 221853 2891.19 0.000255701 0.549786 0.215901 0 0.0243364 1.06887e-05 0.708574 0.22444 0.00101283 0.000209362 1.17099e-06 0.0333483 0.00775552 0.00030924 1.58183e-06 -1 4.10017e+07 10162.8 2.8195e+06 10505.2 6.95892e-09 0.0117784 221874 221874 4.70341e+07 0.0121867 4.68582e-06 0.70965 0.196785 0.000473502 0.000104842 5.13357e-07 0.0334003 0.00680012 0.000144573 0.0404497
 -0.00731944 3.65468e-06 1.58023e-11 0.0365041 34.6582 0.77759 221851 2901.87 0.000256226 0.551047 0.218249 0 0.0224292 1.02141e-05 0.709261 0.224275 0.000960177 0.000207931 1.18949e-06 0.0345967 0.00795069 0.000306078 1.63734e-06 -1 4.12567e+07 10215.3 2.85391e+06 10545.3 6.99916e-09 0.0119464 221873 221873 4.73347e+07 0.0112047 4.46703e-06 0.708636 0.196169 0.000447811 0.000103876 5.20222e-07 0.0345676 0.00695455 0.000142752 0.0417687
 -0.00732162 3.65508e-06 1.60002e-11 0.0362305 35.2818 0.781713 221848 2912.53 0.00025673 0.55225 0.220606 0 0.020634 9.75769e-06 0.709801 0.224104 0.000909195 0.000206611 1.20852e-06 0.0358778 0.00815175 0.000302949 1.69432e-06 -1 4.15119e+07 10268.1 2.88874e+06 10585.4 7.03958e-09 0.0121168 221871 221871 4.76357e+07 0.0102835 4.25731e-06 0.707494 0.195554 0.000423029 0.000102972 5.27292e-07 0.0357626 0.00711351 0.000140958 0.04312
 -0.00732382 3.65549e-06 1.62006e-11 0.0359598 35.9155 0.785818 221846 2923.18 0.00025721 0.553392 0.222974 0 0.0189489 9.31934e-06 0.710198 0.223925 0.000859925 0.000205406 1.22803e-06 0.0371914 0.00835882 0.00029985 1.7528e-06 -1 4.17672e+07 10321.2 2.92397e+06 10625.3 7.08019e-09 0.0122894 221869 221869 4.79371e+07 0.00942148 4.05651e-06 0.706228 0.19494 0.000399165 0.000102131 5.34546e-07 0.036985 0.00727709 0.000139188 0.0445034
 -0.00732605 3.6559e-06 1.64035e-11 0.0356923 36.5593 0.789904 221844 2933.79 0.000257667 0.55447 0.225353 0 0.0173716 8.89888e-06 0.710454 0.223739 0.000812403 0.000204315 1.24797e-06 0.0385377 0.00857201 0.000296774 1.81276e-06 -1 4.20226e+07 10374.5 2.9596e+06 10665.2 7.12101e-09 0.0124644 221868 221868 4.82388e+07 0.00861716 3.86449e-06 0.70484 0.194325 0.000376229 0.000101352 5.41961e-07 0.0382346 0.00744533 0.000137441 0.0459187
 -0.00732831 3.65632e-06 1.6609e-11 0.0354279 37.2133 0.793967 221841 2944.37 0.000258097 0.555481 0.227741 0 0.0158995 8.49612e-06 0.710571 0.223546 0.000766656 0.000203336 1.26828e-06 0.0399164 0.00879141 0.000293719 1.8742e-06 -1 4.22783e+07 10428 2.99565e+06 10704.9 7.16205e-09 0.0126417 221866 221866 4.85408e+07 0.00786874 3.68108e-06 0.703331 0.19371 0.000354225 0.000100634 5.4951e-07 0.0395112 0.00761829 0.000135712 0.0473658
 -0.00733059 3.65674e-06 1.68171e-11 0.0351668 37.8773 0.798004 221839 2954.9 0.000258501 0.556424 0.23014 0 0.0145296 8.11083e-06 0.710553 0.223346 0.000722708 0.000202467 1.28889e-06 0.0413274 0.0090171 0.000290678 1.93714e-06 -1 4.25343e+07 10481.7 3.03209e+06 10744.6 7.20334e-09 0.0128213 221864 221864 4.88432e+07 0.00717434 3.50611e-06 0.701706 0.193094 0.000333156 9.99752e-05 5.57163e-07 0.0408144 0.00779601 0.000134 0.0488444
 -0.00733291 3.65717e-06 1.70278e-11 0.0349092 38.5513 0.802017 221837 2965.38 0.000258877 0.557295 0.232548 0 0.0132586 7.74274e-06 0.710402 0.223138 0.000680575 0.000201705 1.30973e-06 0.0427705 0.00924918 0.000287649 2.00155e-06 -1 4.27906e+07 10535.3 3.06894e+06 10784.2 7.24488e-09 0.0130033 221863 221863 4.9146e+07 0.00653193 3.33941e-06 0.699966 0.192477 0.000313022 9.93727e-05 5.6489e-07 0.0421438 0.00797853 0.000132303 0.050354
 -0.00733525 3.6576e-06 1.72412e-11 0.0346552 39.2353 0.806005 221835 2975.8 0.000259223 0.558092 0.234966 0 0.012083 7.39156e-06 0.710124 0.222923 0.000640265 0.000201042 1.33073e-06 0.0442455 0.0094877 0.000284626 2.06743e-06 -1 4.30471e+07 10589 3.10618e+06 10823.7 7.2867e-09 0.0131876 221861 221861 4.94491e+07 0.00593936 3.18077e-06 0.698116 0.191858 0.000293819 9.88233e-05 5.72655e-07 0.043499 0.00816585 0.000130618 0.0518943
 -0.00733762 3.65804e-06 1.74573e-11 0.0344049 39.9292 0.809962 221833 2986.14 0.000259539 0.558813 0.237393 0 0.010999 7.05698e-06 0.709721 0.222701 0.000601782 0.000200474 1.35181e-06 0.0457521 0.00973273 0.000281606 2.13477e-06 -1 4.33041e+07 10642.5 3.14381e+06 10863 7.32882e-09 0.0133742 221860 221860 4.97526e+07 0.00539442 3.02999e-06 0.696159 0.191238 0.000275541 9.83232e-05 5.80425e-07 0.0448795 0.00835799 0.000128943 0.0534648
 -0.00734002 3.65848e-06 1.76762e-11 0.0341583 40.6329 0.813892 221831 2996.42 0.000259823 0.559456 0.239829 0 0.0100025 6.73863e-06 0.709199 0.22247 0.00056512 0.00019999 1.37289e-06 0.0472898 0.00998429 0.000278586 2.20356e-06 -1 4.35615e+07 10695.9 3.18183e+06 10902.2 7.37126e-09 0.0135632 221859 221859 5.00565e+07 0.00489476 2.88687e-06 0.694099 0.190615 0.000258179 9.7868e-05 5.88162e-07 0.0462847 0.00855495 0.000127276 0.0550649
 -0.00734245 3.65893e-06 1.78978e-11 0.0339156 41.3464 0.817789 221829 3006.6 0.000260075 0.560019 0.242275 0 0.00908926 6.43614e-06 0.708562 0.222233 0.000530269 0.000199584 1.39387e-06 0.0488584 0.0102424 0.000275562 2.27379e-06 -1 4.38194e+07 10749 3.22022e+06 10941.3 7.41402e-09 0.0137545 221858 221858 5.03608e+07 0.00443802 2.75117e-06 0.691939 0.18999 0.00024172 9.74529e-05 5.95829e-07 0.047714 0.00875668 0.000125616 0.0566938
 -0.00734492 3.65939e-06 1.81222e-11 0.0336768 42.0695 0.821653 221827 3016.7 0.000260293 0.5605 0.244728 0 0.00825493 6.14908e-06 0.707814 0.221988 0.000497209 0.000199245 1.41467e-06 0.0504572 0.0105071 0.000272532 2.34542e-06 -1 4.40777e+07 10801.8 3.25899e+06 10980.3 7.45714e-09 0.0139482 221856 221856 5.06656e+07 0.00402175 2.62267e-06 0.689685 0.189362 0.00022615 9.70728e-05 6.03388e-07 0.0491667 0.00896317 0.000123961 0.058351
 -0.00734741 3.65985e-06 1.83494e-11 0.033442 42.8022 0.825481 221825 3026.7 0.000260476 0.560898 0.24719 0 0.00749503 5.87702e-06 0.706962 0.221735 0.000465917 0.000198963 1.43521e-06 0.0520857 0.0107784 0.000269494 2.41845e-06 -1 4.43367e+07 10854.2 3.29811e+06 11019.1 7.50061e-09 0.0141442 221855 221855 5.09707e+07 0.0036435 2.50112e-06 0.68734 0.18873 0.000211451 9.67223e-05 6.10802e-07 0.0506421 0.00917436 0.000122309 0.0600355
 -0.00734993 3.66031e-06 1.85795e-11 0.0332113 43.5445 0.829272 221823 3036.59 0.000260624 0.561212 0.249658 0 0.006805 5.6195e-06 0.70601 0.221475 0.000436361 0.000198727 1.45539e-06 0.0537434 0.0110562 0.000266446 2.49284e-06 -1 4.45962e+07 10906.1 3.33758e+06 11057.8 7.54447e-09 0.0143425 221854 221854 5.12762e+07 0.00330081 2.38629e-06 0.68491 0.188096 0.000197604 9.63958e-05 6.18033e-07 0.0521393 0.00939019 0.000120661 0.0617466
 -0.00735248 3.66079e-06 1.88126e-11 0.0329847 44.2962 0.833027 221821 3046.38 0.000260736 0.56144 0.252134 0 0.00618027 5.37603e-06 0.704963 0.221207 0.000408505 0.000198526 1.47513e-06 0.0554296 0.0113405 0.000263387 2.56857e-06 -1 4.48563e+07 10957.5 3.37739e+06 11096.3 7.58871e-09 0.0145432 221853 221853 5.15822e+07 0.00299122 2.2779e-06 0.682398 0.187457 0.000184584 9.60877e-05 6.25045e-07 0.0536574 0.00961057 0.000119015 0.0634832
 -0.00735507 3.66126e-06 1.90486e-11 0.0327623 45.0572 0.836743 221819 3056.05 0.000260811 0.561583 0.254615 0 0.00561626 5.14611e-06 0.703827 0.220932 0.000382307 0.00019835 1.49435e-06 0.0571434 0.0116312 0.000260318 2.64561e-06 -1 4.5117e+07 11008.3 3.41752e+06 11134.6 7.63336e-09 0.0147462 221852 221852 5.18886e+07 0.0027123 2.17571e-06 0.679809 0.186815 0.000172369 9.57925e-05 6.31805e-07 0.0551956 0.00983541 0.00011737 0.0652442
 -0.00735769 3.66175e-06 1.92876e-11 0.032544 45.8276 0.84042 221817 3065.6 0.00026085 0.561639 0.257102 0 0.00510846 4.9292e-06 0.702607 0.22065 0.000357718 0.000198187 1.51297e-06 0.0588842 0.0119283 0.000257237 2.72391e-06 -1 4.53784e+07 11058.4 3.45795e+06 11172.8 7.67843e-09 0.0149515 221851 221851 5.21954e+07 0.00246168 2.07946e-06 0.677148 0.186169 0.000160931 9.55047e-05 6.38282e-07 0.0567528 0.0100646 0.000115728 0.0670287
 -0.00736034 3.66224e-06 1.95296e-11 0.03233 46.6072 0.844057 221815 3075.03 0.000260852 0.56161 0.259592 0 0.00465245 4.72479e-06 0.701308 0.220361 0.000334689 0.000198027 1.53093e-06 0.060651 0.0122316 0.000254147 2.80346e-06 -1 4.56405e+07 11107.9 3.49868e+06 11210.7 7.72392e-09 0.0151592 221851 221851 5.25026e+07 0.00223704 1.98887e-06 0.674421 0.185519 0.000150241 9.52192e-05 6.44446e-07 0.0583279 0.010298 0.000114088 0.0688353
 -0.00736302 3.66273e-06 1.97747e-11 0.0321201 47.396 0.847653 221814 3084.33 0.000260817 0.561496 0.262086 0 0.0042439 4.53233e-06 0.699937 0.220065 0.000313161 0.00019786 1.54815e-06 0.0624429 0.0125411 0.000251047 2.88419e-06 -1 4.59032e+07 11156.5 3.53967e+06 11248.4 7.76984e-09 0.0153692 221850 221850 5.28101e+07 0.00203614 1.90369e-06 0.671631 0.184865 0.000140271 9.49311e-05 6.50271e-07 0.05992 0.0105355 0.000112451 0.0706629
 -0.00736573 3.66323e-06 2.00228e-11 0.0319144 48.194 0.851207 221812 3093.5 0.000260745 0.561296 0.264582 0 0.00387867 4.35126e-06 0.698497 0.219762 0.000293078 0.000197677 1.56459e-06 0.0642588 0.0128566 0.000247942 2.96607e-06 -1 4.61667e+07 11204.4 3.58092e+06 11285.9 7.81621e-09 0.0155815 221849 221849 5.31181e+07 0.00185683 1.82363e-06 0.668783 0.184206 0.000130988 9.4636e-05 6.55737e-07 0.0615277 0.0107769 0.000110817 0.0725101
 -0.00736848 3.66374e-06 2.02742e-11 0.0317128 49.0011 0.85472 221810 3102.54 0.000260637 0.561014 0.267078 0 0.00355275 4.18103e-06 0.696994 0.219452 0.000274376 0.00019747 1.58019e-06 0.0660978 0.0131779 0.000244831 3.04906e-06 -1 4.64308e+07 11251.5 3.6224e+06 11323.1 7.86302e-09 0.0157963 221848 221848 5.34263e+07 0.00169708 1.74845e-06 0.665883 0.183544 0.00012236 9.43298e-05 6.60825e-07 0.0631499 0.011022 0.000109187 0.0743756
 -0.00737127 3.66426e-06 2.05287e-11 0.0315154 49.8173 0.858191 221809 3111.45 0.000260493 0.560649 0.269573 0 0.00326237 4.02108e-06 0.695433 0.219136 0.000256991 0.000197231 1.59491e-06 0.0679586 0.0135048 0.000241719 3.13309e-06 -1 4.66955e+07 11297.6 3.66408e+06 11360 7.91029e-09 0.0160133 221848 221848 5.37348e+07 0.00155496 1.67788e-06 0.662935 0.182878 0.000114356 9.40091e-05 6.65521e-07 0.0647854 0.0112707 0.000107563 0.0762578
 -0.00737409 3.66478e-06 2.07865e-11 0.031322 50.6426 0.861633 221807 3120.22 0.000260313 0.560205 0.272067 0 0.00300394 3.87087e-06 0.69382 0.218814 0.000240859 0.000196955 1.60874e-06 0.0698401 0.0138373 0.000238609 3.21812e-06 -1 4.69608e+07 11342.9 3.70595e+06 11396.7 7.958e-09 0.0162328 221847 221847 5.40436e+07 0.00142864 1.61165e-06 0.659944 0.182208 0.000106942 9.3671e-05 6.69816e-07 0.0664327 0.0115228 0.000105945 0.0781552
 -0.00737694 3.6653e-06 2.10475e-11 0.0311326 51.477 0.865011 221805 3128.86 0.000260099 0.559682 0.274557 0 0.00277413 3.72985e-06 0.692157 0.218486 0.000225911 0.000196635 1.62165e-06 0.0717409 0.0141749 0.000235504 3.30408e-06 -1 4.72266e+07 11387.3 3.74799e+06 11433.1 8.00618e-09 0.0164546 221847 221847 5.43525e+07 0.00131644 1.54952e-06 0.656914 0.181535 0.000100085 9.3313e-05 6.73704e-07 0.0680906 0.011778 0.000104337 0.0800664
 -0.00737983 3.66584e-06 2.13119e-11 0.0309472 52.3206 0.868303 221804 3137.37 0.000259852 0.559084 0.277041 0 0.00256983 3.59749e-06 0.690451 0.218153 0.000212083 0.000196267 1.63362e-06 0.0736597 0.0145176 0.000232409 3.39092e-06 -1 4.7493e+07 11430.7 3.79015e+06 11469.1 8.05481e-09 0.0166789 221846 221846 5.46615e+07 0.0012168 1.49124e-06 0.65385 0.180858 9.37514e-05 9.29334e-05 6.77184e-07 0.0697577 0.0120362 0.000102738 0.0819897
 -0.00738275 3.66638e-06 2.15796e-11 0.0307657 53.1733 0.87154 221802 3145.74 0.000259572 0.558413 0.279519 0 0.00238816 3.47327e-06 0.688705 0.217814 0.000199307 0.00019585 1.64467e-06 0.0755951 0.0148651 0.000229326 3.47858e-06 -1 4.77598e+07 11473.2 3.83243e+06 11504.8 8.1039e-09 0.0169056 221846 221846 5.49706e+07 0.00112829 1.43657e-06 0.650757 0.180178 8.79091e-05 9.2531e-05 6.80259e-07 0.0714325 0.012297 0.000101152 0.0839234
 -0.00738572 3.66693e-06 2.18507e-11 0.030588 54.0352 0.874741 221801 3153.98 0.00025926 0.557673 0.281988 0 0.00222652 3.35668e-06 0.686923 0.21747 0.000187517 0.00019538 1.6548e-06 0.0775456 0.0152171 0.00022626 3.56698e-06 -1 4.80269e+07 11514.7 3.87479e+06 11540.2 8.15344e-09 0.0171347 221845 221845 5.52796e+07 0.00104959 1.38528e-06 0.647638 0.179496 8.2526e-05 9.21051e-05 6.82935e-07 0.0731137 0.0125604 9.95787e-05 0.0858658
 -0.00738871 3.66748e-06 2.21253e-11 0.030414 54.9064 0.877908 221799 3162.08 0.000258919 0.556865 0.284447 0 0.00208252 3.24723e-06 0.68511 0.217121 0.000176648 0.000194858 1.66403e-06 0.0795098 0.0155732 0.000223216 3.65606e-06 -1 4.82943e+07 11555.3 3.9172e+06 11575.2 8.20343e-09 0.0173662 221845 221845 5.55885e+07 0.000979539 1.33714e-06 0.644499 0.178812 7.75707e-05 9.16555e-05 6.85222e-07 0.0747996 0.0128259 9.80214e-05 0.0878153
 -0.00739175 3.66804e-06 2.24033e-11 0.0302437 55.7868 0.881026 221798 3170.06 0.000258549 0.555995 0.286894 0 0.00195402 3.14445e-06 0.683269 0.216768 0.000166639 0.000194283 1.67237e-06 0.081486 0.0159333 0.000220197 3.74574e-06 -1 4.85619e+07 11595 3.95965e+06 11609.8 8.25387e-09 0.0176002 221845 221845 5.58971e+07 0.000917058 1.29195e-06 0.641343 0.178125 7.30131e-05 9.11825e-05 6.87132e-07 0.0764889 0.0130934 9.64815e-05 0.0897701
 -0.00739482 3.66861e-06 2.26849e-11 0.030077 56.6766 0.884089 221796 3177.91 0.000258152 0.555064 0.289328 0 0.00183908 3.0479e-06 0.681403 0.216411 0.000157427 0.000193656 1.67987e-06 0.0834727 0.016297 0.000217208 3.83596e-06 -1 4.88295e+07 11633.7 4.00208e+06 11644 8.30476e-09 0.0178367 221845 221845 5.62054e+07 0.000861201 1.2495e-06 0.638174 0.177438 6.8824e-05 9.06869e-05 6.88682e-07 0.0781801 0.0133626 9.49608e-05 0.0917285
 -0.00739793 3.66918e-06 2.29701e-11 0.0299138 57.5758 0.887104 221795 3185.63 0.000257729 0.554078 0.291745 0 0.00173599 2.95714e-06 0.679517 0.21605 0.000148954 0.00019298 1.68655e-06 0.0854682 0.016664 0.000214252 3.92663e-06 -1 4.90971e+07 11671.5 4.04449e+06 11677.8 8.35609e-09 0.0180758 221844 221844 5.65132e+07 0.000811127 1.20961e-06 0.634996 0.176749 6.49755e-05 9.01697e-05 6.89888e-07 0.0798716 0.0136332 9.3461e-05 0.0936886
 -0.00740108 3.66976e-06 2.32589e-11 0.0297541 58.4845 0.890074 221793 3193.23 0.000257282 0.553039 0.294146 0 0.00164326 2.87178e-06 0.677613 0.215686 0.000141164 0.000192256 1.69245e-06 0.0874708 0.017034 0.000211334 4.01768e-06 -1 4.93644e+07 11708.4 4.08684e+06 11711.1 8.40785e-09 0.0183173 221844 221844 5.68203e+07 0.000766095 1.17209e-06 0.631813 0.17606 6.1441e-05 8.96324e-05 6.9077e-07 0.0815619 0.013905 9.19838e-05 0.0956486
 -0.00740427 3.67035e-06 2.35514e-11 0.0295977 59.4028 0.892996 221792 3200.7 0.000256813 0.551951 0.296528 0 0.00155954 2.79143e-06 0.675694 0.215319 0.000134004 0.000191488 1.69763e-06 0.0894788 0.0174065 0.000208457 4.10904e-06 -1 4.96314e+07 11744.5 4.1291e+06 11744.1 8.46004e-09 0.0185614 221844 221844 5.71267e+07 0.000725454 1.13677e-06 0.628629 0.175371 5.81954e-05 8.90766e-05 6.91349e-07 0.0832495 0.0141776 9.05307e-05 0.0976069
 -0.0074075 3.67095e-06 2.38476e-11 0.0294446 60.3307 0.895871 221790 3208.05 0.000256324 0.550819 0.298888 0 0.00148367 2.71573e-06 0.673763 0.214949 0.000127423 0.000190679 1.70212e-06 0.0914904 0.0177813 0.000205625 4.20061e-06 -1 4.9898e+07 11779.6 4.17124e+06 11776.5 8.51267e-09 0.0188081 221844 221844 5.74322e+07 0.00068864 1.1035e-06 0.625448 0.174683 5.5215e-05 8.85042e-05 6.91646e-07 0.084933 0.0144509 8.91032e-05 0.0995617
 -0.00741077 3.67155e-06 2.41475e-11 0.0292947 61.2683 0.898701 221789 3215.28 0.000255815 0.549646 0.301227 0 0.00141466 2.64436e-06 0.671824 0.214577 0.000121373 0.000189832 1.70597e-06 0.0935039 0.018158 0.00020284 4.29232e-06 -1 5.01638e+07 11814 4.21323e+06 11808.5 8.56571e-09 0.0190574 221844 221844 5.77367e+07 0.000655161 1.07213e-06 0.622272 0.173996 5.24776e-05 8.79172e-05 6.91683e-07 0.0866108 0.0147245 8.77025e-05 0.101511
 -0.00741408 3.67216e-06 2.44513e-11 0.0291479 62.2157 0.901483 221788 3222.4 0.000255289 0.548435 0.303542 0 0.00135164 2.577e-06 0.669878 0.214203 0.00011581 0.000188953 1.70923e-06 0.0955175 0.0185363 0.000200105 4.38409e-06 -1 5.04289e+07 11847.5 4.25504e+06 11840 8.61918e-09 0.0193093 221844 221844 5.80399e+07 0.000624596 1.04252e-06 0.619106 0.173312 4.99624e-05 8.73176e-05 6.91481e-07 0.0882814 0.0149982 8.63298e-05 0.103453
 -0.00741743 3.67278e-06 2.4759e-11 0.0290043 63.1729 0.904219 221786 3229.4 0.000254748 0.547191 0.305832 0 0.00129385 2.51336e-06 0.667928 0.213828 0.000110693 0.000188045 1.71195e-06 0.0975294 0.0189157 0.000197423 4.47583e-06 -1 5.06931e+07 11880.2 4.29664e+06 11871 8.67306e-09 0.0195638 221844 221844 5.83418e+07 0.000596583 1.01455e-06 0.615951 0.172629 4.76502e-05 8.67075e-05 6.91063e-07 0.0899434 0.0152716 8.49861e-05 0.105387
 -0.00742082 3.67341e-06 2.50706e-11 0.0288637 64.14 0.906907 221785 3236.28 0.000254192 0.545917 0.308094 0 0.00124066 2.45317e-06 0.665977 0.213452 0.000105983 0.000187112 1.71417e-06 0.0995378 0.0192958 0.000194795 4.56747e-06 -1 5.09561e+07 11912.1 4.33801e+06 11901.5 8.72736e-09 0.019821 221844 221844 5.8642e+07 0.000570809 9.88096e-07 0.612813 0.171949 4.55232e-05 8.60891e-05 6.9045e-07 0.0915954 0.0155446 8.36722e-05 0.10731
 -0.00742425 3.67404e-06 2.53862e-11 0.028726 65.1171 0.909549 221783 3243.05 0.000253625 0.544617 0.310329 0 0.00119152 2.3962e-06 0.664027 0.213075 0.000101645 0.000186158 1.71594e-06 0.101541 0.0196764 0.000192225 4.65891e-06 -1 5.12178e+07 11943.3 4.37911e+06 11931.5 8.78206e-09 0.0200809 221844 221844 5.89405e+07 0.000547012 9.63053e-07 0.609693 0.171273 4.3565e-05 8.54643e-05 6.89661e-07 0.093236 0.0158168 8.23889e-05 0.109221
 -0.00742773 3.67469e-06 2.57058e-11 0.0285913 66.1041 0.912146 221782 3249.71 0.000253046 0.543295 0.312534 0 0.00114597 2.34221e-06 0.662081 0.212698 9.76451e-05 0.000185187 1.71729e-06 0.103537 0.020057 0.000189712 4.75007e-06 -1 5.1478e+07 11973.8 4.41992e+06 11960.9 8.83717e-09 0.0203435 221844 221844 5.92371e+07 0.000524965 9.39322e-07 0.606595 0.170602 4.17604e-05 8.48353e-05 6.88717e-07 0.0948637 0.016088 8.11367e-05 0.111118
 -0.00743125 3.67534e-06 2.60294e-11 0.0284595 67.1011 0.9147 221781 3256.25 0.000252459 0.541953 0.314708 0 0.00110361 2.29099e-06 0.66014 0.212321 9.39537e-05 0.000184203 1.71827e-06 0.105524 0.0204373 0.000187259 4.84087e-06 -1 5.17365e+07 12003.5 4.4604e+06 11989.9 8.89269e-09 0.0206087 221845 221845 5.95316e+07 0.000504476 9.16814e-07 0.603521 0.169934 4.00956e-05 8.42039e-05 6.87636e-07 0.0964773 0.0163578 7.99161e-05 0.112999
 -0.00743481 3.67599e-06 2.63573e-11 0.0283306 68.1081 0.917211 221779 3262.69 0.000251863 0.540595 0.31685 0 0.0010641 2.24236e-06 0.658206 0.211945 9.05432e-05 0.00018321 1.71893e-06 0.107501 0.0208168 0.000184867 4.93124e-06 -1 5.19932e+07 12032.5 4.50053e+06 12018.3 8.94861e-09 0.0208767 221845 221845 5.98238e+07 0.000485382 8.95445e-07 0.600474 0.169273 3.8558e-05 8.35718e-05 6.86435e-07 0.0980753 0.0166262 7.87274e-05 0.114864
 -0.00743842 3.67666e-06 2.66893e-11 0.0282045 69.1251 0.919681 221778 3269.01 0.000251261 0.539225 0.318959 0 0.00102715 2.19614e-06 0.656283 0.211569 8.73885e-05 0.000182211 1.71928e-06 0.109465 0.0211951 0.000182536 5.02107e-06 -1 5.22479e+07 12060.8 4.54029e+06 12046.1 9.00494e-09 0.0211475 221845 221845 6.01135e+07 0.000467543 8.7514e-07 0.597457 0.168617 3.71361e-05 8.29409e-05 6.85129e-07 0.0996566 0.0168927 7.75707e-05 0.11671
 -0.00744207 3.67734e-06 2.70255e-11 0.0280812 70.1522 0.922113 221777 3275.22 0.000250655 0.537845 0.321033 0 0.000992532 2.15217e-06 0.654371 0.211195 8.44667e-05 0.000181209 1.71937e-06 0.111414 0.021572 0.000180266 5.1103e-06 -1 5.25003e+07 12088.4 4.57963e+06 12073.4 9.06168e-09 0.0214209 221846 221846 6.04005e+07 0.00045084 8.55829e-07 0.594473 0.167967 3.58195e-05 8.23125e-05 6.83735e-07 0.10122 0.0171572 7.64463e-05 0.118536
 -0.00744577 3.67802e-06 2.7366e-11 0.0279607 71.1894 0.924506 221775 3281.32 0.000250044 0.536459 0.323073 0 0.00096002 2.11031e-06 0.652473 0.210823 8.1757e-05 0.000180207 1.71923e-06 0.113348 0.021947 0.000178058 5.19884e-06 -1 5.27503e+07 12115.4 4.61855e+06 12100.2 9.11882e-09 0.0216972 221846 221846 6.06845e+07 0.000435171 8.3745e-07 0.591523 0.167324 3.45988e-05 8.16882e-05 6.82265e-07 0.102764 0.0174193 7.53539e-05 0.120341
 -0.00744951 3.67871e-06 2.77109e-11 0.027843 72.2365 0.92685 221774 3287.31 0.000249432 0.535068 0.325077 0 0.000929438 2.07044e-06 0.65059 0.210453 7.92404e-05 0.000179208 1.71888e-06 0.115264 0.0223197 0.000175912 5.28662e-06 -1 5.29978e+07 12141.7 4.657e+06 12126.4 9.17637e-09 0.0219762 221847 221847 6.09655e+07 0.000420447 8.19945e-07 0.588611 0.166689 3.34652e-05 8.10693e-05 6.80732e-07 0.104288 0.017679 7.42936e-05 0.122122
 -0.0074533 3.67941e-06 2.80602e-11 0.027728 73.2936 0.92915 221773 3293.18 0.000248818 0.533677 0.327043 0 0.000900628 2.03241e-06 0.648725 0.210085 7.69001e-05 0.000178214 1.71835e-06 0.117161 0.0226898 0.000173828 5.37355e-06 -1 5.32424e+07 12167.4 4.69497e+06 12152 9.23434e-09 0.022258 221847 221847 6.12432e+07 0.000406592 8.03262e-07 0.585738 0.166062 3.24113e-05 8.04569e-05 6.79147e-07 0.10579 0.0179358 7.32652e-05 0.12388
 -0.00745714 3.68012e-06 2.8414e-11 0.0276158 74.3606 0.931426 221771 3298.94 0.000248205 0.532287 0.328972 0 0.000873456 1.99614e-06 0.646879 0.20972 7.47207e-05 0.000177227 1.71766e-06 0.119037 0.0230569 0.000171806 5.45955e-06 -1 5.34841e+07 12192.5 4.73243e+06 12177.1 9.29272e-09 0.0225425 221848 221848 6.15174e+07 0.000393539 7.87353e-07 0.582908 0.165443 3.14299e-05 7.9852e-05 6.7752e-07 0.10727 0.0181896 7.22684e-05 0.125612
 -0.00746102 3.68084e-06 2.87723e-11 0.0275063 75.4376 0.933677 221770 3304.59 0.000247593 0.530901 0.330862 0 0.000847801 1.96151e-06 0.645054 0.209359 7.26881e-05 0.00017625 1.71682e-06 0.120891 0.0234206 0.000169844 5.54456e-06 -1 5.37226e+07 12216.9 4.76935e+06 12201.6 9.35151e-09 0.0228299 221848 221848 6.1788e+07 0.000381229 7.72174e-07 0.580121 0.164833 3.05149e-05 7.92557e-05 6.75861e-07 0.108726 0.0184403 7.13029e-05 0.127317
 -0.00746495 3.68156e-06 2.91352e-11 0.0273995 76.5244 0.93588 221769 3310.12 0.000246983 0.529521 0.332713 0 0.000823558 1.92845e-06 0.643252 0.209001 7.07901e-05 0.000175285 1.71587e-06 0.12272 0.0237806 0.000167943 5.62849e-06 -1 5.39578e+07 12240.7 4.80571e+06 12225.5 9.41073e-09 0.02312 221849 221849 6.20546e+07 0.000369611 7.57687e-07 0.577379 0.164233 2.96605e-05 7.86688e-05 6.74177e-07 0.110157 0.0186874 7.03684e-05 0.128994
 -0.00746894 3.6823e-06 2.95027e-11 0.0272954 77.6209 0.938044 221767 3315.53 0.000246377 0.52815 0.334525 0 0.000800634 1.89685e-06 0.641474 0.208647 6.90152e-05 0.000174331 1.71481e-06 0.124523 0.0241365 0.000166103 5.71128e-06 -1 5.41895e+07 12263.9 4.84148e+06 12248.9 9.47037e-09 0.023413 221850 221850 6.23172e+07 0.000358637 7.43854e-07 0.574686 0.163642 2.88618e-05 7.80919e-05 6.72477e-07 0.111563 0.018931 6.94644e-05 0.130642
 -0.00747297 3.68304e-06 2.98749e-11 0.0271941 78.7272 0.940156 221766 3320.83 0.000245775 0.52679 0.336295 0 0.000778944 1.86666e-06 0.639722 0.208297 6.73535e-05 0.000173393 1.71366e-06 0.1263 0.0244879 0.000164321 5.79285e-06 -1 5.44175e+07 12286.5 4.87665e+06 12271.6 9.53044e-09 0.0237088 221851 221851 6.25755e+07 0.000348268 7.30643e-07 0.572042 0.163062 2.8114e-05 7.75258e-05 6.70766e-07 0.112942 0.0191706 6.85906e-05 0.132259
 -0.00747705 3.6838e-06 3.02519e-11 0.0270954 79.8431 0.942194 221765 3326.01 0.000245178 0.525443 0.338025 0 0.000758413 1.8378e-06 0.637997 0.207952 6.57958e-05 0.000172469 1.71243e-06 0.128047 0.0248346 0.000162598 5.87314e-06 -1 5.46417e+07 12308.4 4.91119e+06 12293.8 9.59095e-09 0.0240074 221851 221851 6.28294e+07 0.000338464 7.18022e-07 0.56945 0.162492 2.74133e-05 7.69709e-05 6.69052e-07 0.114294 0.0194063 6.77465e-05 0.133845
 -0.00748118 3.68456e-06 3.06338e-11 0.0269994 80.9686 0.944169 221764 3331.07 0.000244588 0.524111 0.339714 0 0.000738972 1.81021e-06 0.636301 0.207612 6.43339e-05 0.000171562 1.71114e-06 0.129765 0.0251762 0.000160933 5.95208e-06 -1 5.48618e+07 12329.8 4.94508e+06 12315.4 9.65189e-09 0.0243088 221852 221852 6.30787e+07 0.000329193 7.05964e-07 0.566911 0.161934 2.67558e-05 7.64279e-05 6.67338e-07 0.115618 0.0196377 6.69316e-05 0.135399
 -0.00748536 3.68533e-06 3.10205e-11 0.0269062 82.1036 0.946079 221763 3336 0.000244004 0.522795 0.341361 0 0.00072056 1.78382e-06 0.634636 0.207278 6.29605e-05 0.000170673 1.70979e-06 0.131451 0.0255124 0.000159325 6.0296e-06 -1 5.50778e+07 12350.5 4.97829e+06 12336.4 9.71328e-09 0.024613 221853 221853 6.33233e+07 0.000320422 6.94442e-07 0.564426 0.161386 2.61383e-05 7.58972e-05 6.65631e-07 0.116913 0.0198647 6.61454e-05 0.13692
 -0.0074896 3.68612e-06 3.14122e-11 0.0268156 83.2479 0.947902 221761 3340.82 0.000243429 0.521498 0.342965 0 0.000703119 1.75859e-06 0.633002 0.206949 6.1669e-05 0.000169802 1.70839e-06 0.133104 0.0258429 0.000157772 6.10564e-06 -1 5.52895e+07 12370.7 5.01081e+06 12356.9 9.77512e-09 0.02492 221854 221854 6.35628e+07 0.000312124 6.83434e-07 0.561997 0.160851 2.55577e-05 7.5379e-05 6.63935e-07 0.118178 0.0200871 6.53874e-05 0.138406
 -0.00749388 3.68691e-06 3.1809e-11 0.0267277 84.4015 0.949624 221760 3345.51 0.000242862 0.520221 0.344527 0 0.000686596 1.73447e-06 0.631401 0.206626 6.04533e-05 0.00016895 1.70696e-06 0.134724 0.0261674 0.000156275 6.18016e-06 -1 5.54967e+07 12390.3 5.04262e+06 12376.7 9.83741e-09 0.0252299 221856 221856 6.37973e+07 0.000304273 6.72916e-07 0.559626 0.160328 2.50114e-05 7.48738e-05 6.62253e-07 0.119414 0.0203048 6.46571e-05 0.139858
 -0.00749822 3.68771e-06 3.22108e-11 0.0266424 85.5642 0.951233 221759 3350.07 0.000242304 0.518966 0.346046 0 0.000670942 1.7114e-06 0.629834 0.206309 5.93083e-05 0.000168119 1.70549e-06 0.136308 0.0264855 0.000154832 6.25308e-06 -1 5.56993e+07 12409.2 5.0737e+06 12396 9.90016e-09 0.0255426 221857 221857 6.40265e+07 0.000296843 6.62868e-07 0.557312 0.159817 2.44971e-05 7.43818e-05 6.60589e-07 0.120618 0.0205177 6.39539e-05 0.141274
 -0.00750262 3.68852e-06 3.26178e-11 0.0265599 86.7354 0.952717 221758 3354.51 0.000241757 0.517734 0.347522 0 0.000656112 1.68936e-06 0.628303 0.205999 5.82289e-05 0.000167307 1.704e-06 0.137857 0.0267971 0.000153442 6.32437e-06 -1 5.58972e+07 12427.6 5.10404e+06 12414.7 9.96337e-09 0.0258579 221858 221858 6.42504e+07 0.000289813 6.53271e-07 0.555059 0.159319 2.40124e-05 7.39031e-05 6.58946e-07 0.121791 0.0207255 6.32773e-05 0.142654
 -0.00750707 3.68934e-06 3.303e-11 0.0264799 87.9164 0.954252 221757 3358.83 0.00024122 0.516526 0.348955 0 0.000642063 1.66828e-06 0.626807 0.205695 5.72109e-05 0.000166516 1.7025e-06 0.139368 0.0271019 0.000152104 6.39396e-06 -1 5.60903e+07 12445.4 5.13361e+06 12432.8 1.0027e-08 0.0261763 221859 221859 6.44687e+07 0.000283161 6.44107e-07 0.552866 0.158833 2.35554e-05 7.3438e-05 6.57327e-07 0.122932 0.0209282 6.26268e-05 0.143996
 -0.00751157 3.69018e-06 3.34475e-11 0.0264024 89.1035 0.955991 221754 3363.01 0.000240695 0.515345 0.350344 0 0.000628763 1.64816e-06 0.62535 0.205399 5.62508e-05 0.000165747 1.70098e-06 0.14084 0.0273995 0.000150817 6.46181e-06 -1 5.62784e+07 12462.6 5.16241e+06 12450.4 1.00912e-08 0.0264967 221859 221859 6.46813e+07 0.00027687 6.35362e-07 0.550735 0.158361 2.31246e-05 7.29867e-05 6.55735e-07 0.124041 0.0211256 6.2002e-05 0.145301
 -0.00751613 3.69102e-06 3.38704e-11 0.0263278 90.3006 0.957429 221753 3367.07 0.000240181 0.514191 0.351689 0 0.000616175 1.62895e-06 0.623931 0.20511 5.53449e-05 0.000165 1.69946e-06 0.142273 0.0276897 0.000149582 6.52785e-06 -1 5.64613e+07 12479.2 5.19041e+06 12467.3 1.01558e-08 0.0268203 221860 221860 6.48881e+07 0.000270923 6.27021e-07 0.548667 0.157903 2.27183e-05 7.25495e-05 6.54172e-07 0.125116 0.0213175 6.14023e-05 0.146568
 -0.00752075 3.69187e-06 3.42988e-11 0.0262558 91.5068 0.958812 221751 3370.99 0.00023968 0.513066 0.352991 0 0.000604258 1.61061e-06 0.622551 0.204828 5.44895e-05 0.000164275 1.69794e-06 0.143667 0.0279724 0.000148395 6.59208e-06 -1 5.66391e+07 12495.2 5.2176e+06 12483.7 1.02209e-08 0.0271468 221861 221861 6.50891e+07 0.000265299 6.19066e-07 0.546662 0.157458 2.23348e-05 7.21261e-05 6.52641e-07 0.126159 0.021504 6.08272e-05 0.147796
 -0.00752542 3.69273e-06 3.47326e-11 0.0261863 92.7212 0.960215 221750 3374.79 0.000239192 0.511969 0.35425 0 0.00059298 1.59312e-06 0.621211 0.204554 5.36818e-05 0.000163572 1.69642e-06 0.14502 0.0282474 0.000147257 6.65446e-06 -1 5.68116e+07 12510.7 5.24399e+06 12499.5 1.02865e-08 0.0274761 221863 221863 6.52841e+07 0.000259982 6.11483e-07 0.54472 0.157027 2.19729e-05 7.17168e-05 6.51144e-07 0.127168 0.021685 6.02759e-05 0.148985
 -0.00753015 3.69361e-06 3.51721e-11 0.0261195 93.9442 0.961603 221749 3378.46 0.000238717 0.510903 0.355465 0 0.000582311 1.57644e-06 0.619912 0.204288 5.29189e-05 0.000162891 1.69491e-06 0.146331 0.0285146 0.000146166 6.71497e-06 -1 5.69789e+07 12525.5 5.26955e+06 12514.7 1.03526e-08 0.0278083 221864 221864 6.54731e+07 0.000254958 6.04258e-07 0.542842 0.15661 2.16312e-05 7.13215e-05 6.49682e-07 0.128144 0.0218604 5.97481e-05 0.150135
 -0.00753495 3.69449e-06 3.56172e-11 0.0260551 95.1758 0.96294 221748 3382 0.000238255 0.509867 0.356636 0 0.000572221 1.56054e-06 0.618653 0.20403 5.21985e-05 0.000162234 1.69342e-06 0.147602 0.0287737 0.000145121 6.77357e-06 -1 5.71408e+07 12539.9 5.29429e+06 12529.4 1.04192e-08 0.0281433 221866 221866 6.56561e+07 0.000250211 5.97379e-07 0.541028 0.156206 2.13087e-05 7.09402e-05 6.48257e-07 0.129086 0.0220301 5.9243e-05 0.151247
 -0.0075398 3.69539e-06 3.6068e-11 0.0259933 96.416 0.96421 221747 3385.42 0.000237808 0.508863 0.357765 0 0.000562685 1.5454e-06 0.617436 0.20378 5.15182e-05 0.000161599 1.69195e-06 0.14883 0.0290247 0.000144122 6.83025e-06 -1 5.72973e+07 12553.6 5.3182e+06 12543.5 1.04862e-08 0.0284812 221868 221868 6.58329e+07 0.000245729 5.90833e-07 0.539278 0.155817 2.10043e-05 7.05729e-05 6.46871e-07 0.129995 0.022194 5.87603e-05 0.152319
 -0.00754471 3.6963e-06 3.65247e-11 0.025934 97.6645 0.965409 221746 3388.7 0.000237374 0.507891 0.358851 0 0.000553676 1.531e-06 0.61626 0.203538 5.0876e-05 0.000160987 1.6905e-06 0.150015 0.0292675 0.000143166 6.88499e-06 -1 5.74484e+07 12566.8 5.34127e+06 12557.1 1.05537e-08 0.0288221 221869 221869 6.60035e+07 0.000241499 5.84609e-07 0.537593 0.155441 2.07171e-05 7.02195e-05 6.45525e-07 0.130871 0.0223523 5.82994e-05 0.153351
 -0.00754968 3.69722e-06 3.69872e-11 0.0258771 98.9215 0.966542 221744 3391.86 0.000236955 0.506952 0.359894 0 0.00054517 1.5173e-06 0.615127 0.203304 5.02699e-05 0.000160397 1.68907e-06 0.151159 0.0295019 0.000142254 6.93777e-06 -1 5.7594e+07 12579.5 5.3635e+06 12570.1 1.06218e-08 0.0291658 221871 221871 6.6168e+07 0.000237508 5.78695e-07 0.535971 0.15508 2.04461e-05 6.988e-05 6.44219e-07 0.131712 0.0225047 5.78597e-05 0.154345
 -0.00755471 3.69814e-06 3.74557e-11 0.0258227 100.187 0.967617 221743 3394.89 0.000236551 0.506046 0.360895 0 0.000537144 1.50428e-06 0.614036 0.203079 4.96981e-05 0.000159831 1.68767e-06 0.152259 0.0297279 0.000141384 6.9886e-06 -1 5.77341e+07 12591.6 5.38489e+06 12582.6 1.06903e-08 0.0295125 221873 221873 6.63263e+07 0.000233746 5.73081e-07 0.534414 0.154732 2.01906e-05 6.95542e-05 6.42955e-07 0.132521 0.0226514 5.74406e-05 0.155299
 -0.00755981 3.69909e-06 3.79303e-11 0.0257707 101.461 0.968643 221742 3397.79 0.000236161 0.505174 0.361854 0 0.000529575 1.49193e-06 0.612987 0.202862 4.91588e-05 0.000159287 1.6863e-06 0.153317 0.0299454 0.000140555 7.03746e-06 -1 5.78687e+07 12603.1 5.40545e+06 12594.5 1.07593e-08 0.0298621 221875 221875 6.64783e+07 0.000230201 5.67756e-07 0.53292 0.154399 1.99498e-05 6.9242e-05 6.41734e-07 0.133296 0.0227923 5.70417e-05 0.156215
 -0.00756496 3.70004e-06 3.8411e-11 0.025721 102.743 0.969623 221741 3400.57 0.000235787 0.504334 0.362772 0 0.000522442 1.48022e-06 0.61198 0.202654 4.86506e-05 0.000158765 1.68496e-06 0.154332 0.0301544 0.000139767 7.08436e-06 -1 5.79979e+07 12614.2 5.42516e+06 12605.9 1.08288e-08 0.0302148 221877 221877 6.66242e+07 0.000226864 5.6271e-07 0.531489 0.154079 1.9723e-05 6.89432e-05 6.40555e-07 0.134039 0.0229274 5.66624e-05 0.157092
 -0.00757019 3.701e-06 3.88979e-11 0.0256736 104.034 0.970569 221740 3403.22 0.000235427 0.503529 0.363649 0 0.000515725 1.46912e-06 0.611015 0.202454 4.8172e-05 0.000158266 1.68366e-06 0.155304 0.030355 0.000139017 7.1293e-06 -1 5.81217e+07 12624.7 5.44405e+06 12616.8 1.08987e-08 0.0305704 221879 221879 6.6764e+07 0.000223724 5.57932e-07 0.530121 0.153774 1.95094e-05 6.86577e-05 6.3942e-07 0.134748 0.0230569 5.63021e-05 0.157931
 -0.00757548 3.70198e-06 3.93911e-11 0.0256285 105.333 0.97148 221738 3405.76 0.000235082 0.502757 0.364486 0 0.000509406 1.45861e-06 0.610092 0.202263 4.77215e-05 0.000157789 1.68239e-06 0.156235 0.0305471 0.000138305 7.1723e-06 -1 5.824e+07 12634.8 5.46211e+06 12627.2 1.09692e-08 0.0309292 221881 221881 6.68976e+07 0.000220771 5.53414e-07 0.528815 0.153481 1.93085e-05 6.83853e-05 6.38329e-07 0.135426 0.0231806 5.59603e-05 0.158731
 -0.00758083 3.70297e-06 3.98907e-11 0.0255856 106.641 0.972363 221737 3408.17 0.000234752 0.502018 0.365284 0 0.000503465 1.44868e-06 0.609211 0.202079 4.72977e-05 0.000157333 1.68116e-06 0.157123 0.0307308 0.00013763 7.21338e-06 -1 5.8353e+07 12644.3 5.47936e+06 12637.1 1.10401e-08 0.031291 221883 221883 6.70252e+07 0.000217997 5.49145e-07 0.52757 0.153203 1.91196e-05 6.81258e-05 6.37281e-07 0.136072 0.0232988 5.56364e-05 0.159495
 -0.00758625 3.70397e-06 4.03968e-11 0.0255448 107.957 0.973221 221736 3410.47 0.000234437 0.501313 0.366043 0 0.000497885 1.4393e-06 0.60837 0.201905 4.68996e-05 0.000156899 1.67997e-06 0.15797 0.0309061 0.000136991 7.25254e-06 -1 5.84607e+07 12653.3 5.4958e+06 12646.4 1.11115e-08 0.031656 221885 221885 6.71468e+07 0.000215394 5.45117e-07 0.526384 0.152937 1.89422e-05 6.78789e-05 6.36278e-07 0.136687 0.0234113 5.53299e-05 0.160222
 -0.00759174 3.70498e-06 4.09094e-11 0.0255062 109.283 0.974054 221735 3412.65 0.000234136 0.500641 0.366763 0 0.000492648 1.43046e-06 0.60757 0.201738 4.65258e-05 0.000156487 1.67883e-06 0.158776 0.0310731 0.000136386 7.28982e-06 -1 5.85632e+07 12661.9 5.51144e+06 12655.4 1.11834e-08 0.0320241 221887 221887 6.72625e+07 0.000212953 5.41319e-07 0.525258 0.152685 1.87757e-05 6.76444e-05 6.35318e-07 0.137271 0.0235184 5.50402e-05 0.160912
 -0.00759729 3.70601e-06 4.14286e-11 0.0254696 110.617 0.974868 221733 3414.72 0.00023385 0.500001 0.367447 0 0.00048774 1.42213e-06 0.60681 0.20158 4.61752e-05 0.000156094 1.67772e-06 0.159542 0.031232 0.000135815 7.32525e-06 -1 5.86606e+07 12670 5.5263e+06 12663.8 1.12557e-08 0.0323956 221889 221889 6.73725e+07 0.000210666 5.37744e-07 0.524189 0.152446 1.86196e-05 6.7422e-05 6.34402e-07 0.137825 0.0236201 5.47668e-05 0.161567
 -0.00760291 3.70705e-06 4.19546e-11 0.0254351 111.961 0.975661 221732 3416.68 0.000233579 0.499394 0.368094 0 0.000483144 1.41429e-06 0.606089 0.201429 4.58467e-05 0.000155723 1.67666e-06 0.160268 0.0313828 0.000135277 7.35885e-06 -1 5.87529e+07 12677.7 5.5404e+06 12671.8 1.13285e-08 0.0327703 221892 221892 6.74767e+07 0.000208525 5.34382e-07 0.523178 0.152219 1.84734e-05 6.72114e-05 6.3353e-07 0.138349 0.0237165 5.45091e-05 0.162188
 -0.00760861 3.7081e-06 4.24874e-11 0.0254025 113.315 0.976434 221731 3418.53 0.000233321 0.498818 0.368706 0 0.000478844 1.40692e-06 0.605406 0.201287 4.55393e-05 0.000155371 1.67564e-06 0.160956 0.0315257 0.000134769 7.39066e-06 -1 5.88402e+07 12684.9 5.55374e+06 12679.4 1.14018e-08 0.0331484 221894 221894 6.75754e+07 0.000206524 5.31226e-07 0.522221 0.152004 1.83366e-05 6.70123e-05 6.327e-07 0.138845 0.0238078 5.42666e-05 0.162775
 -0.00761437 3.70917e-06 4.30272e-11 0.0253717 114.678 0.977187 221730 3420.27 0.000233078 0.498273 0.369283 0 0.000474827 1.40001e-06 0.604761 0.201152 4.52519e-05 0.000155038 1.67467e-06 0.161606 0.0316608 0.000134293 7.42073e-06 -1 5.89228e+07 12691.7 5.56635e+06 12686.5 1.14755e-08 0.03353 221896 221896 6.76686e+07 0.000204656 5.28265e-07 0.521318 0.151801 1.82088e-05 6.68245e-05 6.31912e-07 0.139313 0.0238939 5.40387e-05 0.163328
 -0.00762021 3.71024e-06 4.35739e-11 0.0253428 116.05 0.977925 221728 3421.92 0.000232847 0.497759 0.369827 0 0.000471079 1.39354e-06 0.604153 0.201025 4.49836e-05 0.000154724 1.67374e-06 0.162218 0.0317884 0.000133845 7.44908e-06 -1 5.90006e+07 12698.1 5.57823e+06 12693.2 1.15496e-08 0.0339151 221899 221899 6.77565e+07 0.000202913 5.25493e-07 0.520468 0.151611 1.80896e-05 6.66475e-05 6.31166e-07 0.139754 0.0239752 5.38248e-05 0.16385
 -0.00762612 3.71134e-06 4.41277e-11 0.0253157 117.433 0.978643 221727 3423.46 0.000232631 0.497274 0.370338 0 0.000467586 1.38748e-06 0.60358 0.200905 4.47335e-05 0.000154429 1.67285e-06 0.162795 0.0319085 0.000133425 7.47578e-06 -1 5.90739e+07 12704.1 5.58943e+06 12699.5 1.16241e-08 0.0343038 221901 221901 6.78392e+07 0.00020129 5.22901e-07 0.519669 0.151431 1.79784e-05 6.64811e-05 6.3046e-07 0.140168 0.0240516 5.36245e-05 0.16434
 -0.0076321 3.71244e-06 4.46888e-11 0.0252903 118.827 0.979345 221725 3424.91 0.000232426 0.496818 0.370818 0 0.000464335 1.38182e-06 0.603042 0.200793 4.45006e-05 0.000154151 1.67201e-06 0.163337 0.0320215 0.000133032 7.50086e-06 -1 5.91427e+07 12709.8 5.59994e+06 12705.4 1.16991e-08 0.0346961 221904 221904 6.79169e+07 0.00019978 5.20482e-07 0.518918 0.151263 1.78749e-05 6.63249e-05 6.29795e-07 0.140557 0.0241234 5.34371e-05 0.1648
 -0.00763816 3.71356e-06 4.52571e-11 0.0252665 120.231 0.980029 221724 3426.26 0.000232235 0.49639 0.371268 0 0.000461314 1.37655e-06 0.602538 0.200687 4.4284e-05 0.000153891 1.67121e-06 0.163845 0.0321274 0.000132666 7.52438e-06 -1 5.92072e+07 12715 5.6098e+06 12710.9 1.17744e-08 0.0350922 221907 221907 6.79898e+07 0.000198377 5.18226e-07 0.518216 0.151105 1.77787e-05 6.61786e-05 6.29168e-07 0.140921 0.0241907 5.32622e-05 0.165231
 -0.00764429 3.71469e-06 4.58328e-11 0.0252442 121.646 0.980697 221723 3427.53 0.000232056 0.49599 0.371688 0 0.00045851 1.37163e-06 0.602066 0.200588 4.4083e-05 0.000153647 1.67045e-06 0.16432 0.0322266 0.000132324 7.54638e-06 -1 5.92675e+07 12719.9 5.61903e+06 12716.1 1.18502e-08 0.0354921 221909 221909 6.8058e+07 0.000197076 5.16126e-07 0.517559 0.150957 1.76894e-05 6.60417e-05 6.28578e-07 0.141261 0.0242537 5.30991e-05 0.165634
 -0.00765049 3.71584e-06 4.6416e-11 0.0252235 123.073 0.981347 221721 3428.71 0.000231888 0.495615 0.37208 0 0.000455912 1.36707e-06 0.601625 0.200496 4.38966e-05 0.000153419 1.66974e-06 0.164764 0.0323193 0.000132005 7.56693e-06 -1 5.93238e+07 12724.5 5.62764e+06 12720.9 1.19263e-08 0.0358959 221912 221912 6.81216e+07 0.000195871 5.14176e-07 0.516946 0.150819 1.76066e-05 6.5914e-05 6.28026e-07 0.141579 0.0243124 5.29473e-05 0.16601
 -0.00765678 3.717e-06 4.70069e-11 0.0252043 124.511 0.981987 221719 3429.81 0.000231731 0.495266 0.372445 0 0.000453509 1.36283e-06 0.601215 0.20041 4.37241e-05 0.000153207 1.66907e-06 0.165177 0.0324057 0.000131709 7.58608e-06 -1 5.93763e+07 12728.7 5.63567e+06 12725.4 1.20029e-08 0.0363036 221915 221915 6.8181e+07 0.000194756 5.12367e-07 0.516376 0.150691 1.75301e-05 6.5795e-05 6.27509e-07 0.141874 0.0243672 5.28064e-05 0.16636
 -0.00766314 3.71818e-06 4.76054e-11 0.0251864 125.961 0.982612 221718 3430.83 0.000231586 0.494941 0.372785 0 0.000451289 1.35891e-06 0.600833 0.20033 4.35648e-05 0.000153009 1.66844e-06 0.165562 0.0324861 0.000131435 7.60388e-06 -1 5.94251e+07 12732.6 5.64313e+06 12729.5 1.20797e-08 0.0367155 221918 221918 6.82361e+07 0.000193727 5.10693e-07 0.515846 0.150572 1.74594e-05 6.56843e-05 6.27026e-07 0.142149 0.024418 5.26757e-05 0.166685
 -0.00766958 3.71937e-06 4.82117e-11 0.0251698 127.423 0.983222 221716 3431.77 0.000231451 0.494639 0.373099 0 0.000449243 1.35529e-06 0.600479 0.200255 4.34179e-05 0.000152825 1.66784e-06 0.165918 0.0325607 0.000131181 7.62039e-06 -1 5.94703e+07 12736.3 5.65006e+06 12733.4 1.21569e-08 0.0371316 221921 221921 6.82873e+07 0.000192779 5.09145e-07 0.515354 0.150461 1.73942e-05 6.55817e-05 6.26576e-07 0.142403 0.0244652 5.25548e-05 0.166987
 -0.0076761 3.72057e-06 4.88259e-11 0.0251544 128.899 0.983821 221715 3432.65 0.000231326 0.49436 0.37339 0 0.00044736 1.35194e-06 0.600151 0.200186 4.32826e-05 0.000152655 1.66729e-06 0.166248 0.0326297 0.000130946 7.63568e-06 -1 5.95122e+07 12739.6 5.65647e+06 12737 1.22345e-08 0.0375519 221924 221924 6.83346e+07 0.000191906 5.07718e-07 0.5149 0.150359 1.73341e-05 6.54866e-05 6.26157e-07 0.142638 0.0245088 5.24432e-05 0.167265
 -0.00768271 3.72179e-06 4.94482e-11 0.0251403 130.387 0.984412 221713 3433.45 0.00023121 0.494101 0.373659 0 0.00044563 1.34886e-06 0.599848 0.200123 4.31583e-05 0.000152498 1.66677e-06 0.166553 0.0326935 0.00013073 7.6498e-06 -1 5.95509e+07 12742.7 5.66239e+06 12740.3 1.23124e-08 0.0379766 221927 221927 6.83784e+07 0.000191105 5.06405e-07 0.514481 0.150264 1.7279e-05 6.53988e-05 6.25769e-07 0.142856 0.0245491 5.23403e-05 0.167523
 -0.00768939 3.72303e-06 5.00786e-11 0.0251272 131.889 0.984992 221711 3434.19 0.000231103 0.493863 0.373907 0 0.000444044 1.34603e-06 0.599569 0.200064 4.30443e-05 0.000152353 1.66629e-06 0.166834 0.0327523 0.000130531 7.6628e-06 -1 5.95865e+07 12745.6 5.66785e+06 12743.3 1.23906e-08 0.0384057 221930 221930 6.84187e+07 0.00019037 5.05198e-07 0.514095 0.150178 1.72284e-05 6.53179e-05 6.2541e-07 0.143056 0.0245863 5.22458e-05 0.16776
 -0.00769616 3.72428e-06 5.07172e-11 0.0251152 133.405 0.985562 221709 3434.87 0.000231005 0.493644 0.374134 0 0.000442593 1.34344e-06 0.599313 0.20001 4.294e-05 0.000152219 1.66585e-06 0.167092 0.0328063 0.000130348 7.67476e-06 -1 5.96192e+07 12748.2 5.67286e+06 12746.1 1.2469e-08 0.0388394 221933 221933 6.84558e+07 0.000189699 5.04092e-07 0.51374 0.150098 1.71822e-05 6.52435e-05 6.25078e-07 0.143239 0.0246204 5.2159e-05 0.167977
 -0.00770301 3.72554e-06 5.13642e-11 0.0251042 134.935 0.986126 221707 3435.5 0.000230915 0.493443 0.374343 0 0.000441268 1.34107e-06 0.599078 0.199961 4.28448e-05 0.000152096 1.66543e-06 0.167328 0.0328559 0.000130181 7.68572e-06 -1 5.96492e+07 12750.5 5.67746e+06 12748.6 1.25478e-08 0.0392777 221936 221936 6.84898e+07 0.000189085 5.0308e-07 0.513415 0.150025 1.71399e-05 6.51752e-05 6.24772e-07 0.143408 0.0246516 5.20795e-05 0.168177
 -0.00770995 3.72682e-06 5.20196e-11 0.0250941 136.48 0.986687 221705 3436.07 0.000230832 0.493259 0.374533 0 0.00044006 1.3389e-06 0.598863 0.199916 4.27579e-05 0.000151984 1.66505e-06 0.167545 0.0329012 0.000130028 7.69574e-06 -1 5.96766e+07 12752.7 5.68167e+06 12751 1.26268e-08 0.0397209 221939 221939 6.85209e+07 0.000188526 5.02157e-07 0.513118 0.149958 1.71014e-05 6.51127e-05 6.24491e-07 0.143561 0.0246802 5.2007e-05 0.168359
 -0.00771697 3.72812e-06 5.26836e-11 0.0250849 138.04 0.987242 221703 3436.59 0.000230757 0.493091 0.374707 0 0.000438963 1.33693e-06 0.598667 0.199874 4.2679e-05 0.000151881 1.6647e-06 0.167742 0.0329425 0.000129889 7.70488e-06 -1 5.97016e+07 12754.7 5.6855e+06 12753.1 1.27061e-08 0.0401688 221942 221942 6.85493e+07 0.000188019 5.01316e-07 0.512847 0.149897 1.70664e-05 6.50556e-05 6.24234e-07 0.143702 0.0247062 5.19409e-05 0.168525
 -0.00772408 3.72943e-06 5.33563e-11 0.0250765 139.616 0.987794 221701 3437.06 0.000230689 0.492938 0.374865 0 0.000437968 1.33513e-06 0.598489 0.199837 4.26074e-05 0.000151787 1.66437e-06 0.167922 0.0329802 0.000129762 7.7132e-06 -1 5.97244e+07 12756.5 5.68899e+06 12755 1.27857e-08 0.0406218 221945 221945 6.85751e+07 0.000187558 5.00553e-07 0.512601 0.149841 1.70347e-05 6.50035e-05 6.23998e-07 0.143829 0.0247299 5.18808e-05 0.168676
 -0.00773128 3.73076e-06 5.40379e-11 0.0250689 141.208 0.988346 221699 3437.48 0.000230626 0.492799 0.375009 0 0.000437067 1.33351e-06 0.598327 0.199803 4.25425e-05 0.000151702 1.66407e-06 0.168084 0.0330143 0.000129647 7.72074e-06 -1 5.9745e+07 12758.1 5.69216e+06 12756.8 1.28654e-08 0.0410798 221949 221949 6.85986e+07 0.000187141 4.9986e-07 0.512377 0.149791 1.7006e-05 6.49563e-05 6.23783e-07 0.143945 0.0247514 5.18263e-05 0.168813
 -0.00773856 3.73211e-06 5.47284e-11 0.025062 142.816 0.988898 221696 3437.87 0.00023057 0.492673 0.375139 0 0.000436254 1.33204e-06 0.59818 0.199772 4.2484e-05 0.000151625 1.6638e-06 0.168232 0.0330452 0.000129544 7.72757e-06 -1 5.97637e+07 12759.6 5.69503e+06 12758.4 1.29454e-08 0.041543 221952 221952 6.86198e+07 0.000186765 4.99235e-07 0.512175 0.149745 1.698e-05 6.49134e-05 6.23587e-07 0.14405 0.0247709 5.1777e-05 0.168937
 -0.00774594 3.73347e-06 5.54279e-11 0.0250557 144.441 0.989452 221694 3438.22 0.000230519 0.49256 0.375256 0 0.000435522 1.33071e-06 0.598048 0.199744 4.24313e-05 0.000151555 1.66355e-06 0.168365 0.033073 0.00012945 7.73373e-06 -1 5.97805e+07 12760.9 5.69761e+06 12759.8 1.30256e-08 0.0420115 221955 221955 6.8639e+07 0.000186427 4.98671e-07 0.511993 0.149704 1.69567e-05 6.48747e-05 6.23409e-07 0.144144 0.0247884 5.17325e-05 0.169049
 -0.00775341 3.73485e-06 5.61366e-11 0.02505 146.084 0.990011 221691 3438.53 0.000230473 0.492457 0.375361 0 0.000434865 1.32952e-06 0.597929 0.199719 4.23839e-05 0.000151491 1.66332e-06 0.168484 0.0330981 0.000129365 7.73928e-06 -1 5.97957e+07 12762.1 5.69994e+06 12761.1 1.3106e-08 0.0424854 221959 221959 6.86563e+07 0.000186123 4.98163e-07 0.511829 0.149667 1.69357e-05 6.48397e-05 6.23248e-07 0.144229 0.0248042 5.16925e-05 0.16915
 -0.00776097 3.73625e-06 5.68547e-11 0.0250448 147.745 0.990574 221689 3438.81 0.000230432 0.492366 0.375455 0 0.000434276 1.32845e-06 0.597823 0.199697 4.23415e-05 0.000151434 1.66311e-06 0.168592 0.0331206 0.00012929 7.74425e-06 -1 5.98093e+07 12763.1 5.70203e+06 12762.3 1.31865e-08 0.0429648 221962 221962 6.86719e+07 0.000185851 4.97708e-07 0.511682 0.149634 1.69169e-05 6.48083e-05 6.23102e-07 0.144305 0.0248184 5.16566e-05 0.16924
 -0.00776863 3.73766e-06 5.75822e-11 0.0250402 149.424 0.991142 221686 3439.06 0.000230395 0.492283 0.375539 0 0.000433751 1.32749e-06 0.597727 0.199677 4.23035e-05 0.000151383 1.66293e-06 0.168688 0.0331407 0.000129222 7.74869e-06 -1 5.98214e+07 12764.1 5.70389e+06 12763.3 1.32673e-08 0.0434499 221966 221966 6.86858e+07 0.000185608 4.97301e-07 0.511551 0.149605 1.69001e-05 6.47802e-05 6.22971e-07 0.144373 0.024831 5.16245e-05 0.169321
 -0.00777638 3.7391e-06 5.83192e-11 0.025036 151.121 0.991719 221683 3439.28 0.000230362 0.49221 0.375614 0 0.000433283 1.32664e-06 0.597642 0.199659 4.22697e-05 0.000151338 1.66275e-06 0.168773 0.0331586 0.000129161 7.75266e-06 -1 5.98322e+07 12764.9 5.70555e+06 12764.2 1.33481e-08 0.0439406 221969 221969 6.86982e+07 0.000185391 4.96937e-07 0.511434 0.149578 1.68851e-05 6.47549e-05 6.22853e-07 0.144434 0.0248423 5.15959e-05 0.169393
 -0.00778422 3.74054e-06 5.9066e-11 0.0250323 152.838 0.992306 221680 3439.48 0.000230333 0.492145 0.375681 0 0.000432867 1.32588e-06 0.597567 0.199643 4.22397e-05 0.000151297 1.6626e-06 0.168849 0.0331746 0.000129108 7.75618e-06 -1 5.98419e+07 12765.7 5.70703e+06 12765 1.34292e-08 0.0444372 221973 221973 6.87093e+07 0.000185199 4.96614e-07 0.511329 0.149555 1.68718e-05 6.47325e-05 6.22747e-07 0.144488 0.0248523 5.15704e-05 0.169456
 -0.00779217 3.74201e-06 5.98226e-11 0.0250289 154.574 0.992902 221677 3439.66 0.000230307 0.492087 0.37574 0 0.0004325 1.3252e-06 0.5975 0.199629 4.22131e-05 0.00015126 1.66246e-06 0.168917 0.0331887 0.00012906 7.75929e-06 -1 5.98504e+07 12766.3 5.70833e+06 12765.8 1.35103e-08 0.0449398 221976 221976 6.87192e+07 0.000185029 4.96327e-07 0.511237 0.149534 1.686e-05 6.47125e-05 6.22652e-07 0.144535 0.0248612 5.15478e-05 0.169513
 -0.00780021 3.7435e-06 6.05892e-11 0.0250259 156.331 0.993511 221674 3439.81 0.000230284 0.492036 0.375791 0 0.000432175 1.3246e-06 0.597441 0.199617 4.21896e-05 0.000151228 1.66233e-06 0.168976 0.0332011 0.000129018 7.76204e-06 -1 5.98579e+07 12766.9 5.70948e+06 12766.4 1.35916e-08 0.0454484 221980 221980 6.87279e+07 0.000184879 4.96074e-07 0.511156 0.149516 1.68496e-05 6.46947e-05 6.22567e-07 0.144577 0.024869 5.15279e-05 0.169563
 -0.00780836 3.745e-06 6.13659e-11 0.0250232 158.108 0.994132 221670 3439.95 0.000230264 0.491991 0.375837 0 0.00043189 1.32408e-06 0.597389 0.199606 4.21689e-05 0.000151199 1.66222e-06 0.169028 0.033212 0.000128981 7.76446e-06 -1 5.98645e+07 12767.4 5.71049e+06 12766.9 1.3673e-08 0.0459632 221983 221983 6.87356e+07 0.000184747 4.9585e-07 0.511085 0.1495 1.68405e-05 6.4679e-05 6.22491e-07 0.144614 0.0248759 5.15103e-05 0.169607
 -0.0078166 3.74653e-06 6.21529e-11 0.0250208 159.906 0.994767 221667 3440.06 0.000230246 0.491951 0.375876 0 0.00043164 1.32361e-06 0.597344 0.199596 4.21507e-05 0.000151174 1.66212e-06 0.169074 0.0332216 0.000128948 7.76658e-06 -1 5.98703e+07 12767.8 5.71138e+06 12767.4 1.37545e-08 0.0464843 221987 221987 6.87424e+07 0.000184632 4.95654e-07 0.511022 0.149486 1.68324e-05 6.46652e-05 6.22423e-07 0.144647 0.0248819 5.14949e-05 0.169645
 -0.00782495 3.74807e-06 6.29503e-11 0.0250186 161.725 0.995418 221663 3440.17 0.000230231 0.491916 0.37591 0 0.000431421 1.32321e-06 0.597304 0.199588 4.21348e-05 0.000151152 1.66202e-06 0.169114 0.03323 0.000128919 7.76843e-06 -1 5.98753e+07 12768.2 5.71215e+06 12767.8 1.3836e-08 0.0470117 221991 221991 6.87483e+07 0.000184531 4.95481e-07 0.510967 0.149473 1.68254e-05 6.4653e-05 6.22363e-07 0.144675 0.0248871 5.14814e-05 0.169678
 -0.0078334 3.74963e-06 6.37582e-11 0.0250166 163.566 0.996085 221659 3440.25 0.000230217 0.491886 0.37594 0 0.000431231 1.32285e-06 0.59727 0.199581 4.21209e-05 0.000151132 1.66194e-06 0.169148 0.0332372 0.000128894 7.77003e-06 -1 5.98797e+07 12768.5 5.71281e+06 12768.2 1.39177e-08 0.0475457 221994 221994 6.87535e+07 0.000184443 4.95331e-07 0.51092 0.149463 1.68192e-05 6.46424e-05 6.2231e-07 0.1447 0.0248917 5.14696e-05 0.169708
 -0.00784195 3.75121e-06 6.45768e-11 0.0250148 165.43 0.99677 221655 3440.33 0.000230205 0.49186 0.375965 0 0.000431067 1.32254e-06 0.59724 0.199574 4.21088e-05 0.000151115 1.66186e-06 0.169178 0.0332435 0.000128873 7.77142e-06 -1 5.98834e+07 12768.8 5.71339e+06 12768.5 1.39994e-08 0.0480863 221998 221998 6.87581e+07 0.000184367 4.95199e-07 0.510879 0.149453 1.68139e-05 6.4633e-05 6.22262e-07 0.144721 0.0248956 5.14594e-05 0.169733
 -0.00785061 3.75281e-06 6.54062e-11 0.0250132 167.316 0.997473 221651 3440.4 0.000230195 0.491837 0.375987 0 0.000430925 1.32227e-06 0.597214 0.199569 4.20983e-05 0.0001511 1.66179e-06 0.169204 0.0332489 0.000128854 7.77262e-06 -1 5.98867e+07 12769 5.71388e+06 12768.8 1.40812e-08 0.0486336 222001 222001 6.8762e+07 0.000184302 4.95085e-07 0.510844 0.149445 1.68093e-05 6.46248e-05 6.2222e-07 0.144739 0.024899 5.14505e-05 0.169754
 -0.00785938 3.75443e-06 6.62466e-11 0.0250118 169.225 0.998197 221647 3440.45 0.000230186 0.491818 0.376005 0 0.000430803 1.32204e-06 0.597192 0.199564 4.20892e-05 0.000151086 1.66173e-06 0.169226 0.0332535 0.000128838 7.77364e-06 -1 5.98895e+07 12769.2 5.7143e+06 12769 1.41631e-08 0.0491878 222005 222005 6.87655e+07 0.000184245 4.94986e-07 0.510814 0.149439 1.68053e-05 6.46177e-05 6.22182e-07 0.144755 0.0249019 5.14429e-05 0.169773
 -0.00786826 3.75607e-06 6.70982e-11 0.0250104 171.158 0.99894 221642 3440.5 0.000230179 0.491801 0.37602 0 0.000430698 1.32183e-06 0.597174 0.19956 4.20814e-05 0.000151075 1.66167e-06 0.169245 0.0332575 0.000128824 7.77451e-06 -1 5.98918e+07 12769.4 5.71466e+06 12769.2 1.4245e-08 0.0497489 222009 222009 6.87685e+07 0.000184197 4.94901e-07 0.510788 0.149433 1.68018e-05 6.46115e-05 6.22149e-07 0.144768 0.0249044 5.14363e-05 0.169789
 -0.00787724 3.75773e-06 6.79611e-11 0.0250092 173.115 0.999706 221637 3440.54 0.000230172 0.491787 0.376032 0 0.000430609 1.32166e-06 0.597158 0.199557 4.20747e-05 0.000151065 1.66162e-06 0.169261 0.0332608 0.000128812 7.77525e-06 -1 5.98938e+07 12769.5 5.71495e+06 12769.4 1.4327e-08 0.050317 222012 222012 6.8771e+07 0.000184156 4.94827e-07 0.510766 0.149428 1.67989e-05 6.46062e-05 6.22119e-07 0.144779 0.0249065 5.14307e-05 0.169802
 -0.00788634 3.75941e-06 6.88354e-11 0.0250081 175.096 1.00049 221632 3440.57 0.000230167 0.491775 0.376042 0 0.000430534 1.32151e-06 0.597145 0.199554 4.2069e-05 0.000151056 1.66157e-06 0.169274 0.0332636 0.000128802 7.77586e-06 -1 5.98955e+07 12769.7 5.7152e+06 12769.5 1.44089e-08 0.0508924 222016 222016 6.87733e+07 0.000184121 4.94764e-07 0.510748 0.149424 1.67964e-05 6.46015e-05 6.22092e-07 0.144789 0.0249082 5.14259e-05 0.169813
 -0.00789555 3.76111e-06 6.97214e-11 0.025007 177.102 1.0013 221627 3440.6 0.000230162 0.491765 0.37605 0 0.00043047 1.32138e-06 0.597134 0.199552 4.20641e-05 0.000151048 1.66152e-06 0.169285 0.0332659 0.000128793 7.77638e-06 -1 5.98969e+07 12769.7 5.7154e+06 12769.6 1.44909e-08 0.0514751 222019 222019 6.87752e+07 0.000184092 4.9471e-07 0.510733 0.14942 1.67942e-05 6.45974e-05 6.22067e-07 0.144797 0.0249097 5.14219e-05 0.169823
 -0.00790488 3.76283e-06 7.06191e-11 0.025006 179.133 1.00214 221621 3440.62 0.000230158 0.491756 0.376057 0 0.000430417 1.32126e-06 0.597124 0.19955 4.20599e-05 0.000151041 1.66148e-06 0.169295 0.0332678 0.000128785 7.77681e-06 -1 5.9898e+07 12769.8 5.71557e+06 12769.7 1.4573e-08 0.0520651 222023 222023 6.87768e+07 0.000184068 4.94663e-07 0.51072 0.149418 1.67924e-05 6.45939e-05 6.22045e-07 0.144803 0.0249109 5.14184e-05 0.16983
 -0.00791432 3.76458e-06 7.15288e-11 0.0250051 181.19 1.003 221616 3440.64 0.000230155 0.491749 0.376061 0 0.000430373 1.32117e-06 0.597117 0.199548 4.20563e-05 0.000151035 1.66144e-06 0.169302 0.0332694 0.000128779 7.77715e-06 -1 5.9899e+07 12769.9 5.7157e+06 12769.7 1.4655e-08 0.0526627 222026 222026 6.87782e+07 0.000184047 4.94623e-07 0.51071 0.149415 1.67908e-05 6.45908e-05 6.22025e-07 0.144809 0.0249119 5.14156e-05 0.169837
 -0.00792388 3.76634e-06 7.24506e-11 0.0250042 183.274 1.00389 221610 3440.65 0.000230152 0.491743 0.376064 0 0.000430336 1.32108e-06 0.597111 0.199547 4.20533e-05 0.00015103 1.6614e-06 0.169308 0.0332707 0.000128774 7.77743e-06 -1 5.98997e+07 12769.9 5.7158e+06 12769.8 1.47371e-08 0.0532679 222030 222030 6.87794e+07 0.000184031 4.94589e-07 0.510701 0.149413 1.67895e-05 6.45881e-05 6.22006e-07 0.144813 0.0249127 5.14131e-05 0.169842
 -0.00793356 3.76813e-06 7.33848e-11 0.0250033 185.383 1.0048 221603 3440.66 0.00023015 0.491738 0.376066 0 0.000430306 1.32101e-06 0.597106 0.199546 4.20508e-05 0.000151025 1.66136e-06 0.169313 0.0332717 0.00012877 7.77766e-06 -1 5.99003e+07 12769.9 5.71587e+06 12769.8 1.48191e-08 0.0538809 222033 222033 6.87804e+07 0.000184017 4.94559e-07 0.510695 0.149412 1.67884e-05 6.45858e-05 6.21989e-07 0.144816 0.0249133 5.14111e-05 0.169846
 -0.00794336 3.76994e-06 7.43313e-11 0.0250025 187.52 1.00574 221597 3440.67 0.000230148 0.491734 0.376067 0 0.000430282 1.32095e-06 0.597103 0.199545 4.20486e-05 0.000151021 1.66132e-06 0.169317 0.0332724 0.000128766 7.77783e-06 -1 5.99007e+07 12769.9 5.71592e+06 12769.8 1.49012e-08 0.0545017 222037 222037 6.87813e+07 0.000184006 4.94534e-07 0.51069 0.149411 1.67875e-05 6.45837e-05 6.21972e-07 0.144819 0.0249138 5.14095e-05 0.169849
 -0.00795328 3.77178e-06 7.52905e-11 0.0250016 189.684 1.00671 221590 3440.67 0.000230147 0.49173 0.376067 0 0.000430263 1.32089e-06 0.5971 0.199545 4.20468e-05 0.000151017 1.66128e-06 0.169319 0.033273 0.000128763 7.77795e-06 -1 5.99011e+07 12769.9 5.71596e+06 12769.8 1.49833e-08 0.0551306 222040 222040 6.87821e+07 0.000183997 4.94512e-07 0.510686 0.14941 1.67867e-05 6.45819e-05 6.21956e-07 0.144821 0.0249142 5.14081e-05 0.169851
 -0.00796332 3.77363e-06 7.62626e-11 0.0250008 191.875 1.0077 221583 3440.67 0.000230146 0.491728 0.376066 0 0.000430248 1.32085e-06 0.597098 0.199544 4.20452e-05 0.000151013 1.66124e-06 0.169321 0.0332734 0.00012876 7.77805e-06 -1 5.99013e+07 12769.9 5.71597e+06 12769.8 1.50653e-08 0.0557675 222043 222043 6.87827e+07 0.00018399 4.94493e-07 0.510683 0.149409 1.67861e-05 6.45802e-05 6.21941e-07 0.144822 0.0249144 5.14069e-05 0.169853
 -0.00797349 3.77551e-06 7.72476e-11 0.0249999 194.095 1.00873 221575 3440.67 0.000230145 0.491726 0.376065 0 0.000430236 1.3208e-06 0.597097 0.199544 4.20439e-05 0.00015101 1.66121e-06 0.169323 0.0332737 0.000128758 7.7781e-06 -1 5.99014e+07 12769.9 5.71598e+06 12769.8 1.51473e-08 0.0564127 222047 222047 6.87833e+07 0.000183985 4.94477e-07 0.510682 0.149409 1.67855e-05 6.45787e-05 6.21926e-07 0.144823 0.0249146 5.1406e-05 0.169854
 -0.00798378 3.77741e-06 7.82458e-11 0.0249991 196.344 1.00978 221567 3440.67 0.000230144 0.491724 0.376062 0 0.000430228 1.32077e-06 0.597096 0.199544 4.20428e-05 0.000151007 1.66117e-06 0.169323 0.0332739 0.000128756 7.77814e-06 -1 5.99015e+07 12769.9 5.71597e+06 12769.8 1.52294e-08 0.0570662 222050 222050 6.87838e+07 0.000183981 4.94462e-07 0.510681 0.149409 1.67851e-05 6.45773e-05 6.21912e-07 0.144824 0.0249147 5.14053e-05 0.169854
 -0.0079942 3.77934e-06 7.92574e-11 0.0249982 198.621 1.01086 221559 3440.67 0.000230143 0.491723 0.376059 0 0.000430221 1.32073e-06 0.597096 0.199544 4.20418e-05 0.000151004 1.66113e-06 0.169324 0.0332739 0.000128755 7.77815e-06 -1 5.99015e+07 12769.9 5.71594e+06 12769.8 1.53113e-08 0.0577282 222053 222053 6.87842e+07 0.000183979 4.94449e-07 0.51068 0.149409 1.67847e-05 6.4576e-05 6.21897e-07 0.144824 0.0249147 5.14046e-05 0.169855
 -0.00800475 3.78128e-06 8.02826e-11 0.0249973 200.928 1.01196 221551 3440.67 0.000230143 0.491722 0.376056 0 0.000430217 1.3207e-06 0.597096 0.199544 4.2041e-05 0.000151001 1.66109e-06 0.169323 0.0332739 0.000128753 7.77814e-06 -1 5.99014e+07 12769.8 5.71591e+06 12769.7 1.53933e-08 0.0583988 222056 222056 6.87846e+07 0.000183977 4.94437e-07 0.510681 0.149409 1.67843e-05 6.45748e-05 6.21883e-07 0.144824 0.0249147 5.14041e-05 0.169854
 -0.00801542 3.78326e-06 8.10691e-11 0.0249964 203.262 1.01309 221542 3440.66 0.000230143 0.491721 0.376052 0 0.000430215 1.32067e-06 0.597097 0.199544 4.20402e-05 0.000150998 1.66105e-06 0.169323 0.0332737 0.000128752 7.77811e-06 -1 5.99013e+07 12769.8 5.71588e+06 12769.7 1.54547e-08 0.0590771 222059 222059 6.87849e+07 0.000183976 4.94427e-07 0.510682 0.149409 1.67841e-05 6.45736e-05 6.21868e-07 0.144823 0.0249146 5.14037e-05 0.169854
 -0.00802612 3.78523e-06 8.09331e-11 0.0249955 205.605 1.01423 221533 3440.66 0.000230142 0.491721 0.376048 0 0.000430214 1.32064e-06 0.597098 0.199544 4.20396e-05 0.000150995 1.66101e-06 0.169322 0.0332736 0.000128751 7.77807e-06 -1 5.99012e+07 12769.7 5.71583e+06 12769.7 1.54405e-08 0.0597582 222062 222062 6.87852e+07 0.000183976 4.94417e-07 0.510683 0.149409 1.67838e-05 6.45725e-05 6.21853e-07 0.144822 0.0249145 5.14034e-05 0.169853
 -0.00803679 3.7872e-06 8.07103e-11 0.0249946 207.943 1.01538 221524 3440.65 0.000230142 0.49172 0.376043 0 0.000430214 1.32062e-06 0.597099 0.199545 4.2039e-05 0.000150992 1.66097e-06 0.169321 0.0332733 0.000128751 7.77801e-06 -1 5.9901e+07 12769.7 5.71578e+06 12769.6 1.54192e-08 0.0604378 222064 222064 6.87855e+07 0.000183976 4.94408e-07 0.510684 0.14941 1.67836e-05 6.45714e-05 6.21838e-07 0.144822 0.0249144 5.14032e-05 0.169852
 -0.00804743 3.78917e-06 8.04869e-11 0.0249936 210.275 1.01656 221514 3440.64 0.000230142 0.49172 0.376039 0 0.000430216 1.32059e-06 0.5971 0.199545 4.20385e-05 0.00015099 1.66093e-06 0.169319 0.033273 0.00012875 7.77795e-06 -1 5.99008e+07 12769.6 5.71572e+06 12769.6 1.53977e-08 0.0611156 222067 222067 6.87857e+07 0.000183977 4.94399e-07 0.510686 0.14941 1.67834e-05 6.45703e-05 6.21823e-07 0.144821 0.0249142 5.1403e-05 0.169851
 -0.00805804 3.79113e-06 8.02629e-11 0.0249927 212.6 1.01776 221504 3440.63 0.000230142 0.49172 0.376033 0 0.000430218 1.32057e-06 0.597102 0.199545 4.2038e-05 0.000150987 1.66088e-06 0.169318 0.0332727 0.000128749 7.77788e-06 -1 5.99006e+07 12769.6 5.71566e+06 12769.5 1.53761e-08 0.0617917 222070 222070 6.87859e+07 0.000183978 4.94391e-07 0.510688 0.14941 1.67833e-05 6.45693e-05 6.21808e-07 0.14482 0.024914 5.14028e-05 0.16985
 -0.0080686 3.79308e-06 8.00385e-11 0.0249917 214.919 1.01898 221494 3440.63 0.000230142 0.49172 0.376028 0 0.000430221 1.32054e-06 0.597103 0.199545 4.20376e-05 0.000150984 1.66084e-06 0.169316 0.0332724 0.000128749 7.7778e-06 -1 5.99003e+07 12769.5 5.7156e+06 12769.5 1.53544e-08 0.0624659 222072 222072 6.87861e+07 0.00018398 4.94383e-07 0.510691 0.149411 1.67831e-05 6.45683e-05 6.21793e-07 0.144818 0.0249138 5.14027e-05 0.169848
 -0.00807914 3.79503e-06 7.98135e-11 0.0249907 217.233 1.02022 221484 3440.62 0.000230142 0.49172 0.376023 0 0.000430224 1.32052e-06 0.597105 0.199546 4.20372e-05 0.000150982 1.66079e-06 0.169314 0.033272 0.000128748 7.77772e-06 -1 5.99001e+07 12769.5 5.71553e+06 12769.4 1.53325e-08 0.0631384 222074 222074 6.87863e+07 0.000183981 4.94375e-07 0.510693 0.149412 1.6783e-05 6.45672e-05 6.21777e-07 0.144817 0.0249135 5.14026e-05 0.169847
 -0.00808963 3.79697e-06 7.9588e-11 0.0249897 219.54 1.02148 221474 3440.61 0.000230142 0.491721 0.376017 0 0.000430228 1.3205e-06 0.597107 0.199546 4.20368e-05 0.000150979 1.66075e-06 0.169312 0.0332716 0.000128748 7.77763e-06 -1 5.98998e+07 12769.4 5.71546e+06 12769.3 1.53105e-08 0.0638091 222077 222077 6.87865e+07 0.000183983 4.94367e-07 0.510696 0.149412 1.67829e-05 6.45662e-05 6.21761e-07 0.144816 0.0249133 5.14025e-05 0.169845
 -0.0081001 3.7989e-06 7.9362e-11 0.0249887 221.841 1.02276 221463 3440.6 0.000230142 0.491721 0.376011 0 0.000430232 1.32047e-06 0.597109 0.199547 4.20365e-05 0.000150976 1.6607e-06 0.16931 0.0332712 0.000128747 7.77754e-06 -1 5.98995e+07 12769.3 5.71539e+06 12769.3 1.52884e-08 0.0644781 222079 222079 6.87866e+07 0.000183986 4.9436e-07 0.510698 0.149413 1.67828e-05 6.45651e-05 6.21745e-07 0.144814 0.024913 5.14024e-05 0.169844
 -0.00811053 3.80083e-06 7.91355e-11 0.0249876 224.136 1.02405 221452 3440.59 0.000230142 0.491721 0.376005 0 0.000430237 1.32045e-06 0.597111 0.199547 4.20361e-05 0.000150973 1.66066e-06 0.169308 0.0332708 0.000128747 7.77744e-06 -1 5.98992e+07 12769.3 5.71532e+06 12769.2 1.52662e-08 0.0651453 222081 222081 6.87868e+07 0.000183988 4.94352e-07 0.510701 0.149413 1.67826e-05 6.45641e-05 6.21729e-07 0.144813 0.0249128 5.14024e-05 0.169842
 -0.00812092 3.80274e-06 7.89085e-11 0.0249866 226.425 1.02537 221441 3440.58 0.000230142 0.491721 0.375999 0 0.000430241 1.32043e-06 0.597113 0.199547 4.20357e-05 0.000150971 1.66061e-06 0.169306 0.0332704 0.000128747 7.77735e-06 -1 5.98989e+07 12769.2 5.71524e+06 12769.2 1.52438e-08 0.0658108 222082 222082 6.87869e+07 0.00018399 4.94344e-07 0.510704 0.149414 1.67825e-05 6.4563e-05 6.21712e-07 0.144811 0.0249125 5.14023e-05 0.16984
 -0.00813128 3.80466e-06 7.8681e-11 0.0249855 228.708 1.0267 221430 3440.57 0.000230142 0.491722 0.375993 0 0.000430246 1.3204e-06 0.597115 0.199548 4.20354e-05 0.000150968 1.66056e-06 0.169304 0.0332699 0.000128746 7.77724e-06 -1 5.98986e+07 12769.1 5.71516e+06 12769.1 1.52213e-08 0.0664745 222084 222084 6.87871e+07 0.000183993 4.94337e-07 0.510707 0.149415 1.67824e-05 6.45619e-05 6.21695e-07 0.14481 0.0249122 5.14023e-05 0.169838
 -0.0081416 3.80657e-06 7.84531e-11 0.0249844 230.985 1.02805 221419 3440.56 0.000230143 0.491722 0.375987 0 0.000430252 1.32038e-06 0.597118 0.199548 4.20351e-05 0.000150965 1.66051e-06 0.169302 0.0332695 0.000128746 7.77714e-06 -1 5.98983e+07 12769.1 5.71508e+06 12769 1.51987e-08 0.0671365 222086 222086 6.87872e+07 0.000183996 4.94329e-07 0.51071 0.149415 1.67823e-05 6.45608e-05 6.21678e-07 0.144808 0.0249119 5.14023e-05 0.169836
 -0.00815189 3.80847e-06 7.82247e-11 0.0249833 233.256 1.02942 221407 3440.55 0.000230143 0.491722 0.37598 0 0.000430257 1.32036e-06 0.59712 0.199549 4.20347e-05 0.000150962 1.66046e-06 0.169299 0.033269 0.000128745 7.77703e-06 -1 5.98979e+07 12769 5.715e+06 12769 1.51759e-08 0.0677968 222087 222087 6.87873e+07 0.000183998 4.94321e-07 0.510714 0.149416 1.67822e-05 6.45597e-05 6.21661e-07 0.144807 0.0249116 5.14022e-05 0.169834
 -0.00816214 3.81036e-06 7.79959e-11 0.0249821 235.521 1.0308 221395 3440.54 0.000230143 0.491723 0.375974 0 0.000430263 1.32033e-06 0.597122 0.199549 4.20344e-05 0.000150959 1.66041e-06 0.169297 0.0332685 0.000128745 7.77692e-06 -1 5.98976e+07 12768.9 5.71492e+06 12768.9 1.5153e-08 0.0684554 222089 222089 6.87874e+07 0.000184001 4.94313e-07 0.510717 0.149417 1.67822e-05 6.45586e-05 6.21643e-07 0.144805 0.0249113 5.14022e-05 0.169832
 -0.00817235 3.81225e-06 7.77666e-11 0.024981 237.78 1.03221 221383 3440.52 0.000230143 0.491723 0.375967 0 0.000430268 1.32031e-06 0.597125 0.19955 4.2034e-05 0.000150956 1.66035e-06 0.169295 0.033268 0.000128745 7.77681e-06 -1 5.98972e+07 12768.9 5.71483e+06 12768.8 1.513e-08 0.0691123 222090 222090 6.87876e+07 0.000184004 4.94305e-07 0.51072 0.149417 1.67821e-05 6.45574e-05 6.21625e-07 0.144803 0.024911 5.14022e-05 0.16983
 -0.00818254 3.81413e-06 7.75369e-11 0.0249798 240.034 1.03362 221371 3440.51 0.000230143 0.491724 0.37596 0 0.000430274 1.32028e-06 0.597127 0.19955 4.20337e-05 0.000150953 1.6603e-06 0.169292 0.0332675 0.000128744 7.7767e-06 -1 5.98969e+07 12768.8 5.71475e+06 12768.7 1.51069e-08 0.0697675 222091 222091 6.87877e+07 0.000184007 4.94297e-07 0.510724 0.149418 1.6782e-05 6.45563e-05 6.21606e-07 0.144801 0.0249107 5.14022e-05 0.169828
 -0.00819268 3.816e-06 7.73068e-11 0.0249786 242.282 1.03506 221358 3440.5 0.000230143 0.491724 0.375953 0 0.00043028 1.32026e-06 0.59713 0.199551 4.20333e-05 0.00015095 1.66025e-06 0.16929 0.033267 0.000128744 7.77658e-06 -1 5.98965e+07 12768.7 5.71466e+06 12768.7 1.50836e-08 0.0704211 222092 222092 6.87878e+07 0.00018401 4.94289e-07 0.510727 0.149419 1.67819e-05 6.45551e-05 6.21588e-07 0.1448 0.0249104 5.14021e-05 0.169826
 -0.0082028 3.81787e-06 7.70763e-11 0.0249774 244.524 1.03652 221346 3440.49 0.000230144 0.491725 0.375946 0 0.000430286 1.32023e-06 0.597132 0.199551 4.2033e-05 0.000150946 1.66019e-06 0.169287 0.0332665 0.000128744 7.77646e-06 -1 5.98961e+07 12768.6 5.71457e+06 12768.6 1.50602e-08 0.071073 222093 222093 6.87879e+07 0.000184013 4.9428e-07 0.51073 0.14942 1.67818e-05 6.45539e-05 6.21569e-07 0.144798 0.0249101 5.14021e-05 0.169824
 -0.00821287 3.81973e-06 7.68454e-11 0.0249762 246.76 1.03799 221333 3440.48 0.000230144 0.491725 0.375939 0 0.000430292 1.32021e-06 0.597135 0.199552 4.20326e-05 0.000150943 1.66014e-06 0.169284 0.0332659 0.000128743 7.77634e-06 -1 5.98958e+07 12768.6 5.71448e+06 12768.5 1.50367e-08 0.0717232 222094 222094 6.8788e+07 0.000184016 4.94272e-07 0.510734 0.149421 1.67817e-05 6.45527e-05 6.2155e-07 0.144796 0.0249097 5.14021e-05 0.169822
 -0.00822291 3.82159e-06 7.66141e-11 0.0249749 248.99 1.03948 221320 3440.47 0.000230144 0.491726 0.375931 0 0.000430298 1.32018e-06 0.597138 0.199552 4.20323e-05 0.00015094 1.66008e-06 0.169282 0.0332654 0.000128743 7.77622e-06 -1 5.98954e+07 12768.5 5.71439e+06 12768.4 1.50131e-08 0.0723717 222095 222095 6.87881e+07 0.000184019 4.94263e-07 0.510738 0.149421 1.67816e-05 6.45515e-05 6.21531e-07 0.144794 0.0249094 5.14021e-05 0.16982
 -0.00823292 3.82344e-06 7.63825e-11 0.0249736 251.215 1.04099 221306 3440.45 0.000230144 0.491726 0.375924 0 0.000430305 1.32015e-06 0.59714 0.199553 4.20319e-05 0.000150937 1.66002e-06 0.169279 0.0332648 0.000128743 7.77609e-06 -1 5.9895e+07 12768.4 5.71429e+06 12768.4 1.49893e-08 0.0730187 222095 222095 6.87882e+07 0.000184022 4.94255e-07 0.510741 0.149422 1.67815e-05 6.45503e-05 6.21511e-07 0.144792 0.0249091 5.14021e-05 0.169817
 -0.00824289 3.82528e-06 7.61505e-11 0.0249723 253.435 1.04252 221293 3440.44 0.000230144 0.491727 0.375916 0 0.000430311 1.32013e-06 0.597143 0.199554 4.20316e-05 0.000150933 1.65997e-06 0.169276 0.0332643 0.000128742 7.77597e-06 -1 5.98946e+07 12768.3 5.7142e+06 12768.3 1.49654e-08 0.073664 222096 222096 6.87883e+07 0.000184026 4.94246e-07 0.510745 0.149423 1.67814e-05 6.4549e-05 6.21491e-07 0.14479 0.0249087 5.14021e-05 0.169815
 -0.00825283 3.82711e-06 7.59181e-11 0.024971 255.648 1.04406 221279 3440.43 0.000230144 0.491727 0.375909 0 0.000430317 1.3201e-06 0.597146 0.199554 4.20312e-05 0.00015093 1.65991e-06 0.169274 0.0332637 0.000128742 7.77584e-06 -1 5.98942e+07 12768.2 5.7141e+06 12768.2 1.49414e-08 0.0743077 222096 222096 6.87883e+07 0.000184029 4.94237e-07 0.510749 0.149424 1.67813e-05 6.45478e-05 6.21471e-07 0.144788 0.0249084 5.14021e-05 0.169813
 -0.00826273 3.82894e-06 7.56854e-11 0.0249697 257.857 1.04563 221266 3440.42 0.000230145 0.491728 0.375901 0 0.000430324 1.32007e-06 0.597149 0.199555 4.20309e-05 0.000150927 1.65985e-06 0.169271 0.0332632 0.000128741 7.77571e-06 -1 5.98938e+07 12768.1 5.714e+06 12768.1 1.49173e-08 0.0749498 222097 222097 6.87884e+07 0.000184032 4.94228e-07 0.510753 0.149425 1.67812e-05 6.45465e-05 6.21451e-07 0.144786 0.024908 5.14021e-05 0.16981
 -0.00827259 3.83077e-06 7.54524e-11 0.0249684 260.059 1.04721 221252 3440.4 0.000230145 0.491728 0.375893 0 0.000430331 1.32004e-06 0.597151 0.199555 4.20305e-05 0.000150923 1.65979e-06 0.169268 0.0332626 0.000128741 7.77558e-06 -1 5.98934e+07 12768.1 5.71391e+06 12768 1.4893e-08 0.0755904 222097 222097 6.87885e+07 0.000184036 4.94219e-07 0.510757 0.149426 1.67811e-05 6.45453e-05 6.21431e-07 0.144784 0.0249076 5.14021e-05 0.169808
 -0.00828242 3.83258e-06 7.52191e-11 0.024967 262.257 1.04881 221237 3440.39 0.000230145 0.491729 0.375885 0 0.000430337 1.32001e-06 0.597154 0.199556 4.20301e-05 0.00015092 1.65973e-06 0.169265 0.033262 0.000128741 7.77545e-06 -1 5.9893e+07 12768 5.71381e+06 12768 1.48686e-08 0.0762293 222097 222097 6.87886e+07 0.000184039 4.9421e-07 0.510761 0.149426 1.6781e-05 6.4544e-05 6.2141e-07 0.144782 0.0249073 5.14021e-05 0.169806
 -0.00829222 3.83439e-06 7.49854e-11 0.0249656 264.448 1.05043 221223 3440.38 0.000230145 0.491729 0.375877 0 0.000430344 1.31998e-06 0.597157 0.199556 4.20297e-05 0.000150916 1.65967e-06 0.169262 0.0332614 0.00012874 7.77531e-06 -1 5.98926e+07 12767.9 5.7137e+06 12767.9 1.48441e-08 0.0768667 222097 222097 6.87887e+07 0.000184042 4.94201e-07 0.510765 0.149427 1.67809e-05 6.45427e-05 6.21389e-07 0.14478 0.0249069 5.14021e-05 0.169803
 -0.00830198 3.83619e-06 7.47515e-11 0.0249643 266.635 1.05207 221209 3440.36 0.000230145 0.49173 0.375869 0 0.000430351 1.31996e-06 0.59716 0.199557 4.20294e-05 0.000150913 1.65961e-06 0.169259 0.0332608 0.00012874 7.77518e-06 -1 5.98922e+07 12767.8 5.7136e+06 12767.8 1.48195e-08 0.0775026 222098 222098 6.87887e+07 0.000184046 4.94191e-07 0.510769 0.149428 1.67808e-05 6.45414e-05 6.21368e-07 0.144778 0.0249065 5.14021e-05 0.169801
 -0.00831171 3.83799e-06 7.45173e-11 0.0249628 268.816 1.05371 221194 3440.35 0.000230146 0.491731 0.375861 0 0.000430358 1.31993e-06 0.597163 0.199558 4.2029e-05 0.000150909 1.65955e-06 0.169256 0.0332602 0.00012874 7.77504e-06 -1 5.98917e+07 12767.7 5.7135e+06 12767.7 1.47948e-08 0.0781369 222097 222097 6.87888e+07 0.000184049 4.94182e-07 0.510773 0.149429 1.67807e-05 6.45401e-05 6.21347e-07 0.144776 0.0249061 5.14021e-05 0.169798
 -0.0083214 3.83978e-06 7.42828e-11 0.0249614 270.992 1.05539 221179 3440.34 0.000230146 0.491731 0.375853 0 0.000430365 1.3199e-06 0.597166 0.199558 4.20286e-05 0.000150906 1.65949e-06 0.169253 0.0332596 0.000128739 7.7749e-06 -1 5.98913e+07 12767.6 5.71339e+06 12767.6 1.47699e-08 0.0787697 222097 222097 6.87889e+07 0.000184053 4.94172e-07 0.510777 0.14943 1.67806e-05 6.45387e-05 6.21326e-07 0.144774 0.0249058 5.14022e-05 0.169796
 -0.00833105 3.84156e-06 7.4048e-11 0.02496 273.163 1.05708 221164 3440.32 0.000230146 0.491732 0.375844 0 0.000430372 1.31987e-06 0.597169 0.199559 4.20282e-05 0.000150902 1.65942e-06 0.16925 0.033259 0.000128739 7.77476e-06 -1 5.98909e+07 12767.5 5.71329e+06 12767.5 1.47449e-08 0.079401 222097 222097 6.8789e+07 0.000184056 4.94162e-07 0.510781 0.149431 1.67805e-05 6.45374e-05 6.21305e-07 0.144772 0.0249054 5.14022e-05 0.169793
 -0.00834067 3.84334e-06 7.3813e-11 0.0249585 275.328 1.05879 221149 3440.31 0.000230146 0.491732 0.375836 0 0.000430379 1.31984e-06 0.597172 0.19956 4.20278e-05 0.000150899 1.65936e-06 0.169247 0.0332583 0.000128739 7.77462e-06 -1 5.98904e+07 12767.5 5.71318e+06 12767.4 1.47198e-08 0.0800308 222097 222097 6.8789e+07 0.00018406 4.94153e-07 0.510785 0.149432 1.67804e-05 6.45361e-05 6.21283e-07 0.144769 0.024905 5.14022e-05 0.169791
 -0.00835026 3.84511e-06 7.35778e-11 0.0249571 277.489 1.0605 221134 3440.3 0.000230147 0.491733 0.375827 0 0.000430386 1.31981e-06 0.597175 0.19956 4.20274e-05 0.000150895 1.6593e-06 0.169244 0.0332577 0.000128738 7.77447e-06 -1 5.989e+07 12767.4 5.71307e+06 12767.4 1.46946e-08 0.080659 222097 222097 6.87891e+07 0.000184064 4.94143e-07 0.510789 0.149433 1.67803e-05 6.45347e-05 6.21261e-07 0.144767 0.0249046 5.14022e-05 0.169788
 -0.00835981 3.84688e-06 7.33423e-11 0.0249556 279.644 1.06224 221119 3440.28 0.000230147 0.491734 0.375818 0 0.000430393 1.31978e-06 0.597178 0.199561 4.2027e-05 0.000150891 1.65924e-06 0.169241 0.0332571 0.000128738 7.77433e-06 -1 5.98896e+07 12767.3 5.71296e+06 12767.3 1.46692e-08 0.0812859 222096 222096 6.87891e+07 0.000184067 4.94133e-07 0.510794 0.149434 1.67802e-05 6.45334e-05 6.2124e-07 0.144765 0.0249042 5.14023e-05 0.169785
 -0.00836932 3.84863e-06 7.31067e-11 0.0249541 281.794 1.06399 221103 3440.27 0.000230147 0.491734 0.37581 0 0.0004304 1.31974e-06 0.597182 0.199561 4.20266e-05 0.000150888 1.65917e-06 0.169238 0.0332564 0.000128738 7.77418e-06 -1 5.98891e+07 12767.2 5.71285e+06 12767.2 1.46438e-08 0.0819112 222096 222096 6.87892e+07 0.000184071 4.94123e-07 0.510798 0.149435 1.678e-05 6.45321e-05 6.21218e-07 0.144763 0.0249038 5.14023e-05 0.169783
 -0.0083788 3.85039e-06 7.28708e-11 0.0249526 283.94 1.06576 221088 3440.25 0.000230147 0.491735 0.375801 0 0.000430407 1.31971e-06 0.597185 0.199562 4.20262e-05 0.000150884 1.65911e-06 0.169235 0.0332558 0.000128737 7.77404e-06 -1 5.98887e+07 12767.1 5.71274e+06 12767.1 1.46182e-08 0.0825351 222095 222095 6.87893e+07 0.000184075 4.94113e-07 0.510802 0.149436 1.67799e-05 6.45307e-05 6.21196e-07 0.144761 0.0249034 5.14023e-05 0.16978
 -0.00838825 3.85213e-06 7.26347e-11 0.0249511 286.08 1.06753 221072 3440.24 0.000230148 0.491736 0.375792 0 0.000430414 1.31968e-06 0.597188 0.199563 4.20258e-05 0.00015088 1.65904e-06 0.169231 0.0332551 0.000128737 7.77389e-06 -1 5.98882e+07 12767 5.71263e+06 12767 1.45925e-08 0.0831575 222095 222095 6.87893e+07 0.000184078 4.94103e-07 0.510807 0.149437 1.67798e-05 6.45293e-05 6.21173e-07 0.144758 0.024903 5.14024e-05 0.169777
 -0.00839766 3.85387e-06 7.23985e-11 0.0249496 288.215 1.06932 221056 3440.22 0.000230148 0.491736 0.375783 0 0.000430422 1.31965e-06 0.597191 0.199563 4.20253e-05 0.000150877 1.65898e-06 0.169228 0.0332545 0.000128737 7.77374e-06 -1 5.98877e+07 12766.9 5.71252e+06 12766.9 1.45667e-08 0.0837785 222094 222094 6.87894e+07 0.000184082 4.94092e-07 0.510811 0.149438 1.67797e-05 6.4528e-05 6.21151e-07 0.144756 0.0249026 5.14024e-05 0.169775
 -0.00840703 3.8556e-06 7.21621e-11 0.024948 290.345 1.07113 221040 3440.21 0.000230148 0.491737 0.375774 0 0.000430429 1.31962e-06 0.597194 0.199564 4.20249e-05 0.000150873 1.65891e-06 0.169225 0.0332538 0.000128736 7.77359e-06 -1 5.98873e+07 12766.8 5.7124e+06 12766.8 1.45408e-08 0.0843981 222093 222093 6.87894e+07 0.000184086 4.94082e-07 0.510816 0.149439 1.67796e-05 6.45266e-05 6.21129e-07 0.144754 0.0249021 5.14025e-05 0.169772
 -0.00841637 3.85733e-06 7.19255e-11 0.0249465 292.471 1.07295 221024 3440.19 0.000230148 0.491738 0.375765 0 0.000430436 1.31959e-06 0.597198 0.199565 4.20245e-05 0.000150869 1.65885e-06 0.169222 0.0332531 0.000128736 7.77344e-06 -1 5.98868e+07 12766.7 5.71229e+06 12766.7 1.45148e-08 0.0850163 222093 222093 6.87895e+07 0.000184089 4.94071e-07 0.51082 0.14944 1.67795e-05 6.45252e-05 6.21106e-07 0.144751 0.0249017 5.14025e-05 0.169769
 -0.00842568 3.85905e-06 7.16888e-11 0.0249449 294.591 1.07477 221008 3440.18 0.000230149 0.491739 0.375755 0 0.000430443 1.31955e-06 0.597201 0.199565 4.2024e-05 0.000150866 1.65878e-06 0.169218 0.0332525 0.000128736 7.77328e-06 -1 5.98863e+07 12766.6 5.71217e+06 12766.6 1.44886e-08 0.085633 222092 222092 6.87896e+07 0.000184093 4.94061e-07 0.510825 0.149441 1.67794e-05 6.45238e-05 6.21084e-07 0.144749 0.0249013 5.14026e-05 0.169766
 -0.00843495 3.86076e-06 7.1452e-11 0.0249433 296.707 1.07661 220991 3440.17 0.000230149 0.491739 0.375746 0 0.000430451 1.31952e-06 0.597204 0.199566 4.20236e-05 0.000150862 1.65872e-06 0.169215 0.0332518 0.000128735 7.77313e-06 -1 5.98859e+07 12766.5 5.71206e+06 12766.5 1.44624e-08 0.0862483 222091 222091 6.87896e+07 0.000184097 4.9405e-07 0.510829 0.149442 1.67792e-05 6.45225e-05 6.21061e-07 0.144747 0.0249009 5.14026e-05 0.169764
 -0.00844419 3.86247e-06 7.1215e-11 0.0249417 298.817 1.07846 220975 3440.15 0.000230149 0.49174 0.375737 0 0.000430458 1.31949e-06 0.597208 0.199567 4.20231e-05 0.000150858 1.65865e-06 0.169212 0.0332511 0.000128735 7.77298e-06 -1 5.98854e+07 12766.4 5.71194e+06 12766.4 1.4436e-08 0.0868623 222090 222090 6.87897e+07 0.0001841 4.9404e-07 0.510834 0.149443 1.67791e-05 6.45211e-05 6.21039e-07 0.144744 0.0249005 5.14027e-05 0.169761
 -0.00845339 3.86417e-06 7.0978e-11 0.0249401 300.923 1.08031 220958 3440.14 0.00023015 0.491741 0.375727 0 0.000430465 1.31945e-06 0.597211 0.199567 4.20227e-05 0.000150854 1.65858e-06 0.169208 0.0332504 0.000128735 7.77282e-06 -1 5.98849e+07 12766.3 5.71182e+06 12766.3 1.44095e-08 0.0874748 222090 222090 6.87897e+07 0.000184104 4.94029e-07 0.510838 0.149444 1.6779e-05 6.45197e-05 6.21016e-07 0.144742 0.0249 5.14027e-05 0.169758
 -0.00846256 3.86586e-06 7.07408e-11 0.0249385 303.024 1.08217 220942 3440.12 0.00023015 0.491742 0.375718 0 0.000430472 1.31942e-06 0.597214 0.199568 4.20222e-05 0.000150851 1.65852e-06 0.169205 0.0332497 0.000128735 7.77267e-06 -1 5.98844e+07 12766.2 5.7117e+06 12766.2 1.43829e-08 0.088086 222089 222089 6.87898e+07 0.000184108 4.94018e-07 0.510843 0.149445 1.67789e-05 6.45183e-05 6.20993e-07 0.14474 0.0248996 5.14028e-05 0.169755
 -0.00847169 3.86755e-06 7.05036e-11 0.0249369 305.121 1.08404 220925 3440.11 0.00023015 0.491742 0.375708 0 0.000430479 1.31939e-06 0.597218 0.199569 4.20218e-05 0.000150847 1.65845e-06 0.169201 0.033249 0.000128734 7.77251e-06 -1 5.9884e+07 12766.2 5.71158e+06 12766.1 1.43563e-08 0.0886957 222088 222088 6.87899e+07 0.000184112 4.94007e-07 0.510848 0.149446 1.67787e-05 6.45169e-05 6.2097e-07 0.144737 0.0248992 5.14028e-05 0.169752
 -0.00848079 3.86923e-06 7.02663e-11 0.0249353 307.212 1.08591 220908 3440.09 0.00023015 0.491743 0.375699 0 0.000430487 1.31935e-06 0.597221 0.19957 4.20213e-05 0.000150843 1.65838e-06 0.169198 0.0332483 0.000128734 7.77235e-06 -1 5.98835e+07 12766.1 5.71146e+06 12766 1.43294e-08 0.0893041 222087 222087 6.87899e+07 0.000184115 4.93996e-07 0.510852 0.149447 1.67786e-05 6.45155e-05 6.20947e-07 0.144735 0.0248987 5.14029e-05 0.16975
 -0.00848985 3.8709e-06 7.00289e-11 0.0249336 309.299 1.08778 220891 3440.08 0.000230151 0.491744 0.375689 0 0.000430494 1.31932e-06 0.597225 0.19957 4.20208e-05 0.000150839 1.65832e-06 0.169195 0.0332476 0.000128734 7.77219e-06 -1 5.9883e+07 12766 5.71134e+06 12765.9 1.43025e-08 0.0899111 222086 222086 6.879e+07 0.000184119 4.93985e-07 0.510857 0.149448 1.67785e-05 6.45141e-05 6.20924e-07 0.144732 0.0248983 5.1403e-05 0.169747
 -0.00849888 3.87257e-06 6.97915e-11 0.024932 311.381 1.08968 220874 3440.06 0.000230151 0.491745 0.375679 0 0.000430501 1.31929e-06 0.597228 0.199571 4.20204e-05 0.000150835 1.65825e-06 0.169191 0.0332469 0.000128733 7.77203e-06 -1 5.98825e+07 12765.9 5.71122e+06 12765.8 1.42755e-08 0.0905168 222085 222085 6.879e+07 0.000184123 4.93974e-07 0.510862 0.149449 1.67783e-05 6.45127e-05 6.20901e-07 0.14473 0.0248979 5.1403e-05 0.169744
 -0.00850787 3.87423e-06 6.95541e-11 0.0249303 313.459 1.09156 220857 3440.05 0.000230151 0.491746 0.37567 0 0.000430508 1.31925e-06 0.597232 0.199572 4.20199e-05 0.000150832 1.65818e-06 0.169188 0.0332462 0.000128733 7.77187e-06 -1 5.9882e+07 12765.8 5.7111e+06 12765.7 1.42484e-08 0.091121 222084 222084 6.87901e+07 0.000184126 4.93963e-07 0.510867 0.14945 1.67782e-05 6.45113e-05 6.20878e-07 0.144727 0.0248974 5.14031e-05 0.169741
 -0.00851683 3.87588e-06 6.93166e-11 0.0249286 315.531 1.09346 220839 3440.03 0.000230152 0.491746 0.37566 0 0.000430516 1.31922e-06 0.597235 0.199572 4.20194e-05 0.000150828 1.65811e-06 0.169184 0.0332455 0.000128733 7.77171e-06 -1 5.98815e+07 12765.7 5.71098e+06 12765.6 1.42212e-08 0.0917239 222083 222083 6.87901e+07 0.00018413 4.93952e-07 0.510871 0.149451 1.67781e-05 6.45099e-05 6.20855e-07 0.144725 0.024897 5.14032e-05 0.169738
 -0.00852575 3.87753e-06 6.90791e-11 0.024927 317.599 1.09535 220822 3440.01 0.000230152 0.491747 0.37565 0 0.000430523 1.31918e-06 0.597239 0.199573 4.20189e-05 0.000150824 1.65805e-06 0.169181 0.0332448 0.000128733 7.77155e-06 -1 5.9881e+07 12765.6 5.71086e+06 12765.5 1.41939e-08 0.0923255 222082 222082 6.87902e+07 0.000184134 4.93941e-07 0.510876 0.149452 1.6778e-05 6.45085e-05 6.20832e-07 0.144722 0.0248965 5.14033e-05 0.169735
 -0.00853464 3.87918e-06 6.88416e-11 0.0249253 319.662 1.09726 220805 3440 0.000230152 0.491748 0.37564 0 0.00043053 1.31915e-06 0.597242 0.199574 4.20184e-05 0.00015082 1.65798e-06 0.169177 0.0332441 0.000128732 7.77139e-06 -1 5.98805e+07 12765.5 5.71073e+06 12765.4 1.41664e-08 0.0929257 222081 222081 6.87903e+07 0.000184138 4.93929e-07 0.510881 0.149453 1.67778e-05 6.45071e-05 6.20809e-07 0.14472 0.0248961 5.14034e-05 0.169732
 -0.0085435 3.88081e-06 6.86042e-11 0.0249236 321.721 1.09917 220787 3439.98 0.000230153 0.491749 0.37563 0 0.000430538 1.31911e-06 0.597246 0.199575 4.2018e-05 0.000150816 1.65791e-06 0.169174 0.0332434 0.000128732 7.77122e-06 -1 5.988e+07 12765.4 5.71061e+06 12765.3 1.41389e-08 0.0935245 222080 222080 6.87903e+07 0.000184142 4.93918e-07 0.510886 0.149454 1.67777e-05 6.45057e-05 6.20785e-07 0.144717 0.0248956 5.14035e-05 0.169729
 -0.00855232 3.88244e-06 6.83668e-11 0.0249219 323.775 1.1011 220770 3439.97 0.000230153 0.49175 0.37562 0 0.000430545 1.31908e-06 0.597249 0.199575 4.20175e-05 0.000150813 1.65784e-06 0.16917 0.0332426 0.000128732 7.77106e-06 -1 5.98795e+07 12765.3 5.71048e+06 12765.2 1.41113e-08 0.0941219 222079 222079 6.87904e+07 0.000184146 4.93907e-07 0.510891 0.149455 1.67776e-05 6.45043e-05 6.20762e-07 0.144715 0.0248952 5.14035e-05 0.169726
 -0.00856111 3.88407e-06 6.81294e-11 0.0249202 325.824 1.10304 220752 3439.95 0.000230153 0.491751 0.37561 0 0.000430553 1.31904e-06 0.597253 0.199576 4.2017e-05 0.000150809 1.65777e-06 0.169166 0.0332419 0.000128732 7.77089e-06 -1 5.9879e+07 12765.2 5.71035e+06 12765.1 1.40836e-08 0.0947181 222078 222078 6.87904e+07 0.00018415 4.93896e-07 0.510896 0.149456 1.67774e-05 6.45029e-05 6.20739e-07 0.144712 0.0248947 5.14037e-05 0.169723
 -0.00856986 3.88568e-06 6.7892e-11 0.0249185 327.868 1.105 220734 3439.94 0.000230154 0.491752 0.3756 0 0.000430561 1.31901e-06 0.597256 0.199577 4.20165e-05 0.000150805 1.6577e-06 0.169163 0.0332411 0.000128732 7.77072e-06 -1 5.98785e+07 12765.1 5.71023e+06 12765 1.40558e-08 0.0953129 222076 222076 6.87905e+07 0.000184154 4.93884e-07 0.510901 0.149458 1.67773e-05 6.45015e-05 6.20715e-07 0.14471 0.0248942 5.14038e-05 0.16972
 -0.00857858 3.88729e-06 6.76548e-11 0.0249168 329.908 1.107 220716 3439.92 0.000230154 0.491753 0.375589 0 0.000430569 1.31897e-06 0.59726 0.199578 4.2016e-05 0.000150801 1.65763e-06 0.169159 0.0332404 0.000128731 7.77055e-06 -1 5.98779e+07 12765 5.7101e+06 12764.9 1.40278e-08 0.0959064 222075 222075 6.87905e+07 0.000184158 4.93873e-07 0.510906 0.149459 1.67772e-05 6.45001e-05 6.20691e-07 0.144707 0.0248938 5.14039e-05 0.169717
 -0.00858727 3.8889e-06 6.74176e-11 0.024915 331.944 1.10905 220698 3439.9 0.000230154 0.491753 0.375579 0 0.000430577 1.31894e-06 0.597264 0.199578 4.20156e-05 0.000150797 1.65756e-06 0.169155 0.0332396 0.000128731 7.77038e-06 -1 5.98774e+07 12764.9 5.70997e+06 12764.8 1.39998e-08 0.0964986 222074 222074 6.87906e+07 0.000184162 4.93862e-07 0.510911 0.14946 1.6777e-05 6.44986e-05 6.20667e-07 0.144704 0.0248933 5.1404e-05 0.169714
 -0.00859592 3.8905e-06 6.71805e-11 0.0249133 333.975 1.11113 220680 3439.89 0.000230155 0.491754 0.375569 0 0.000430585 1.3189e-06 0.597268 0.199579 4.20151e-05 0.000150793 1.6575e-06 0.169152 0.0332389 0.000128731 7.77021e-06 -1 5.98769e+07 12764.8 5.70984e+06 12764.7 1.39717e-08 0.0970896 222073 222073 6.87906e+07 0.000184166 4.93851e-07 0.510916 0.149461 1.67769e-05 6.44972e-05 6.20644e-07 0.144702 0.0248928 5.14041e-05 0.169711
 -0.00860453 3.89209e-06 6.69435e-11 0.0249116 336.004 1.11307 220662 3439.87 0.000230155 0.491755 0.375558 0 0.000430594 1.31887e-06 0.597271 0.19958 4.20146e-05 0.000150789 1.65743e-06 0.169148 0.0332381 0.000128731 7.77003e-06 -1 5.98764e+07 12764.7 5.70971e+06 12764.6 1.39435e-08 0.0976797 222072 222072 6.87906e+07 0.00018417 4.9384e-07 0.510921 0.149462 1.67768e-05 6.44958e-05 6.2062e-07 0.144699 0.0248923 5.14043e-05 0.169707
 -0.00861312 3.89367e-06 6.67066e-11 0.0249099 338.03 1.11468 220645 3439.86 0.000230156 0.491756 0.375548 0 0.000430602 1.31884e-06 0.597275 0.199581 4.20141e-05 0.000150786 1.65736e-06 0.169144 0.0332373 0.000128731 7.76986e-06 -1 5.98758e+07 12764.6 5.70958e+06 12764.5 1.39152e-08 0.0982691 222071 222071 6.87907e+07 0.000184175 4.93829e-07 0.510926 0.149463 1.67766e-05 6.44944e-05 6.20596e-07 0.144696 0.0248918 5.14044e-05 0.169704
 -0.00862167 3.89525e-06 6.64698e-11 0.0249083 340.048 1.11739 220629 3439.84 0.000230156 0.491757 0.375538 0 0.000430611 1.3188e-06 0.597279 0.199581 4.20136e-05 0.000150782 1.65729e-06 0.16914 0.0332366 0.000128731 7.76969e-06 -1 5.98753e+07 12764.5 5.70945e+06 12764.4 1.38869e-08 0.0988562 222072 222072 6.87907e+07 0.000184179 4.93819e-07 0.510931 0.149464 1.67765e-05 6.44931e-05 6.20574e-07 0.144694 0.0248914 5.14046e-05 0.169701
 -0.00863018 3.89683e-06 6.62332e-11 0.0249065 342.057 1.11971 220610 3439.82 0.000230156 0.491758 0.375528 0 0.000430617 1.31877e-06 0.597282 0.199582 4.20131e-05 0.000150778 1.65723e-06 0.169137 0.0332359 0.000128731 7.76952e-06 -1 5.98748e+07 12764.4 5.70932e+06 12764.2 1.38584e-08 0.0994408 222071 222071 6.87908e+07 0.000184182 4.93807e-07 0.510936 0.149465 1.67764e-05 6.44918e-05 6.20552e-07 0.144691 0.0248909 5.14047e-05 0.169698
 -0.00863866 3.89839e-06 6.59968e-11 0.0249047 344.067 1.12184 220592 3439.81 0.000230157 0.491759 0.375518 0 0.000430624 1.31873e-06 0.597286 0.199583 4.20125e-05 0.000150775 1.65716e-06 0.169133 0.0332351 0.00012873 7.76936e-06 -1 5.98743e+07 12764.3 5.7092e+06 12764.1 1.38299e-08 0.100026 222070 222070 6.87909e+07 0.000184186 4.93795e-07 0.510941 0.149466 1.67762e-05 6.44904e-05 6.20529e-07 0.144689 0.0248905 5.14048e-05 0.169695
 -0.00864711 3.89995e-06 6.57605e-11 0.024903 346.073 1.12401 220574 3439.79 0.000230157 0.49176 0.375507 0 0.000430631 1.31869e-06 0.59729 0.199583 4.2012e-05 0.000150771 1.65709e-06 0.16913 0.0332344 0.00012873 7.76919e-06 -1 5.98738e+07 12764.2 5.70907e+06 12764 1.38012e-08 0.100609 222069 222069 6.8791e+07 0.00018419 4.93783e-07 0.510946 0.149468 1.67761e-05 6.4489e-05 6.20505e-07 0.144686 0.02489 5.14049e-05 0.169692
 -0.00865553 3.90151e-06 6.55244e-11 0.0249012 348.074 1.12622 220555 3439.78 0.000230157 0.491761 0.375497 0 0.000430637 1.31866e-06 0.597293 0.199584 4.20115e-05 0.000150767 1.65702e-06 0.169126 0.0332337 0.00012873 7.76902e-06 -1 5.98733e+07 12764.1 5.70894e+06 12763.9 1.37725e-08 0.101191 222067 222067 6.87911e+07 0.000184193 4.93771e-07 0.510951 0.149469 1.67759e-05 6.44875e-05 6.20481e-07 0.144684 0.0248896 5.14049e-05 0.169689
 -0.00866391 3.90306e-06 6.52884e-11 0.0248994 350.072 1.12841 220537 3439.76 0.000230158 0.491762 0.375486 0 0.000430644 1.31862e-06 0.597297 0.199585 4.20109e-05 0.000150763 1.65695e-06 0.169122 0.0332329 0.000128729 7.76886e-06 -1 5.98728e+07 12764 5.70881e+06 12763.8 1.37437e-08 0.101773 222066 222066 6.87911e+07 0.000184197 4.93759e-07 0.510956 0.14947 1.67757e-05 6.44861e-05 6.20457e-07 0.144681 0.0248891 5.1405e-05 0.169686
 -0.00867225 3.9046e-06 6.50527e-11 0.0248976 352.065 1.13059 220518 3439.75 0.000230158 0.491763 0.375476 0 0.000430652 1.31858e-06 0.5973 0.199586 4.20103e-05 0.000150759 1.65688e-06 0.169119 0.0332322 0.000128729 7.76869e-06 -1 5.98722e+07 12763.9 5.70868e+06 12763.7 1.37148e-08 0.102352 222065 222065 6.87912e+07 0.000184201 4.93747e-07 0.510961 0.149471 1.67756e-05 6.44846e-05 6.20433e-07 0.144678 0.0248886 5.14051e-05 0.169683
 -0.00868057 3.90613e-06 6.48172e-11 0.0248958 354.053 1.13274 220500 3439.73 0.000230158 0.491764 0.375465 0 0.000430659 1.31854e-06 0.597304 0.199586 4.20098e-05 0.000150755 1.65681e-06 0.169115 0.0332314 0.000128729 7.76852e-06 -1 5.98717e+07 12763.8 5.70855e+06 12763.6 1.36858e-08 0.102931 222064 222064 6.87913e+07 0.000184204 4.93734e-07 0.510966 0.149472 1.67754e-05 6.44832e-05 6.20409e-07 0.144676 0.0248881 5.14052e-05 0.16968
 -0.00868885 3.90766e-06 6.4582e-11 0.024894 356.038 1.13487 220481 3439.71 0.000230159 0.491764 0.375455 0 0.000430666 1.31851e-06 0.597308 0.199587 4.20092e-05 0.000150751 1.65674e-06 0.169111 0.0332307 0.000128729 7.76835e-06 -1 5.98712e+07 12763.6 5.70842e+06 12763.5 1.36568e-08 0.103508 222063 222063 6.87914e+07 0.000184208 4.93722e-07 0.510971 0.149473 1.67753e-05 6.44817e-05 6.20384e-07 0.144673 0.0248877 5.14053e-05 0.169677
 -0.00869709 3.90919e-06 6.4347e-11 0.0248922 358.018 1.13699 220463 3439.7 0.000230159 0.491765 0.375444 0 0.000430673 1.31847e-06 0.597312 0.199588 4.20087e-05 0.000150747 1.65666e-06 0.169108 0.0332299 0.000128729 7.76818e-06 -1 5.98707e+07 12763.5 5.70829e+06 12763.4 1.36276e-08 0.104085 222062 222062 6.87915e+07 0.000184212 4.9371e-07 0.510976 0.149474 1.67751e-05 6.44802e-05 6.2036e-07 0.144671 0.0248872 5.14054e-05 0.169674
 -0.00870531 3.9107e-06 6.41122e-11 0.0248904 359.993 1.13911 220444 3439.68 0.000230159 0.491766 0.375434 0 0.00043068 1.31843e-06 0.597315 0.199589 4.20081e-05 0.000150743 1.65659e-06 0.169104 0.0332292 0.000128728 7.768e-06 -1 5.98701e+07 12763.4 5.70816e+06 12763.3 1.35985e-08 0.104659 222061 222061 6.87915e+07 0.000184216 4.93698e-07 0.510981 0.149475 1.67749e-05 6.44788e-05 6.20336e-07 0.144668 0.0248867 5.14055e-05 0.169671
 -0.00871349 3.91222e-06 6.38777e-11 0.0248886 361.964 1.14121 220425 3439.66 0.00023016 0.491767 0.375423 0 0.000430687 1.31839e-06 0.597319 0.199589 4.20075e-05 0.000150739 1.65652e-06 0.1691 0.0332284 0.000128728 7.76783e-06 -1 5.98696e+07 12763.3 5.70803e+06 12763.2 1.35692e-08 0.105233 222060 222060 6.87916e+07 0.000184219 4.93685e-07 0.510986 0.149476 1.67748e-05 6.44773e-05 6.20312e-07 0.144665 0.0248863 5.14056e-05 0.169668
 -0.00872164 3.91372e-06 6.36435e-11 0.0248868 363.931 1.14331 220407 3439.65 0.00023016 0.491768 0.375412 0 0.000430695 1.31836e-06 0.597323 0.19959 4.2007e-05 0.000150735 1.65645e-06 0.169097 0.0332277 0.000128728 7.76766e-06 -1 5.98691e+07 12763.2 5.70789e+06 12763.1 1.35398e-08 0.105805 222059 222059 6.87917e+07 0.000184223 4.93673e-07 0.510992 0.149478 1.67746e-05 6.44759e-05 6.20287e-07 0.144663 0.0248858 5.14057e-05 0.169664
 -0.00872975 3.91522e-06 6.34096e-11 0.024885 365.893 1.14541 220388 3439.63 0.000230161 0.491769 0.375402 0 0.000430702 1.31832e-06 0.597326 0.199591 4.20064e-05 0.000150731 1.65638e-06 0.169093 0.0332269 0.000128728 7.76749e-06 -1 5.98686e+07 12763.1 5.70776e+06 12762.9 1.35104e-08 0.106376 222058 222058 6.87918e+07 0.000184227 4.93661e-07 0.510997 0.149479 1.67744e-05 6.44744e-05 6.20263e-07 0.14466 0.0248853 5.14058e-05 0.169661
 -0.00873783 3.91671e-06 6.3176e-11 0.0248831 367.851 1.14752 220369 3439.62 0.000230161 0.49177 0.375391 0 0.000430709 1.31828e-06 0.59733 0.199592 4.20058e-05 0.000150727 1.65631e-06 0.169089 0.0332261 0.000128727 7.76732e-06 -1 5.9868e+07 12763 5.70763e+06 12762.8 1.34809e-08 0.106946 222058 222058 6.87919e+07 0.000184231 4.93648e-07 0.511002 0.14948 1.67743e-05 6.44729e-05 6.20238e-07 0.144657 0.0248848 5.14059e-05 0.169658
 -0.00874588 3.9182e-06 6.29427e-11 0.0248813 369.804 1.14963 220350 3439.6 0.000230161 0.491771 0.37538 0 0.000430716 1.31824e-06 0.597334 0.199593 4.20052e-05 0.000150723 1.65624e-06 0.169085 0.0332254 0.000128727 7.76715e-06 -1 5.98675e+07 12762.9 5.7075e+06 12762.7 1.34514e-08 0.107514 222057 222057 6.87919e+07 0.000184234 4.93636e-07 0.511007 0.149481 1.67741e-05 6.44714e-05 6.20214e-07 0.144655 0.0248844 5.1406e-05 0.169655
 -0.0087539 3.91968e-06 6.27098e-11 0.0248795 371.753 1.15175 220332 3439.58 0.000230162 0.491772 0.37537 0 0.000430723 1.3182e-06 0.597338 0.199593 4.20046e-05 0.000150719 1.65616e-06 0.169082 0.0332246 0.000128727 7.76697e-06 -1 5.9867e+07 12762.8 5.70736e+06 12762.6 1.34218e-08 0.108081 222056 222056 6.8792e+07 0.000184238 4.93624e-07 0.511012 0.149482 1.67739e-05 6.44699e-05 6.20189e-07 0.144652 0.0248839 5.14061e-05 0.169652
 -0.00876188 3.92115e-06 6.24772e-11 0.0248777 373.697 1.15387 220313 3439.57 0.000230162 0.491772 0.375359 0 0.000430731 1.31817e-06 0.597341 0.199594 4.20041e-05 0.000150715 1.65609e-06 0.169078 0.0332239 0.000128727 7.7668e-06 -1 5.98665e+07 12762.7 5.70723e+06 12762.5 1.33921e-08 0.108647 222055 222055 6.87921e+07 0.000184242 4.93611e-07 0.511017 0.149483 1.67738e-05 6.44685e-05 6.20165e-07 0.144649 0.0248834 5.14062e-05 0.169649
 -0.00876983 3.92262e-06 6.2245e-11 0.0248758 375.637 1.156 220294 3439.55 0.000230162 0.491773 0.375348 0 0.000430738 1.31813e-06 0.597345 0.199595 4.20035e-05 0.000150711 1.65602e-06 0.169074 0.0332231 0.000128726 7.76663e-06 -1 5.98659e+07 12762.6 5.7071e+06 12762.4 1.33623e-08 0.109212 222054 222054 6.87922e+07 0.000184246 4.93599e-07 0.511022 0.149484 1.67736e-05 6.4467e-05 6.2014e-07 0.144647 0.0248829 5.14063e-05 0.169646
 -0.00877775 3.92409e-06 6.20131e-11 0.024874 377.572 1.15813 220275 3439.53 0.000230163 0.491774 0.375337 0 0.000430745 1.31809e-06 0.597349 0.199596 4.20029e-05 0.000150707 1.65595e-06 0.16907 0.0332223 0.000128726 7.76645e-06 -1 5.98654e+07 12762.5 5.70697e+06 12762.3 1.33325e-08 0.109775 222053 222053 6.87923e+07 0.00018425 4.93586e-07 0.511027 0.149486 1.67734e-05 6.44655e-05 6.20116e-07 0.144644 0.0248825 5.14063e-05 0.169643
 -0.00878563 3.92554e-06 6.17816e-11 0.0248722 379.503 1.16028 220256 3439.52 0.000230163 0.491775 0.375327 0 0.000430752 1.31805e-06 0.597353 0.199596 4.20023e-05 0.000150703 1.65588e-06 0.169067 0.0332216 0.000128726 7.76628e-06 -1 5.98649e+07 12762.4 5.70683e+06 12762.2 1.33027e-08 0.110337 222052 222052 6.87924e+07 0.000184253 4.93573e-07 0.511032 0.149487 1.67732e-05 6.4464e-05 6.20091e-07 0.144641 0.024882 5.14064e-05 0.169639
 -0.00879348 3.92699e-06 6.15506e-11 0.0248703 381.43 1.16243 220237 3439.5 0.000230163 0.491776 0.375316 0 0.000430759 1.31801e-06 0.597356 0.199597 4.20017e-05 0.000150699 1.6558e-06 0.169063 0.0332208 0.000128725 7.76611e-06 -1 5.98643e+07 12762.3 5.7067e+06 12762.1 1.32728e-08 0.110897 222052 222052 6.87925e+07 0.000184257 4.93561e-07 0.511038 0.149488 1.67731e-05 6.44625e-05 6.20066e-07 0.144639 0.0248815 5.14065e-05 0.169636
 -0.00880131 3.92844e-06 6.13199e-11 0.0248685 383.352 1.16459 220218 3439.48 0.000230164 0.491777 0.375305 0 0.000430767 1.31797e-06 0.59736 0.199598 4.20011e-05 0.000150694 1.65573e-06 0.169059 0.03322 0.000128725 7.76593e-06 -1 5.98638e+07 12762.2 5.70656e+06 12761.9 1.32428e-08 0.111457 222051 222051 6.87926e+07 0.000184261 4.93548e-07 0.511043 0.149489 1.67729e-05 6.4461e-05 6.20041e-07 0.144636 0.024881 5.14066e-05 0.169633
 -0.00880909 3.92988e-06 6.10897e-11 0.0248666 385.269 1.16675 220199 3439.47 0.000230164 0.491778 0.375294 0 0.000430774 1.31793e-06 0.597364 0.199599 4.20005e-05 0.00015069 1.65566e-06 0.169055 0.0332193 0.000128725 7.76576e-06 -1 5.98633e+07 12762.1 5.70643e+06 12761.8 1.32127e-08 0.112015 222050 222050 6.87927e+07 0.000184265 4.93535e-07 0.511048 0.14949 1.67727e-05 6.44595e-05 6.20016e-07 0.144633 0.0248805 5.14067e-05 0.16963
 -0.00881685 3.93131e-06 6.08599e-11 0.0248648 387.182 1.16892 220180 3439.45 0.000230164 0.491779 0.375283 0 0.000430781 1.31789e-06 0.597368 0.199599 4.19998e-05 0.000150686 1.65559e-06 0.169052 0.0332185 0.000128725 7.76559e-06 -1 5.98627e+07 12762 5.7063e+06 12761.7 1.31827e-08 0.112571 222049 222049 6.87928e+07 0.000184268 4.93523e-07 0.511053 0.149491 1.67725e-05 6.44579e-05 6.19991e-07 0.144631 0.0248801 5.14068e-05 0.169627
 -0.00882457 3.93274e-06 6.06306e-11 0.0248629 389.091 1.1711 220161 3439.44 0.000230165 0.49178 0.375273 0 0.000430788 1.31786e-06 0.597371 0.1996 4.19992e-05 0.000150682 1.65551e-06 0.169048 0.0332177 0.000128724 7.76541e-06 -1 5.98622e+07 12761.9 5.70616e+06 12761.6 1.31525e-08 0.113127 222049 222049 6.87929e+07 0.000184272 4.9351e-07 0.511058 0.149492 1.67723e-05 6.44564e-05 6.19966e-07 0.144628 0.0248796 5.14068e-05 0.169624
 -0.00883227 3.93416e-06 6.04017e-11 0.0248611 390.995 1.17327 220142 3439.42 0.000230165 0.49178 0.375262 0 0.000430795 1.31782e-06 0.597375 0.199601 4.19986e-05 0.000150678 1.65544e-06 0.169044 0.033217 0.000128724 7.76524e-06 -1 5.98617e+07 12761.8 5.70603e+06 12761.5 1.31224e-08 0.113681 222048 222048 6.8793e+07 0.000184276 4.93497e-07 0.511063 0.149494 1.67722e-05 6.44549e-05 6.19941e-07 0.144625 0.0248791 5.14069e-05 0.169621
 -0.00883993 3.93557e-06 6.01733e-11 0.0248592 392.894 1.17546 220122 3439.4 0.000230165 0.491781 0.375251 0 0.000430803 1.31778e-06 0.597379 0.199602 4.1998e-05 0.000150674 1.65537e-06 0.16904 0.0332162 0.000128724 7.76507e-06 -1 5.98611e+07 12761.7 5.70589e+06 12761.4 1.30921e-08 0.114234 222047 222047 6.87931e+07 0.00018428 4.93484e-07 0.511069 0.149495 1.6772e-05 6.44534e-05 6.19916e-07 0.144623 0.0248786 5.1407e-05 0.169617
 -0.00884756 3.93698e-06 5.99454e-11 0.0248573 394.79 1.17765 220103 3439.39 0.000230166 0.491782 0.37524 0 0.00043081 1.31774e-06 0.597383 0.199602 4.19974e-05 0.00015067 1.65529e-06 0.169037 0.0332154 0.000128723 7.76489e-06 -1 5.98606e+07 12761.6 5.70576e+06 12761.3 1.30619e-08 0.114785 222047 222047 6.87932e+07 0.000184284 4.93471e-07 0.511074 0.149496 1.67718e-05 6.44518e-05 6.19891e-07 0.14462 0.0248781 5.14071e-05 0.169614
 -0.00885515 3.93839e-06 5.9718e-11 0.0248555 396.68 1.17984 220084 3439.37 0.000230166 0.491783 0.375229 0 0.000430817 1.3177e-06 0.597386 0.199603 4.19968e-05 0.000150665 1.65522e-06 0.169033 0.0332147 0.000128723 7.76472e-06 -1 5.98601e+07 12761.4 5.70563e+06 12761.2 1.30316e-08 0.115336 222046 222046 6.87933e+07 0.000184287 4.93458e-07 0.511079 0.149497 1.67716e-05 6.44503e-05 6.19865e-07 0.144617 0.0248777 5.14071e-05 0.169611
 -0.00886272 3.93978e-06 5.94911e-11 0.0248536 398.566 1.18204 220065 3439.35 0.000230166 0.491784 0.375218 0 0.000430824 1.31766e-06 0.59739 0.199604 4.19961e-05 0.000150661 1.65514e-06 0.169029 0.0332139 0.000128723 7.76454e-06 -1 5.98595e+07 12761.3 5.70549e+06 12761 1.30012e-08 0.115885 222046 222046 6.87934e+07 0.000184291 4.93446e-07 0.511084 0.149498 1.67714e-05 6.44487e-05 6.1984e-07 0.144615 0.0248772 5.14072e-05 0.169608
 -0.00887025 3.94118e-06 5.92648e-11 0.0248518 400.448 1.18424 220046 3439.34 0.000230167 0.491785 0.375207 0 0.000430831 1.31762e-06 0.597394 0.199605 4.19955e-05 0.000150657 1.65507e-06 0.169025 0.0332131 0.000128723 7.76437e-06 -1 5.9859e+07 12761.2 5.70536e+06 12760.9 1.29708e-08 0.116432 222045 222045 6.87935e+07 0.000184295 4.93433e-07 0.511089 0.149499 1.67712e-05 6.44472e-05 6.19815e-07 0.144612 0.0248767 5.14073e-05 0.169605
 -0.00887776 3.94256e-06 5.9039e-11 0.0248499 402.325 1.18645 220026 3439.32 0.000230167 0.491786 0.375196 0 0.000430839 1.31758e-06 0.597398 0.199606 4.19949e-05 0.000150653 1.655e-06 0.169021 0.0332124 0.000128722 7.7642e-06 -1 5.98585e+07 12761.1 5.70522e+06 12760.8 1.29404e-08 0.116979 222044 222044 6.87936e+07 0.000184299 4.9342e-07 0.511094 0.1495 1.6771e-05 6.44456e-05 6.19789e-07 0.144609 0.0248762 5.14073e-05 0.169602
 -0.00888523 3.94394e-06 5.88137e-11 0.024848 404.198 1.18866 220007 3439.3 0.000230167 0.491786 0.375185 0 0.000430846 1.31754e-06 0.597401 0.199606 4.19942e-05 0.000150649 1.65492e-06 0.169018 0.0332116 0.000128722 7.76402e-06 -1 5.98579e+07 12761 5.70509e+06 12760.7 1.291e-08 0.117524 222044 222044 6.87937e+07 0.000184302 4.93407e-07 0.5111 0.149502 1.67709e-05 6.44441e-05 6.19764e-07 0.144607 0.0248757 5.14074e-05 0.169598
 -0.00889267 3.94532e-06 5.85891e-11 0.0248461 406.066 1.19087 219988 3439.29 0.000230168 0.491787 0.375174 0 0.000430853 1.3175e-06 0.597405 0.199607 4.19936e-05 0.000150644 1.65485e-06 0.169014 0.0332108 0.000128722 7.76385e-06 -1 5.98574e+07 12760.9 5.70495e+06 12760.6 1.28795e-08 0.118067 222043 222043 6.87938e+07 0.000184306 4.93394e-07 0.511105 0.149503 1.67707e-05 6.44425e-05 6.19738e-07 0.144604 0.0248753 5.14075e-05 0.169595
 -0.00890008 3.94669e-06 5.8365e-11 0.0248443 407.93 1.19308 219969 3439.27 0.000230168 0.491788 0.375164 0 0.00043086 1.31746e-06 0.597409 0.199608 4.1993e-05 0.00015064 1.65477e-06 0.16901 0.0332101 0.000128721 7.76367e-06 -1 5.98568e+07 12760.8 5.70482e+06 12760.5 1.2849e-08 0.11861 222043 222043 6.87939e+07 0.00018431 4.9338e-07 0.51111 0.149504 1.67705e-05 6.44409e-05 6.19712e-07 0.144601 0.0248748 5.14075e-05 0.169592
 -0.00890746 3.94805e-06 5.81415e-11 0.0248424 409.789 1.1953 219949 3439.25 0.000230168 0.491789 0.375153 0 0.000430867 1.31742e-06 0.597413 0.199609 4.19923e-05 0.000150636 1.6547e-06 0.169006 0.0332093 0.000128721 7.7635e-06 -1 5.98563e+07 12760.7 5.70468e+06 12760.4 1.28184e-08 0.119151 222043 222043 6.87941e+07 0.000184314 4.93367e-07 0.511115 0.149505 1.67703e-05 6.44393e-05 6.19687e-07 0.144599 0.0248743 5.14076e-05 0.169589
 -0.00891481 3.94941e-06 5.79186e-11 0.0248405 411.644 1.19753 219930 3439.24 0.000230169 0.49179 0.375142 0 0.000430875 1.31738e-06 0.597417 0.199609 4.19917e-05 0.000150632 1.65462e-06 0.169003 0.0332085 0.000128721 7.76332e-06 -1 5.98558e+07 12760.6 5.70455e+06 12760.2 1.27879e-08 0.119691 222042 222042 6.87942e+07 0.000184318 4.93354e-07 0.51112 0.149506 1.67701e-05 6.44378e-05 6.19661e-07 0.144596 0.0248738 5.14077e-05 0.169586
 -0.00892212 3.95076e-06 5.76964e-11 0.0248386 413.494 1.19975 219911 3439.22 0.000230169 0.491791 0.375131 0 0.000430882 1.31734e-06 0.59742 0.19961 4.1991e-05 0.000150627 1.65455e-06 0.168999 0.0332077 0.00012872 7.76315e-06 -1 5.98552e+07 12760.5 5.70441e+06 12760.1 1.27573e-08 0.12023 222042 222042 6.87943e+07 0.000184321 4.93341e-07 0.511125 0.149507 1.67699e-05 6.44362e-05 6.19635e-07 0.144593 0.0248733 5.14077e-05 0.169583
 -0.00892941 3.9521e-06 5.74748e-11 0.0248367 415.34 1.20198 219891 3439.2 0.000230169 0.491791 0.37512 0 0.000430889 1.3173e-06 0.597424 0.199611 4.19904e-05 0.000150623 1.65447e-06 0.168995 0.033207 0.00012872 7.76297e-06 -1 5.98547e+07 12760.4 5.70428e+06 12760 1.27267e-08 0.120767 222041 222041 6.87944e+07 0.000184325 4.93328e-07 0.511131 0.149508 1.67697e-05 6.44346e-05 6.19609e-07 0.144591 0.0248728 5.14078e-05 0.169579
 -0.00893667 3.95344e-06 5.72538e-11 0.0248349 417.181 1.20421 219872 3439.19 0.000230169 0.491792 0.375109 0 0.000430896 1.31726e-06 0.597428 0.199612 4.19898e-05 0.000150619 1.6544e-06 0.168991 0.0332062 0.000128719 7.7628e-06 -1 5.98542e+07 12760.3 5.70414e+06 12759.9 1.2696e-08 0.121303 222041 222041 6.87945e+07 0.000184329 4.93315e-07 0.511136 0.14951 1.67695e-05 6.4433e-05 6.19584e-07 0.144588 0.0248724 5.14078e-05 0.169576
 -0.00894389 3.95478e-06 5.70335e-11 0.024833 419.018 1.20645 219852 3439.17 0.00023017 0.491793 0.375098 0 0.000430903 1.31722e-06 0.597432 0.199613 4.19891e-05 0.000150614 1.65432e-06 0.168987 0.0332054 0.000128719 7.76262e-06 -1 5.98536e+07 12760.2 5.704e+06 12759.8 1.26654e-08 0.121837 222040 222040 6.87946e+07 0.000184333 4.93302e-07 0.511141 0.149511 1.67693e-05 6.44314e-05 6.19558e-07 0.144585 0.0248719 5.14079e-05 0.169573
 -0.00895109 3.95611e-06 5.68139e-11 0.0248311 420.85 1.20869 219833 3439.15 0.00023017 0.491794 0.375087 0 0.000430911 1.31718e-06 0.597435 0.199613 4.19885e-05 0.00015061 1.65425e-06 0.168984 0.0332047 0.000128719 7.76245e-06 -1 5.98531e+07 12760 5.70387e+06 12759.7 1.26347e-08 0.122371 222040 222040 6.87948e+07 0.000184337 4.93288e-07 0.511146 0.149512 1.67691e-05 6.44298e-05 6.19532e-07 0.144583 0.0248714 5.14079e-05 0.16957
 -0.00895825 3.95743e-06 5.65949e-11 0.0248292 422.677 1.21093 219813 3439.13 0.00023017 0.491795 0.375076 0 0.000430918 1.31714e-06 0.597439 0.199614 4.19878e-05 0.000150606 1.65417e-06 0.16898 0.0332039 0.000128718 7.76227e-06 -1 5.98525e+07 12759.9 5.70373e+06 12759.6 1.26041e-08 0.122903 222040 222040 6.87949e+07 0.00018434 4.93275e-07 0.511151 0.149513 1.67689e-05 6.44282e-05 6.19506e-07 0.14458 0.0248709 5.1408e-05 0.169567
 -0.00896539 3.95875e-06 5.63767e-11 0.0248273 424.501 1.21317 219794 3439.12 0.000230171 0.491795 0.375065 0 0.000430925 1.3171e-06 0.597443 0.199615 4.19872e-05 0.000150602 1.65409e-06 0.168976 0.0332031 0.000128718 7.7621e-06 -1 5.9852e+07 12759.8 5.7036e+06 12759.5 1.25734e-08 0.123434 222039 222039 6.8795e+07 0.000184344 4.93262e-07 0.511157 0.149514 1.67687e-05 6.44266e-05 6.1948e-07 0.144577 0.0248704 5.1408e-05 0.169564
 -0.00897249 3.96006e-06 5.61592e-11 0.0248254 426.319 1.21542 219775 3439.1 0.000230171 0.491796 0.375054 0 0.000430932 1.31706e-06 0.597447 0.199616 4.19865e-05 0.000150597 1.65402e-06 0.168972 0.0332023 0.000128718 7.76192e-06 -1 5.98515e+07 12759.7 5.70346e+06 12759.3 1.25427e-08 0.123963 222039 222039 6.87951e+07 0.000184348 4.93249e-07 0.511162 0.149515 1.67685e-05 6.4425e-05 6.19454e-07 0.144574 0.0248699 5.14081e-05 0.16956
 -0.00897957 3.96137e-06 5.59424e-11 0.0248235 428.134 1.21767 219755 3439.08 0.000230171 0.491797 0.375043 0 0.00043094 1.31702e-06 0.597451 0.199616 4.19858e-05 0.000150593 1.65394e-06 0.168968 0.0332016 0.000128717 7.76175e-06 -1 5.98509e+07 12759.6 5.70332e+06 12759.2 1.2512e-08 0.124491 222039 222039 6.87953e+07 0.000184352 4.93235e-07 0.511167 0.149516 1.67683e-05 6.44234e-05 6.19427e-07 0.144572 0.0248695 5.14081e-05 0.169557
 -0.00898662 3.96267e-06 5.57263e-11 0.0248216 429.943 1.21993 219736 3439.07 0.000230172 0.491798 0.375032 0 0.000430947 1.31698e-06 0.597454 0.199617 4.19852e-05 0.000150588 1.65387e-06 0.168965 0.0332008 0.000128717 7.76157e-06 -1 5.98504e+07 12759.5 5.70319e+06 12759.1 1.24813e-08 0.125018 222039 222039 6.87954e+07 0.000184356 4.93222e-07 0.511172 0.149518 1.67681e-05 6.44218e-05 6.19401e-07 0.144569 0.024869 5.14082e-05 0.169554
 -0.00899363 3.96397e-06 5.5511e-11 0.0248197 431.749 1.22218 219716 3439.05 0.000230172 0.491799 0.375021 0 0.000430954 1.31694e-06 0.597458 0.199618 4.19845e-05 0.000150584 1.65379e-06 0.168961 0.0332 0.000128716 7.7614e-06 -1 5.98498e+07 12759.4 5.70305e+06 12759 1.24506e-08 0.125544 222038 222038 6.87955e+07 0.000184359 4.93209e-07 0.511177 0.149519 1.67679e-05 6.44202e-05 6.19375e-07 0.144566 0.0248685 5.14082e-05 0.169551
 -0.00900062 3.96526e-06 5.52965e-11 0.0248178 433.55 1.22444 219696 3439.03 0.000230172 0.4918 0.37501 0 0.000430961 1.31689e-06 0.597462 0.199619 4.19839e-05 0.00015058 1.65371e-06 0.168957 0.0331992 0.000128716 7.76122e-06 -1 5.98493e+07 12759.3 5.70292e+06 12758.9 1.24199e-08 0.126068 222038 222038 6.87956e+07 0.000184363 4.93195e-07 0.511183 0.14952 1.67677e-05 6.44186e-05 6.19349e-07 0.144564 0.024868 5.14083e-05 0.169548
 -0.00900758 3.96655e-06 5.50827e-11 0.0248159 435.346 1.2267 219677 3439.02 0.000230173 0.4918 0.374999 0 0.000430969 1.31685e-06 0.597466 0.199619 4.19832e-05 0.000150575 1.65364e-06 0.168953 0.0331985 0.000128716 7.76105e-06 -1 5.98488e+07 12759.2 5.70278e+06 12758.8 1.23893e-08 0.126591 222038 222038 6.87958e+07 0.000184367 4.93182e-07 0.511188 0.149521 1.67675e-05 6.44169e-05 6.19323e-07 0.144561 0.0248675 5.14083e-05 0.169544
 -0.00901451 3.96783e-06 5.48697e-11 0.024814 437.138 1.22897 219657 3439 0.000230173 0.491801 0.374988 0 0.000430976 1.31681e-06 0.59747 0.19962 4.19825e-05 0.000150571 1.65356e-06 0.168949 0.0331977 0.000128715 7.76087e-06 -1 5.98482e+07 12759.1 5.70264e+06 12758.7 1.23586e-08 0.127112 222038 222038 6.87959e+07 0.000184371 4.93169e-07 0.511193 0.149522 1.67673e-05 6.44153e-05 6.19296e-07 0.144558 0.024867 5.14084e-05 0.169541
 -0.00902141 3.9691e-06 5.46576e-11 0.0248121 438.926 1.23123 219638 3438.98 0.000230173 0.491802 0.374977 0 0.000430983 1.31677e-06 0.597473 0.199621 4.19819e-05 0.000150567 1.65348e-06 0.168946 0.0331969 0.000128715 7.76069e-06 -1 5.98477e+07 12759 5.70251e+06 12758.5 1.23279e-08 0.127633 222038 222038 6.8796e+07 0.000184375 4.93155e-07 0.511198 0.149523 1.67671e-05 6.44137e-05 6.1927e-07 0.144556 0.0248665 5.14084e-05 0.169538
 -0.00902828 3.97037e-06 5.44462e-11 0.0248102 440.709 1.2335 219618 3438.97 0.000230174 0.491803 0.374965 0 0.000430991 1.31673e-06 0.597477 0.199622 4.19812e-05 0.000150562 1.65341e-06 0.168942 0.0331961 0.000128715 7.76052e-06 -1 5.98471e+07 12758.8 5.70237e+06 12758.4 1.22973e-08 0.128152 222037 222037 6.87962e+07 0.000184378 4.93142e-07 0.511204 0.149525 1.67669e-05 6.44121e-05 6.19244e-07 0.144553 0.0248661 5.14084e-05 0.169535
 -0.00903512 3.97163e-06 5.42357e-11 0.0248083 442.487 1.23577 219599 3438.95 0.000230174 0.491804 0.374954 0 0.000430998 1.31669e-06 0.597481 0.199623 4.19806e-05 0.000150558 1.65333e-06 0.168938 0.0331954 0.000128714 7.76034e-06 -1 5.98466e+07 12758.7 5.70223e+06 12758.3 1.22666e-08 0.12867 222037 222037 6.87963e+07 0.000184382 4.93128e-07 0.511209 0.149526 1.67667e-05 6.44104e-05 6.19217e-07 0.14455 0.0248656 5.14085e-05 0.169532
 -0.00904193 3.97289e-06 5.40261e-11 0.0248064 444.262 1.23804 219579 3438.93 0.000230174 0.491804 0.374943 0 0.000431005 1.31665e-06 0.597485 0.199623 4.19799e-05 0.000150554 1.65325e-06 0.168934 0.0331946 0.000128714 7.76017e-06 -1 5.9846e+07 12758.6 5.7021e+06 12758.2 1.2236e-08 0.129186 222037 222037 6.87964e+07 0.000184386 4.93115e-07 0.511214 0.149527 1.67665e-05 6.44088e-05 6.19191e-07 0.144547 0.0248651 5.14085e-05 0.169528
 -0.00904872 3.97415e-06 5.38172e-11 0.0248045 446.031 1.24032 219559 3438.91 0.000230174 0.491805 0.374932 0 0.000431012 1.31661e-06 0.597489 0.199624 4.19792e-05 0.000150549 1.65318e-06 0.16893 0.0331938 0.000128713 7.75999e-06 -1 5.98455e+07 12758.5 5.70196e+06 12758.1 1.22054e-08 0.129702 222037 222037 6.87966e+07 0.00018439 4.93102e-07 0.511219 0.149528 1.67663e-05 6.44072e-05 6.19165e-07 0.144545 0.0248646 5.14086e-05 0.169525
 -0.00905548 3.97539e-06 5.36093e-11 0.0248026 447.797 1.24259 219540 3438.9 0.000230175 0.491806 0.374921 0 0.00043102 1.31657e-06 0.597493 0.199625 4.19786e-05 0.000150545 1.6531e-06 0.168927 0.033193 0.000128713 7.75981e-06 -1 5.98449e+07 12758.4 5.70182e+06 12758 1.21748e-08 0.130216 222037 222037 6.87967e+07 0.000184394 4.93088e-07 0.511224 0.149529 1.67661e-05 6.44055e-05 6.19138e-07 0.144542 0.0248641 5.14086e-05 0.169522
 -0.0090622 3.97664e-06 5.34022e-11 0.0248007 449.558 1.24487 219520 3438.88 0.000230175 0.491807 0.37491 0 0.000431027 1.31653e-06 0.597496 0.199626 4.19779e-05 0.00015054 1.65302e-06 0.168923 0.0331922 0.000128713 7.75964e-06 -1 5.98444e+07 12758.3 5.70168e+06 12757.8 1.21443e-08 0.130728 222037 222037 6.87968e+07 0.000184398 4.93075e-07 0.51123 0.14953 1.67659e-05 6.44039e-05 6.19112e-07 0.144539 0.0248636 5.14087e-05 0.169519
 -0.00906891 3.97787e-06 5.31961e-11 0.0247988 451.315 1.24715 219500 3438.86 0.000230175 0.491808 0.374899 0 0.000431034 1.31649e-06 0.5975 0.199626 4.19772e-05 0.000150536 1.65294e-06 0.168919 0.0331915 0.000128712 7.75946e-06 -1 5.98439e+07 12758.2 5.70155e+06 12757.7 1.21138e-08 0.13124 222037 222037 6.8797e+07 0.000184401 4.93061e-07 0.511235 0.149532 1.67657e-05 6.44023e-05 6.19085e-07 0.144537 0.0248631 5.14087e-05 0.169516
 -0.00907558 3.97911e-06 5.29908e-11 0.0247969 453.067 1.24944 219481 3438.85 0.000230176 0.491808 0.374888 0 0.000431042 1.31644e-06 0.597504 0.199627 4.19765e-05 0.000150531 1.65287e-06 0.168915 0.0331907 0.000128712 7.75928e-06 -1 5.98433e+07 12758.1 5.70141e+06 12757.6 1.20833e-08 0.13175 222037 222037 6.87971e+07 0.000184405 4.93048e-07 0.51124 0.149533 1.67655e-05 6.44006e-05 6.19059e-07 0.144534 0.0248626 5.14087e-05 0.169512
 -0.00908222 3.98033e-06 5.27865e-11 0.024795 454.815 1.25172 219461 3438.83 0.000230176 0.491809 0.374877 0 0.000431049 1.3164e-06 0.597508 0.199628 4.19759e-05 0.000150527 1.65279e-06 0.168911 0.0331899 0.000128711 7.7591e-06 -1 5.98428e+07 12758 5.70127e+06 12757.5 1.20528e-08 0.132259 222037 222037 6.87972e+07 0.000184409 4.93034e-07 0.511246 0.149534 1.67653e-05 6.4399e-05 6.19032e-07 0.144531 0.0248622 5.14088e-05 0.169509
 -0.00908884 3.98156e-06 5.25831e-11 0.024793 456.559 1.25401 219441 3438.81 0.000230176 0.49181 0.374865 0 0.000431056 1.31636e-06 0.597512 0.199629 4.19752e-05 0.000150523 1.65271e-06 0.168907 0.0331891 0.000128711 7.75893e-06 -1 5.98422e+07 12757.9 5.70113e+06 12757.4 1.20224e-08 0.132767 222037 222037 6.87974e+07 0.000184413 4.93021e-07 0.511251 0.149535 1.67651e-05 6.43974e-05 6.19006e-07 0.144528 0.0248617 5.14088e-05 0.169506
 -0.00909543 3.98277e-06 5.23806e-11 0.0247911 458.298 1.25629 219421 3438.8 0.000230177 0.491811 0.374854 0 0.000431063 1.31632e-06 0.597516 0.19963 4.19745e-05 0.000150518 1.65264e-06 0.168904 0.0331883 0.000128711 7.75875e-06 -1 5.98417e+07 12757.7 5.701e+06 12757.3 1.1992e-08 0.133273 222037 222037 6.87975e+07 0.000184417 4.93007e-07 0.511256 0.149536 1.67649e-05 6.43957e-05 6.18979e-07 0.144526 0.0248612 5.14089e-05 0.169503
 -0.00910199 3.98399e-06 5.21791e-11 0.0247892 460.033 1.25858 219402 3438.78 0.000230177 0.491812 0.374843 0 0.000431071 1.31628e-06 0.597519 0.19963 4.19738e-05 0.000150514 1.65256e-06 0.1689 0.0331875 0.00012871 7.75857e-06 -1 5.98411e+07 12757.6 5.70086e+06 12757.2 1.19617e-08 0.133779 222037 222037 6.87976e+07 0.000184421 4.92994e-07 0.511261 0.149537 1.67647e-05 6.43941e-05 6.18953e-07 0.144523 0.0248607 5.14089e-05 0.1695
 -0.00910853 3.98519e-06 5.19785e-11 0.0247873 461.764 1.26087 219382 3438.76 0.000230177 0.491812 0.374832 0 0.000431078 1.31624e-06 0.597523 0.199631 4.19732e-05 0.000150509 1.65248e-06 0.168896 0.0331868 0.00012871 7.75839e-06 -1 5.98406e+07 12757.5 5.70072e+06 12757 1.19314e-08 0.134283 222037 222037 6.87978e+07 0.000184424 4.9298e-07 0.511267 0.149539 1.67645e-05 6.43924e-05 6.18926e-07 0.14452 0.0248602 5.1409e-05 0.169496
 -0.00911503 3.9864e-06 5.1779e-11 0.0247854 463.491 1.26317 219362 3438.74 0.000230177 0.491813 0.374821 0 0.000431085 1.3162e-06 0.597527 0.199632 4.19725e-05 0.000150505 1.6524e-06 0.168892 0.033186 0.00012871 7.75822e-06 -1 5.984e+07 12757.4 5.70058e+06 12756.9 1.19011e-08 0.134786 222037 222037 6.87979e+07 0.000184428 4.92967e-07 0.511272 0.14954 1.67643e-05 6.43908e-05 6.18899e-07 0.144517 0.0248597 5.1409e-05 0.169493
 -0.00912152 3.98759e-06 5.15804e-11 0.0247834 465.214 1.26546 219342 3438.73 0.000230178 0.491814 0.37481 0 0.000431093 1.31616e-06 0.597531 0.199633 4.19718e-05 0.000150501 1.65233e-06 0.168888 0.0331852 0.000128709 7.75804e-06 -1 5.98395e+07 12757.3 5.70044e+06 12756.8 1.18709e-08 0.135287 222037 222037 6.87981e+07 0.000184432 4.92953e-07 0.511277 0.149541 1.67641e-05 6.43891e-05 6.18873e-07 0.144515 0.0248592 5.14091e-05 0.16949
 -0.00912797 3.98879e-06 5.13829e-11 0.0247815 466.932 1.26775 219323 3438.71 0.000230178 0.491815 0.374798 0 0.0004311 1.31612e-06 0.597535 0.199634 4.19711e-05 0.000150496 1.65225e-06 0.168884 0.0331844 0.000128709 7.75786e-06 -1 5.98389e+07 12757.2 5.70031e+06 12756.7 1.18408e-08 0.135787 222037 222037 6.87982e+07 0.000184436 4.9294e-07 0.511282 0.149542 1.67639e-05 6.43875e-05 6.18846e-07 0.144512 0.0248587 5.14091e-05 0.169487
 -0.0091344 3.98997e-06 5.11863e-11 0.0247796 468.646 1.27005 219303 3438.69 0.000230178 0.491816 0.374787 0 0.000431107 1.31607e-06 0.597539 0.199634 4.19705e-05 0.000150492 1.65217e-06 0.16888 0.0331836 0.000128708 7.75768e-06 -1 5.98384e+07 12757.1 5.70017e+06 12756.6 1.18107e-08 0.136287 222037 222037 6.87983e+07 0.00018444 4.92926e-07 0.511288 0.149543 1.67637e-05 6.43859e-05 6.1882e-07 0.144509 0.0248582 5.14091e-05 0.169483
 -0.0091408 3.99116e-06 5.09908e-11 0.0247777 470.356 1.27234 219283 3438.67 0.000230179 0.491817 0.374776 0 0.000431115 1.31603e-06 0.597543 0.199635 4.19698e-05 0.000150487 1.65209e-06 0.168877 0.0331828 0.000128708 7.7575e-06 -1 5.98378e+07 12757 5.70003e+06 12756.5 1.17806e-08 0.136784 222037 222037 6.87985e+07 0.000184444 4.92913e-07 0.511293 0.149544 1.67635e-05 6.43842e-05 6.18793e-07 0.144507 0.0248577 5.14092e-05 0.16948
 -0.00914717 3.99233e-06 5.07964e-11 0.0247757 472.061 1.27464 219263 3438.66 0.000230179 0.491817 0.374765 0 0.000431122 1.31599e-06 0.597546 0.199636 4.19691e-05 0.000150483 1.65202e-06 0.168873 0.033182 0.000128708 7.75732e-06 -1 5.98373e+07 12756.9 5.69989e+06 12756.3 1.17507e-08 0.137281 222037 222037 6.87986e+07 0.000184448 4.92899e-07 0.511298 0.149546 1.67633e-05 6.43826e-05 6.18766e-07 0.144504 0.0248572 5.14092e-05 0.169477
 -0.00915352 3.99351e-06 5.0603e-11 0.0247738 473.763 1.27694 219243 3438.64 0.000230179 0.491818 0.374753 0 0.000431129 1.31595e-06 0.59755 0.199637 4.19684e-05 0.000150478 1.65194e-06 0.168869 0.0331812 0.000128707 7.75715e-06 -1 5.98367e+07 12756.8 5.69975e+06 12756.2 1.17207e-08 0.137777 222037 222037 6.87988e+07 0.000184451 4.92885e-07 0.511304 0.149547 1.67631e-05 6.43809e-05 6.1874e-07 0.144501 0.0248567 5.14093e-05 0.169474
 -0.00915984 3.99467e-06 5.04106e-11 0.0247719 475.461 1.27923 219223 3438.62 0.00023018 0.491819 0.374742 0 0.000431137 1.31591e-06 0.597554 0.199638 4.19678e-05 0.000150474 1.65186e-06 0.168865 0.0331805 0.000128707 7.75697e-06 -1 5.98362e+07 12756.6 5.69961e+06 12756.1 1.16909e-08 0.138271 222037 222037 6.87989e+07 0.000184455 4.92872e-07 0.511309 0.149548 1.67629e-05 6.43793e-05 6.18713e-07 0.144498 0.0248562 5.14093e-05 0.16947
 -0.00916614 3.99584e-06 5.02194e-11 0.0247699 477.154 1.28153 219203 3438.61 0.00023018 0.49182 0.374731 0 0.000431144 1.31587e-06 0.597558 0.199638 4.19671e-05 0.00015047 1.65178e-06 0.168861 0.0331797 0.000128706 7.75679e-06 -1 5.98356e+07 12756.5 5.69947e+06 12756 1.16611e-08 0.138764 222037 222037 6.8799e+07 0.000184459 4.92858e-07 0.511314 0.149549 1.67627e-05 6.43776e-05 6.18686e-07 0.144496 0.0248557 5.14094e-05 0.169467
 -0.00917241 3.997e-06 5.00292e-11 0.024768 478.843 1.28383 219183 3438.59 0.00023018 0.491821 0.37472 0 0.000431151 1.31583e-06 0.597562 0.199639 4.19664e-05 0.000150465 1.65171e-06 0.168857 0.0331789 0.000128706 7.75661e-06 -1 5.98351e+07 12756.4 5.69933e+06 12755.9 1.16314e-08 0.139256 222037 222037 6.87992e+07 0.000184463 4.92845e-07 0.51132 0.14955 1.67625e-05 6.4376e-05 6.1866e-07 0.144493 0.0248553 5.14094e-05 0.169464
 -0.00917866 3.99815e-06 4.98401e-11 0.0247661 480.529 1.28613 219163 3438.57 0.000230181 0.491822 0.374708 0 0.000431159 1.31578e-06 0.597566 0.19964 4.19657e-05 0.000150461 1.65163e-06 0.168853 0.0331781 0.000128706 7.75643e-06 -1 5.98345e+07 12756.3 5.69919e+06 12755.8 1.16018e-08 0.139747 222037 222037 6.87993e+07 0.000184467 4.92831e-07 0.511325 0.149551 1.67623e-05 6.43744e-05 6.18633e-07 0.14449 0.0248548 5.14095e-05 0.169461
 -0.00918488 3.9993e-06 4.96522e-11 0.0247641 482.21 1.28843 219143 3438.55 0.000230181 0.491822 0.374697 0 0.000431166 1.31574e-06 0.59757 0.199641 4.19651e-05 0.000150456 1.65155e-06 0.168849 0.0331773 0.000128705 7.75625e-06 -1 5.9834e+07 12756.2 5.69906e+06 12755.6 1.15722e-08 0.140237 222037 222037 6.87995e+07 0.000184471 4.92817e-07 0.51133 0.149553 1.67621e-05 6.43727e-05 6.18606e-07 0.144487 0.0248543 5.14095e-05 0.169457
 -0.00919107 4.00044e-06 4.94654e-11 0.0247622 483.887 1.29073 219123 3438.54 0.000230181 0.491823 0.374686 0 0.000431173 1.3157e-06 0.597574 0.199641 4.19644e-05 0.000150452 1.65147e-06 0.168845 0.0331765 0.000128705 7.75607e-06 -1 5.98334e+07 12756.1 5.69892e+06 12755.5 1.15428e-08 0.140725 222037 222037 6.87996e+07 0.000184475 4.92804e-07 0.511336 0.149554 1.67619e-05 6.43711e-05 6.1858e-07 0.144484 0.0248538 5.14096e-05 0.169454
 -0.00919724 4.00158e-06 4.92797e-11 0.0247602 485.561 1.29303 219103 3438.52 0.000230182 0.491824 0.374674 0 0.000431181 1.31566e-06 0.597577 0.199642 4.19637e-05 0.000150447 1.65139e-06 0.168842 0.0331757 0.000128705 7.75589e-06 -1 5.98329e+07 12756 5.69878e+06 12755.4 1.15134e-08 0.141213 222037 222037 6.87997e+07 0.000184478 4.9279e-07 0.511341 0.149555 1.67617e-05 6.43694e-05 6.18553e-07 0.144482 0.0248533 5.14096e-05 0.169451
 -0.00920339 4.00272e-06 4.90951e-11 0.0247583 487.23 1.29533 219083 3438.5 0.000230182 0.491825 0.374663 0 0.000431188 1.31562e-06 0.597581 0.199643 4.19631e-05 0.000150443 1.65132e-06 0.168838 0.0331749 0.000128704 7.75571e-06 -1 5.98323e+07 12755.9 5.69864e+06 12755.3 1.14841e-08 0.141699 222037 222037 6.87999e+07 0.000184482 4.92776e-07 0.511346 0.149556 1.67615e-05 6.43678e-05 6.18526e-07 0.144479 0.0248528 5.14097e-05 0.169448
 -0.00920951 4.00385e-06 4.89118e-11 0.0247563 488.896 1.29763 219063 3438.48 0.000230182 0.491826 0.374652 0 0.000431195 1.31558e-06 0.597585 0.199644 4.19624e-05 0.000150438 1.65124e-06 0.168834 0.0331741 0.000128704 7.75553e-06 -1 5.98317e+07 12755.7 5.6985e+06 12755.2 1.14549e-08 0.142184 222037 222037 6.88e+07 0.000184486 4.92763e-07 0.511352 0.149557 1.67613e-05 6.43661e-05 6.18499e-07 0.144476 0.0248523 5.14098e-05 0.169444
 -0.00921561 4.00498e-06 4.87296e-11 0.0247544 490.558 1.29993 219043 3438.47 0.000230183 0.491827 0.37464 0 0.000431203 1.31553e-06 0.597589 0.199645 4.19617e-05 0.000150434 1.65116e-06 0.16883 0.0331733 0.000128703 7.75535e-06 -1 5.98312e+07 12755.6 5.69836e+06 12755 1.14258e-08 0.142668 222037 222037 6.88002e+07 0.00018449 4.92749e-07 0.511357 0.149559 1.67611e-05 6.43645e-05 6.18473e-07 0.144473 0.0248518 5.14098e-05 0.169441
 -0.00922168 4.0061e-06 4.85486e-11 0.0247524 492.215 1.30223 219023 3438.45 0.000230183 0.491827 0.374629 0 0.00043121 1.31549e-06 0.597593 0.199645 4.19611e-05 0.00015043 1.65108e-06 0.168826 0.0331725 0.000128703 7.75516e-06 -1 5.98306e+07 12755.5 5.69821e+06 12754.9 1.13968e-08 0.143151 222037 222037 6.88003e+07 0.000184494 4.92735e-07 0.511362 0.14956 1.67609e-05 6.43628e-05 6.18446e-07 0.144471 0.0248513 5.14099e-05 0.169438
 -0.00922772 4.00721e-06 4.83688e-11 0.0247505 493.87 1.30453 219003 3438.43 0.000230183 0.491828 0.374617 0 0.000431217 1.31545e-06 0.597597 0.199646 4.19604e-05 0.000150425 1.651e-06 0.168822 0.0331717 0.000128703 7.75498e-06 -1 5.98301e+07 12755.4 5.69807e+06 12754.8 1.13678e-08 0.143633 222037 222037 6.88005e+07 0.000184498 4.92722e-07 0.511368 0.149561 1.67607e-05 6.43612e-05 6.18419e-07 0.144468 0.0248508 5.14099e-05 0.169434
 -0.00923375 4.00833e-06 4.81902e-11 0.0247485 495.52 1.30683 218983 3438.41 0.000230184 0.491829 0.374606 0 0.000431225 1.31541e-06 0.597601 0.199647 4.19598e-05 0.000150421 1.65093e-06 0.168818 0.0331709 0.000128702 7.7548e-06 -1 5.98295e+07 12755.3 5.69793e+06 12754.7 1.1339e-08 0.144113 222037 222037 6.88006e+07 0.000184502 4.92708e-07 0.511373 0.149562 1.67605e-05 6.43595e-05 6.18392e-07 0.144465 0.0248503 5.141e-05 0.169431
 -0.00923975 4.00944e-06 4.80128e-11 0.0247465 497.166 1.30913 218963 3438.4 0.000230184 0.49183 0.374595 0 0.000431232 1.31537e-06 0.597605 0.199648 4.19591e-05 0.000150416 1.65085e-06 0.168814 0.0331701 0.000128702 7.75462e-06 -1 5.9829e+07 12755.2 5.69779e+06 12754.6 1.13103e-08 0.144593 222037 222037 6.88008e+07 0.000184506 4.92694e-07 0.511379 0.149563 1.67603e-05 6.43579e-05 6.18365e-07 0.144462 0.0248498 5.141e-05 0.169428
 -0.00924572 4.01054e-06 4.78366e-11 0.0247446 498.809 1.31143 218943 3438.38 0.000230184 0.491831 0.374583 0 0.00043124 1.31532e-06 0.597609 0.199649 4.19585e-05 0.000150412 1.65077e-06 0.16881 0.0331693 0.000128702 7.75444e-06 -1 5.98284e+07 12755.1 5.69765e+06 12754.5 1.12817e-08 0.145071 222037 222037 6.88009e+07 0.00018451 4.9268e-07 0.511384 0.149565 1.67601e-05 6.43562e-05 6.18339e-07 0.144459 0.0248493 5.14101e-05 0.169425
 -0.00925167 4.01164e-06 4.76617e-11 0.0247426 500.448 1.31373 218922 3438.36 0.000230184 0.491832 0.374572 0 0.000431247 1.31528e-06 0.597613 0.199649 4.19579e-05 0.000150407 1.65069e-06 0.168806 0.0331685 0.000128701 7.75426e-06 -1 5.98278e+07 12755 5.69751e+06 12754.3 1.12532e-08 0.145549 222037 222037 6.8801e+07 0.000184513 4.92667e-07 0.511389 0.149566 1.67599e-05 6.43546e-05 6.18312e-07 0.144457 0.0248488 5.14102e-05 0.169421
 -0.0092576 4.01273e-06 4.74881e-11 0.0247407 502.083 1.31603 218902 3438.34 0.000230185 0.491833 0.37456 0 0.000431254 1.31524e-06 0.597617 0.19965 4.19572e-05 0.000150403 1.65061e-06 0.168802 0.0331677 0.000128701 7.75407e-06 -1 5.98273e+07 12754.8 5.69737e+06 12754.2 1.12248e-08 0.146025 222037 222037 6.88012e+07 0.000184517 4.92653e-07 0.511395 0.149567 1.67597e-05 6.43529e-05 6.18285e-07 0.144454 0.0248482 5.14102e-05 0.169418
 -0.00926351 4.01383e-06 4.73157e-11 0.0247387 503.715 1.31833 218882 3438.33 0.000230185 0.491833 0.374549 0 0.000431262 1.3152e-06 0.597621 0.199651 4.19566e-05 0.000150398 1.65054e-06 0.168798 0.0331669 0.000128701 7.75389e-06 -1 5.98267e+07 12754.7 5.69723e+06 12754.1 1.11965e-08 0.146501 222037 222037 6.88013e+07 0.000184521 4.92639e-07 0.5114 0.149568 1.67595e-05 6.43513e-05 6.18258e-07 0.144451 0.0248477 5.14103e-05 0.169415
 -0.00926939 4.01491e-06 4.71446e-11 0.0247367 505.343 1.32063 218862 3438.31 0.000230185 0.491834 0.374537 0 0.000431269 1.31516e-06 0.597625 0.199652 4.1956e-05 0.000150394 1.65046e-06 0.168794 0.0331661 0.0001287 7.75371e-06 -1 5.98261e+07 12754.6 5.69708e+06 12754 1.11684e-08 0.146975 222037 222037 6.88015e+07 0.000184525 4.92626e-07 0.511406 0.149569 1.67594e-05 6.43496e-05 6.18231e-07 0.144448 0.0248472 5.14103e-05 0.169411
 -0.00927525 4.01599e-06 4.69748e-11 0.0247347 506.968 1.32293 218841 3438.29 0.000230186 0.491835 0.374526 0 0.000431277 1.31512e-06 0.597629 0.199653 4.19554e-05 0.000150389 1.65038e-06 0.16879 0.0331653 0.0001287 7.75353e-06 -1 5.98256e+07 12754.5 5.69694e+06 12753.9 1.11404e-08 0.147448 222037 222037 6.88016e+07 0.000184529 4.92612e-07 0.511411 0.149571 1.67592e-05 6.4348e-05 6.18204e-07 0.144445 0.0248467 5.14104e-05 0.169408
 -0.00928109 4.01707e-06 4.68063e-11 0.0247328 508.589 1.32523 218821 3438.27 0.000230186 0.491836 0.374514 0 0.000431284 1.31507e-06 0.597633 0.199654 4.19548e-05 0.000150385 1.6503e-06 0.168786 0.0331645 0.000128699 7.75334e-06 -1 5.9825e+07 12754.4 5.6968e+06 12753.7 1.11125e-08 0.14792 222037 222037 6.88018e+07 0.000184533 4.92598e-07 0.511417 0.149572 1.6759e-05 6.43463e-05 6.18177e-07 0.144443 0.0248462 5.14105e-05 0.169405
 -0.0092869 4.01815e-06 4.66391e-11 0.0247308 510.206 1.32754 218801 3438.26 0.000230186 0.491837 0.374503 0 0.000431291 1.31503e-06 0.597636 0.199654 4.19543e-05 0.000150381 1.65022e-06 0.168783 0.0331636 0.000128699 7.75316e-06 -1 5.98245e+07 12754.3 5.69666e+06 12753.6 1.10847e-08 0.148391 222037 222037 6.88019e+07 0.000184537 4.92584e-07 0.511422 0.149573 1.67589e-05 6.43446e-05 6.1815e-07 0.14444 0.0248457 5.14105e-05 0.169401
 -0.0092927 4.01922e-06 4.64732e-11 0.0247288 511.82 1.32984 218780 3438.24 0.000230187 0.491838 0.374491 0 0.000431299 1.31499e-06 0.59764 0.199655 4.19537e-05 0.000150376 1.65014e-06 0.168779 0.0331628 0.000128699 7.75298e-06 -1 5.98239e+07 12754.2 5.69652e+06 12753.5 1.10571e-08 0.148862 222037 222037 6.88021e+07 0.000184541 4.92571e-07 0.511427 0.149574 1.67587e-05 6.4343e-05 6.18123e-07 0.144437 0.0248452 5.14106e-05 0.169398
 -0.00929847 4.02028e-06 4.63086e-11 0.0247268 513.431 1.33214 218760 3438.22 0.000230187 0.491839 0.37448 0 0.000431306 1.31495e-06 0.597644 0.199656 4.19531e-05 0.000150372 1.65006e-06 0.168775 0.033162 0.000128698 7.75279e-06 -1 5.98233e+07 12754.1 5.69637e+06 12753.4 1.10296e-08 0.149331 222037 222037 6.88022e+07 0.000184545 4.92557e-07 0.511433 0.149575 1.67586e-05 6.43413e-05 6.18096e-07 0.144434 0.0248447 5.14106e-05 0.169395
 -0.00930421 4.02135e-06 4.61454e-11 0.0247248 515.038 1.33445 218740 3438.2 0.000230187 0.49184 0.374468 0 0.000431314 1.31491e-06 0.597648 0.199657 4.19526e-05 0.000150367 1.64998e-06 0.168771 0.0331612 0.000128698 7.75261e-06 -1 5.98228e+07 12753.9 5.69623e+06 12753.3 1.10022e-08 0.149799 222037 222037 6.88023e+07 0.000184549 4.92543e-07 0.511438 0.149577 1.67584e-05 6.43397e-05 6.18069e-07 0.144431 0.0248442 5.14107e-05 0.169391
 -0.00930994 4.0224e-06 4.59836e-11 0.0247229 516.641 1.33675 218719 3438.19 0.000230188 0.49184 0.374456 0 0.000431321 1.31486e-06 0.597652 0.199658 4.19521e-05 0.000150363 1.64991e-06 0.168767 0.0331604 0.000128698 7.75242e-06 -1 5.98222e+07 12753.8 5.69609e+06 12753.1 1.0975e-08 0.150266 222037 222037 6.88025e+07 0.000184553 4.9253e-07 0.511444 0.149578 1.67583e-05 6.4338e-05 6.18042e-07 0.144428 0.0248437 5.14108e-05 0.169388
 -0.00931565 4.02346e-06 4.58231e-11 0.0247209 518.242 1.33906 218699 3438.17 0.000230188 0.491841 0.374445 0 0.000431329 1.31482e-06 0.597656 0.199658 4.19516e-05 0.000150358 1.64983e-06 0.168763 0.0331596 0.000128697 7.75224e-06 -1 5.98216e+07 12753.7 5.69594e+06 12753 1.09479e-08 0.150732 222037 222037 6.88026e+07 0.000184556 4.92516e-07 0.511449 0.149579 1.67582e-05 6.43363e-05 6.18015e-07 0.144426 0.0248432 5.14108e-05 0.169385
 -0.00932133 4.02451e-06 4.5664e-11 0.0247189 519.839 1.34136 218678 3438.15 0.000230188 0.491842 0.374433 0 0.000431336 1.31478e-06 0.59766 0.199659 4.19512e-05 0.000150354 1.64975e-06 0.168759 0.0331588 0.000128697 7.75206e-06 -1 5.98211e+07 12753.6 5.6958e+06 12752.9 1.09209e-08 0.151198 222037 222037 6.88028e+07 0.00018456 4.92502e-07 0.511455 0.14958 1.6758e-05 6.43347e-05 6.17988e-07 0.144423 0.0248427 5.14109e-05 0.169381
 -0.00932699 4.02555e-06 4.55062e-11 0.0247169 521.433 1.34367 218658 3438.13 0.000230189 0.491843 0.374421 0 0.000431344 1.31474e-06 0.597664 0.19966 4.19507e-05 0.000150349 1.64967e-06 0.168755 0.0331579 0.000128697 7.75187e-06 -1 5.98205e+07 12753.5 5.69566e+06 12752.8 1.08942e-08 0.151662 222037 222037 6.88029e+07 0.000184564 4.92489e-07 0.51146 0.149581 1.67579e-05 6.4333e-05 6.17961e-07 0.14442 0.0248421 5.1411e-05 0.169378
 -0.00933263 4.0266e-06 4.53499e-11 0.0247149 523.023 1.34598 218637 3438.12 0.000230189 0.491844 0.37441 0 0.000431351 1.3147e-06 0.597668 0.199661 4.19503e-05 0.000150345 1.64959e-06 0.168751 0.0331571 0.000128696 7.75169e-06 -1 5.98199e+07 12753.4 5.69551e+06 12752.7 1.08675e-08 0.152125 222037 222037 6.88031e+07 0.000184568 4.92475e-07 0.511466 0.149583 1.67578e-05 6.43313e-05 6.17934e-07 0.144417 0.0248416 5.1411e-05 0.169375
 -0.00933826 4.02763e-06 4.5195e-11 0.0247129 524.61 1.34829 218617 3438.1 0.000230189 0.491845 0.374398 0 0.000431359 1.31466e-06 0.597672 0.199662 4.195e-05 0.00015034 1.64951e-06 0.168747 0.0331563 0.000128696 7.7515e-06 -1 5.98193e+07 12753.3 5.69537e+06 12752.5 1.08411e-08 0.152588 222037 222037 6.88032e+07 0.000184572 4.92462e-07 0.511471 0.149584 1.67578e-05 6.43296e-05 6.17906e-07 0.144414 0.0248411 5.14111e-05 0.169371
 -0.00934386 4.02867e-06 4.50415e-11 0.0247109 526.195 1.3506 218596 3438.08 0.00023019 0.491846 0.374386 0 0.000431366 1.31462e-06 0.597676 0.199662 4.19496e-05 0.000150335 1.64943e-06 0.168743 0.0331555 0.000128695 7.75131e-06 -1 5.98188e+07 12753.1 5.69523e+06 12752.4 1.08147e-08 0.153049 222037 222037 6.88034e+07 0.000184576 4.92448e-07 0.511477 0.149585 1.67577e-05 6.4328e-05 6.17879e-07 0.144411 0.0248406 5.14112e-05 0.169368
 -0.00934944 4.0297e-06 4.48894e-11 0.0247089 527.776 1.35291 218575 3438.06 0.00023019 0.491847 0.374375 0 0.000431374 1.31457e-06 0.59768 0.199663 4.19493e-05 0.000150331 1.64935e-06 0.168739 0.0331547 0.000128695 7.75113e-06 -1 5.98182e+07 12753 5.69508e+06 12752.3 1.07886e-08 0.15351 222037 222037 6.88035e+07 0.00018458 4.92435e-07 0.511482 0.149586 1.67576e-05 6.43263e-05 6.17852e-07 0.144409 0.0248401 5.14112e-05 0.169365
 -0.009355 4.03073e-06 4.47388e-11 0.0247069 529.354 1.35522 218555 3438.04 0.00023019 0.491847 0.374363 0 0.000431381 1.31453e-06 0.597684 0.199664 4.19491e-05 0.000150326 1.64927e-06 0.168735 0.0331538 0.000128695 7.75094e-06 -1 5.98176e+07 12752.9 5.69494e+06 12752.2 1.07626e-08 0.15397 222037 222037 6.88037e+07 0.000184584 4.92421e-07 0.511488 0.149588 1.67576e-05 6.43246e-05 6.17825e-07 0.144406 0.0248396 5.14113e-05 0.169361
 -0.00936054 4.03175e-06 4.45896e-11 0.0247049 530.929 1.35753 218534 3438.03 0.000230191 0.491848 0.374351 0 0.000431389 1.31449e-06 0.597688 0.199665 4.19489e-05 0.000150322 1.64919e-06 0.16873 0.033153 0.000128694 7.75076e-06 -1 5.98171e+07 12752.8 5.69479e+06 12752.1 1.07368e-08 0.154429 222037 222037 6.88038e+07 0.000184588 4.92408e-07 0.511493 0.149589 1.67576e-05 6.43229e-05 6.17797e-07 0.144403 0.0248391 5.14113e-05 0.169358
 -0.00936606 4.03277e-06 4.44418e-11 0.0247028 532.5 1.35985 218513 3438.01 0.000230191 0.491849 0.37434 0 0.000431396 1.31445e-06 0.597692 0.199666 4.19487e-05 0.000150317 1.64911e-06 0.168726 0.0331522 0.000128694 7.75057e-06 -1 5.98165e+07 12752.7 5.69465e+06 12751.9 1.07111e-08 0.154887 222037 222037 6.88039e+07 0.000184592 4.92395e-07 0.511499 0.14959 1.67576e-05 6.43213e-05 6.1777e-07 0.1444 0.0248385 5.14114e-05 0.169354
 -0.00937156 4.03379e-06 4.42956e-11 0.0247008 534.069 1.36216 218493 3437.99 0.000230192 0.49185 0.374328 0 0.000431404 1.31441e-06 0.597697 0.199667 4.19486e-05 0.000150313 1.64903e-06 0.168722 0.0331514 0.000128694 7.75038e-06 -1 5.98159e+07 12752.6 5.6945e+06 12751.8 1.06856e-08 0.155344 222037 222037 6.88041e+07 0.000184596 4.92382e-07 0.511504 0.149591 1.67576e-05 6.43196e-05 6.17743e-07 0.144397 0.024838 5.14115e-05 0.169351
 -0.00937704 4.0348e-06 4.41508e-11 0.0246988 535.635 1.36448 218472 3437.97 0.000230192 0.491851 0.374316 0 0.000431411 1.31437e-06 0.597701 0.199667 4.19486e-05 0.000150308 1.64895e-06 0.168718 0.0331505 0.000128693 7.7502e-06 -1 5.98153e+07 12752.5 5.69436e+06 12751.7 1.06603e-08 0.1558 222037 222037 6.88042e+07 0.0001846 4.92368e-07 0.51151 0.149593 1.67577e-05 6.43179e-05 6.17715e-07 0.144394 0.0248375 5.14115e-05 0.169348
 -0.0093825 4.03581e-06 4.40075e-11 0.0246968 537.199 1.3668 218451 3437.96 0.000230192 0.491852 0.374304 0 0.000431419 1.31433e-06 0.597705 0.199668 4.19487e-05 0.000150304 1.64887e-06 0.168714 0.0331497 0.000128693 7.75001e-06 -1 5.98148e+07 12752.3 5.69421e+06 12751.6 1.06352e-08 0.156256 222037 222037 6.88044e+07 0.000184604 4.92355e-07 0.511516 0.149594 1.67578e-05 6.43162e-05 6.17688e-07 0.144391 0.024837 5.14116e-05 0.169344
 -0.00938794 4.03681e-06 4.38656e-11 0.0246948 538.759 1.36912 218431 3437.94 0.000230193 0.491853 0.374292 0 0.000431427 1.31429e-06 0.597709 0.199669 4.19488e-05 0.000150299 1.64879e-06 0.16871 0.0331489 0.000128693 7.74982e-06 -1 5.98142e+07 12752.2 5.69407e+06 12751.4 1.06103e-08 0.15671 222037 222037 6.88045e+07 0.000184608 4.92343e-07 0.511521 0.149595 1.67579e-05 6.43145e-05 6.1766e-07 0.144388 0.0248365 5.14117e-05 0.169341
 -0.00939336 4.03781e-06 4.37253e-11 0.0246927 540.316 1.37144 218410 3437.92 0.000230193 0.491854 0.374281 0 0.000431434 1.31425e-06 0.597713 0.19967 4.1949e-05 0.000150295 1.64871e-06 0.168706 0.033148 0.000128692 7.74963e-06 -1 5.98136e+07 12752.1 5.69392e+06 12751.3 1.05855e-08 0.157164 222036 222036 6.88047e+07 0.000184612 4.9233e-07 0.511527 0.149596 1.67581e-05 6.43128e-05 6.17633e-07 0.144386 0.0248359 5.14117e-05 0.169337
 -0.00939877 4.03881e-06 4.35866e-11 0.0246907 541.871 1.37376 218389 3437.9 0.000230193 0.491855 0.374269 0 0.000431442 1.31421e-06 0.597717 0.199671 4.19493e-05 0.00015029 1.64863e-06 0.168702 0.0331472 0.000128692 7.74945e-06 -1 5.9813e+07 12752 5.69377e+06 12751.2 1.0561e-08 0.157617 222036 222036 6.88048e+07 0.000184616 4.92317e-07 0.511532 0.149597 1.67583e-05 6.43111e-05 6.17605e-07 0.144383 0.0248354 5.14118e-05 0.169334
 -0.00940416 4.03981e-06 4.34493e-11 0.0246887 543.423 1.37609 218368 3437.88 0.000230194 0.491856 0.374257 0 0.000431449 1.31417e-06 0.597721 0.199672 4.19497e-05 0.000150285 1.64855e-06 0.168698 0.0331464 0.000128692 7.74926e-06 -1 5.98124e+07 12751.9 5.69363e+06 12751.1 1.05366e-08 0.15807 222036 222036 6.8805e+07 0.00018462 4.92305e-07 0.511538 0.149599 1.67585e-05 6.43094e-05 6.17578e-07 0.14438 0.0248349 5.14119e-05 0.169331
 -0.00940953 4.0408e-06 4.33136e-11 0.0246867 544.973 1.37841 218347 3437.86 0.000230194 0.491856 0.374245 0 0.000431457 1.31413e-06 0.597725 0.199672 4.19503e-05 0.000150281 1.64847e-06 0.168694 0.0331455 0.000128691 7.74907e-06 -1 5.98119e+07 12751.8 5.69348e+06 12750.9 1.05124e-08 0.158521 222036 222036 6.88051e+07 0.000184624 4.92292e-07 0.511543 0.1496 1.67588e-05 6.43077e-05 6.1755e-07 0.144377 0.0248344 5.14119e-05 0.169327
 -0.00941488 4.04179e-06 4.31794e-11 0.0246846 546.519 1.38074 218326 3437.85 0.000230194 0.491857 0.374233 0 0.000431465 1.3141e-06 0.597729 0.199673 4.19509e-05 0.000150276 1.64839e-06 0.16869 0.0331447 0.000128691 7.74888e-06 -1 5.98113e+07 12751.6 5.69333e+06 12750.8 1.04884e-08 0.158972 222036 222036 6.88052e+07 0.000184628 4.9228e-07 0.511549 0.149601 1.67591e-05 6.4306e-05 6.17522e-07 0.144374 0.0248338 5.1412e-05 0.169324
 -0.00942021 4.04277e-06 4.30468e-11 0.0246826 548.063 1.38307 218305 3437.83 0.000230195 0.491858 0.374221 0 0.000431473 1.31406e-06 0.597733 0.199674 4.19517e-05 0.000150272 1.64831e-06 0.168686 0.0331438 0.00012869 7.74869e-06 -1 5.98107e+07 12751.5 5.69319e+06 12750.7 1.04647e-08 0.159422 222036 222036 6.88054e+07 0.000184632 4.92268e-07 0.511555 0.149602 1.67595e-05 6.43043e-05 6.17495e-07 0.144371 0.0248333 5.14121e-05 0.16932
 -0.00942552 4.04376e-06 4.29157e-11 0.0246805 549.605 1.38541 218284 3437.81 0.000230195 0.491859 0.374209 0 0.00043148 1.31402e-06 0.597737 0.199675 4.19527e-05 0.000150267 1.64823e-06 0.168682 0.033143 0.00012869 7.7485e-06 -1 5.98101e+07 12751.4 5.69304e+06 12750.6 1.04411e-08 0.159871 222036 222036 6.88055e+07 0.000184637 4.92257e-07 0.51156 0.149604 1.67599e-05 6.43026e-05 6.17467e-07 0.144368 0.0248328 5.14122e-05 0.169317
 -0.00943082 4.04473e-06 4.27862e-11 0.0246785 551.144 1.38774 218263 3437.79 0.000230195 0.49186 0.374197 0 0.000431488 1.31399e-06 0.597741 0.199676 4.19538e-05 0.000150262 1.64815e-06 0.168678 0.0331422 0.00012869 7.74831e-06 -1 5.98095e+07 12751.3 5.69289e+06 12750.5 1.04177e-08 0.16032 222036 222036 6.88057e+07 0.000184641 4.92245e-07 0.511566 0.149605 1.67605e-05 6.43009e-05 6.17439e-07 0.144365 0.0248323 5.14122e-05 0.169313
 -0.0094361 4.04571e-06 4.26583e-11 0.0246765 552.681 1.39008 218242 3437.77 0.000230196 0.491861 0.374185 0 0.000431496 1.31395e-06 0.597745 0.199677 4.19551e-05 0.000150258 1.64807e-06 0.168673 0.0331413 0.000128689 7.74812e-06 -1 5.98089e+07 12751.2 5.69274e+06 12750.3 1.03946e-08 0.160768 222035 222035 6.88058e+07 0.000184645 4.92234e-07 0.511572 0.149606 1.67611e-05 6.42992e-05 6.17412e-07 0.144362 0.0248317 5.14123e-05 0.16931
 -0.00944137 4.04668e-06 4.2532e-11 0.0246744 554.215 1.39243 218221 3437.76 0.000230196 0.491862 0.374173 0 0.000431504 1.31392e-06 0.59775 0.199678 4.19566e-05 0.000150253 1.64799e-06 0.168669 0.0331405 0.000128689 7.74793e-06 -1 5.98083e+07 12751.1 5.6926e+06 12750.2 1.03716e-08 0.161215 222035 222035 6.8806e+07 0.000184649 4.92223e-07 0.511577 0.149608 1.67617e-05 6.42975e-05 6.17384e-07 0.144359 0.0248312 5.14124e-05 0.169306
 -0.00944661 4.04765e-06 4.24073e-11 0.0246724 555.747 1.39477 218200 3437.74 0.000230196 0.491863 0.374161 0 0.000431512 1.31388e-06 0.597754 0.199678 4.19584e-05 0.000150249 1.64791e-06 0.168665 0.0331396 0.000128689 7.74774e-06 -1 5.98078e+07 12750.9 5.69245e+06 12750.1 1.03489e-08 0.161661 222035 222035 6.88061e+07 0.000184653 4.92213e-07 0.511583 0.149609 1.67625e-05 6.42958e-05 6.17356e-07 0.144356 0.0248306 5.14125e-05 0.169303
 -0.00945184 4.04862e-06 4.22841e-11 0.0246703 557.277 1.39712 218179 3437.72 0.000230197 0.491864 0.374149 0 0.00043152 1.31385e-06 0.597758 0.199679 4.19603e-05 0.000150244 1.64782e-06 0.168661 0.0331387 0.000128688 7.74754e-06 -1 5.98072e+07 12750.8 5.6923e+06 12750 1.03264e-08 0.162107 222035 222035 6.88062e+07 0.000184657 4.92203e-07 0.511589 0.14961 1.67633e-05 6.42941e-05 6.17328e-07 0.144353 0.0248301 5.14126e-05 0.169299
 -0.00945706 4.04958e-06 4.21626e-11 0.0246682 558.804 1.39947 218158 3437.7 0.000230197 0.491865 0.374137 0 0.000431528 1.31382e-06 0.597762 0.19968 4.19626e-05 0.000150239 1.64774e-06 0.168657 0.0331379 0.000128688 7.74735e-06 -1 5.98066e+07 12750.7 5.69215e+06 12749.8 1.03041e-08 0.162552 222035 222035 6.88064e+07 0.000184662 4.92193e-07 0.511594 0.149611 1.67643e-05 6.42924e-05 6.17301e-07 0.14435 0.0248296 5.14126e-05 0.169296
 -0.00946225 4.05054e-06 4.20428e-11 0.0246662 560.33 1.40182 218137 3437.68 0.000230197 0.491866 0.374125 0 0.000431536 1.31379e-06 0.597766 0.199681 4.19651e-05 0.000150235 1.64766e-06 0.168653 0.033137 0.000128688 7.74716e-06 -1 5.9806e+07 12750.6 5.692e+06 12749.7 1.0282e-08 0.162997 222035 222035 6.88065e+07 0.000184666 4.92184e-07 0.5116 0.149613 1.67654e-05 6.42907e-05 6.17273e-07 0.144348 0.024829 5.14127e-05 0.169292
 -0.00946744 4.0515e-06 4.19245e-11 0.0246641 561.853 1.40417 218115 3437.66 0.000230198 0.491867 0.374113 0 0.000431544 1.31376e-06 0.59777 0.199682 4.19679e-05 0.00015023 1.64758e-06 0.168648 0.0331361 0.000128687 7.74696e-06 -1 5.98054e+07 12750.5 5.69185e+06 12749.6 1.02602e-08 0.163441 222035 222035 6.88067e+07 0.00018467 4.92175e-07 0.511606 0.149614 1.67666e-05 6.4289e-05 6.17245e-07 0.144345 0.0248285 5.14128e-05 0.169289
 -0.0094726 4.05245e-06 4.18079e-11 0.0246621 563.374 1.40652 218094 3437.65 0.000230198 0.491868 0.374101 0 0.000431552 1.31373e-06 0.597775 0.199683 4.19711e-05 0.000150225 1.6475e-06 0.168644 0.0331353 0.000128687 7.74677e-06 -1 5.98048e+07 12750.4 5.6917e+06 12749.5 1.02386e-08 0.163884 222034 222034 6.88068e+07 0.000184674 4.92167e-07 0.511612 0.149615 1.67679e-05 6.42873e-05 6.17217e-07 0.144342 0.0248279 5.14129e-05 0.169285
 -0.00947775 4.0534e-06 4.1693e-11 0.02466 564.893 1.40887 218073 3437.63 0.000230199 0.491869 0.374089 0 0.000431561 1.31371e-06 0.597779 0.199684 4.19746e-05 0.000150221 1.64742e-06 0.16864 0.0331344 0.000128687 7.74657e-06 -1 5.98042e+07 12750.2 5.69155e+06 12749.3 1.02172e-08 0.164327 222034 222034 6.88069e+07 0.000184679 4.9216e-07 0.511617 0.149617 1.67694e-05 6.42855e-05 6.17189e-07 0.144339 0.0248274 5.1413e-05 0.169282
 -0.00948289 4.05435e-06 4.15797e-11 0.0246579 566.41 1.41121 218052 3437.61 0.000230199 0.49187 0.374077 0 0.000431569 1.31369e-06 0.597783 0.199685 4.19786e-05 0.000150216 1.64734e-06 0.168636 0.0331335 0.000128687 7.74638e-06 -1 5.98036e+07 12750.1 5.6914e+06 12749.2 1.0196e-08 0.164769 222034 222034 6.88071e+07 0.000184683 4.92153e-07 0.511623 0.149618 1.67711e-05 6.42838e-05 6.17161e-07 0.144336 0.0248268 5.14131e-05 0.169278
 -0.00948801 4.0553e-06 4.14681e-11 0.0246559 567.924 1.41355 218030 3437.59 0.000230199 0.491871 0.374064 0 0.000431578 1.31366e-06 0.597787 0.199685 4.1983e-05 0.000150211 1.64726e-06 0.168631 0.0331326 0.000128686 7.74618e-06 -1 5.9803e+07 12750 5.69125e+06 12749.1 1.01751e-08 0.165211 222034 222034 6.88072e+07 0.000184688 4.92147e-07 0.511629 0.149619 1.67729e-05 6.42821e-05 6.17134e-07 0.144333 0.0248263 5.14132e-05 0.169275
 -0.00949311 4.05624e-06 4.13581e-11 0.0246538 569.437 1.41589 218009 3437.57 0.0002302 0.491872 0.374052 0 0.000431586 1.31364e-06 0.597792 0.199686 4.19878e-05 0.000150207 1.64717e-06 0.168627 0.0331317 0.000128686 7.74598e-06 -1 5.98024e+07 12749.9 5.69109e+06 12748.9 1.01545e-08 0.165652 222034 222034 6.88073e+07 0.000184692 4.92141e-07 0.511635 0.14962 1.67749e-05 6.42804e-05 6.17106e-07 0.144329 0.0248257 5.14133e-05 0.169271
 -0.00949821 4.05718e-06 4.12498e-11 0.0246516 570.949 1.41816 217987 3437.55 0.0002302 0.491873 0.37404 0 0.000431595 1.31362e-06 0.597796 0.199687 4.19932e-05 0.000150202 1.64709e-06 0.168623 0.0331308 0.000128686 7.74578e-06 -1 5.98017e+07 12749.8 5.69094e+06 12748.8 1.0134e-08 0.166092 222033 222033 6.88074e+07 0.000184696 4.92137e-07 0.511641 0.149622 1.67771e-05 6.42787e-05 6.17077e-07 0.144326 0.0248251 5.14134e-05 0.169267
 -0.00950328 4.05812e-06 4.11433e-11 0.0246496 572.459 1.42047 217966 3437.53 0.000230201 0.491874 0.374027 0 0.000431604 1.31361e-06 0.5978 0.199688 4.19992e-05 0.000150197 1.64701e-06 0.168619 0.0331299 0.000128685 7.74558e-06 -1 5.98011e+07 12749.6 5.69079e+06 12748.7 1.01138e-08 0.166533 222033 222033 6.88076e+07 0.000184701 4.92133e-07 0.511647 0.149623 1.67796e-05 6.42769e-05 6.17049e-07 0.144323 0.0248246 5.14135e-05 0.169264
 -0.00950834 4.05906e-06 4.10384e-11 0.0246475 573.967 1.42279 217944 3437.51 0.000230201 0.491875 0.374015 0 0.000431612 1.3136e-06 0.597804 0.199689 4.20058e-05 0.000150193 1.64693e-06 0.168614 0.033129 0.000128685 7.74538e-06 -1 5.98005e+07 12749.5 5.69063e+06 12748.6 1.00939e-08 0.166972 222033 222033 6.88077e+07 0.000184706 4.92131e-07 0.511653 0.149625 1.67823e-05 6.42752e-05 6.17021e-07 0.14432 0.024824 5.14137e-05 0.16926
 -0.00951339 4.05999e-06 4.09352e-11 0.0246454 575.472 1.42514 217923 3437.49 0.000230201 0.491876 0.374003 0 0.000431622 1.31359e-06 0.597809 0.19969 4.2013e-05 0.000150188 1.64685e-06 0.16861 0.0331281 0.000128685 7.74518e-06 -1 5.97999e+07 12749.4 5.69048e+06 12748.4 1.00742e-08 0.167411 222032 222032 6.88078e+07 0.00018471 4.92129e-07 0.511659 0.149626 1.67853e-05 6.42735e-05 6.16993e-07 0.144317 0.0248234 5.14138e-05 0.169257
 -0.00951843 4.06092e-06 4.08337e-11 0.0246433 576.976 1.4275 217901 3437.48 0.000230202 0.491877 0.37399 0 0.000431631 1.31358e-06 0.597813 0.199691 4.2021e-05 0.000150183 1.64676e-06 0.168605 0.0331271 0.000128685 7.74498e-06 -1 5.97993e+07 12749.3 5.69033e+06 12748.3 1.00548e-08 0.167849 222032 222032 6.88079e+07 0.000184715 4.92129e-07 0.511665 0.149627 1.67885e-05 6.42718e-05 6.16966e-07 0.144314 0.0248228 5.14139e-05 0.169253
 -0.00952345 4.06185e-06 4.0734e-11 0.0246412 578.479 1.42987 217880 3437.46 0.000230202 0.491878 0.373978 0 0.00043164 1.31358e-06 0.597818 0.199692 4.20299e-05 0.000150179 1.64668e-06 0.168601 0.0331262 0.000128684 7.74477e-06 -1 5.97986e+07 12749.1 5.69017e+06 12748.2 1.00356e-08 0.168287 222032 222032 6.8808e+07 0.00018472 4.92131e-07 0.511671 0.149629 1.67921e-05 6.42701e-05 6.16938e-07 0.144311 0.0248222 5.14141e-05 0.169249
 -0.00952846 4.06277e-06 4.0636e-11 0.0246391 579.98 1.43225 217858 3437.44 0.000230203 0.491879 0.373965 0 0.00043165 1.31358e-06 0.597822 0.199693 4.20395e-05 0.000150174 1.6466e-06 0.168597 0.0331253 0.000128684 7.74456e-06 -1 5.9798e+07 12749 5.69001e+06 12748 1.00167e-08 0.168725 222032 222032 6.88081e+07 0.000184725 4.92133e-07 0.511677 0.14963 1.67961e-05 6.42685e-05 6.1691e-07 0.144308 0.0248216 5.14143e-05 0.169245
 -0.00953345 4.06369e-06 4.05397e-11 0.024637 581.479 1.43463 217836 3437.42 0.000230203 0.49188 0.373953 0 0.00043166 1.31359e-06 0.597826 0.199694 4.20501e-05 0.00015017 1.64652e-06 0.168592 0.0331243 0.000128684 7.74436e-06 -1 5.97974e+07 12748.9 5.68985e+06 12747.9 9.99803e-09 0.169162 222031 222031 6.88083e+07 0.00018473 4.92138e-07 0.511683 0.149631 1.68004e-05 6.42668e-05 6.16882e-07 0.144305 0.024821 5.14145e-05 0.169242
 -0.00953843 4.06461e-06 4.04452e-11 0.0246349 582.978 1.43702 217815 3437.4 0.000230204 0.491882 0.37394 0 0.00043167 1.3136e-06 0.597831 0.199695 4.20618e-05 0.000150165 1.64644e-06 0.168588 0.0331233 0.000128684 7.74415e-06 -1 5.97967e+07 12748.8 5.6897e+06 12747.8 9.97963e-09 0.169599 222031 222031 6.88084e+07 0.000184735 4.92144e-07 0.511689 0.149633 1.68051e-05 6.42651e-05 6.16855e-07 0.144301 0.0248204 5.14146e-05 0.169238
 -0.0095434 4.06553e-06 4.03524e-11 0.0246329 584.475 1.43941 217793 3437.38 0.000230204 0.491883 0.373928 0 0.00043168 1.31361e-06 0.597835 0.199696 4.20745e-05 0.00015016 1.64636e-06 0.168583 0.0331223 0.000128684 7.74393e-06 -1 5.97961e+07 12748.7 5.68954e+06 12747.6 9.9615e-09 0.170035 222031 222031 6.88084e+07 0.00018474 4.92151e-07 0.511695 0.149634 1.68103e-05 6.42634e-05 6.16827e-07 0.144298 0.0248198 5.14148e-05 0.169234
 -0.00954836 4.06645e-06 4.02614e-11 0.0246308 585.97 1.44182 217771 3437.36 0.000230205 0.491884 0.373915 0 0.000431691 1.31363e-06 0.59784 0.199697 4.20885e-05 0.000150156 1.64628e-06 0.168578 0.0331214 0.000128684 7.74372e-06 -1 5.97954e+07 12748.5 5.68938e+06 12747.5 9.94363e-09 0.170472 222031 222031 6.88085e+07 0.000184746 4.92161e-07 0.511702 0.149636 1.6816e-05 6.42618e-05 6.168e-07 0.144295 0.0248192 5.14151e-05 0.16923
 -0.0095533 4.06736e-06 4.01721e-11 0.0246286 587.465 1.44423 217750 3437.34 0.000230205 0.491886 0.373902 0 0.000431702 1.31366e-06 0.597845 0.199698 4.21038e-05 0.000150151 1.6462e-06 0.168574 0.0331203 0.000128684 7.7435e-06 -1 5.97948e+07 12748.4 5.68921e+06 12747.4 9.92604e-09 0.170907 222031 222031 6.88086e+07 0.000184751 4.92174e-07 0.511708 0.149637 1.68221e-05 6.42601e-05 6.16772e-07 0.144292 0.0248185 5.14153e-05 0.169226
 -0.00955823 4.06827e-06 4.00846e-11 0.0246265 588.958 1.44664 217728 3437.32 0.000230206 0.491887 0.373889 0 0.000431713 1.31369e-06 0.597849 0.199699 4.21205e-05 0.000150147 1.64611e-06 0.168569 0.0331193 0.000128684 7.74329e-06 -1 5.97941e+07 12748.3 5.68905e+06 12747.2 9.90871e-09 0.171343 222030 222030 6.88087e+07 0.000184757 4.92188e-07 0.511715 0.149639 1.68289e-05 6.42585e-05 6.16745e-07 0.144288 0.0248179 5.14156e-05 0.169222
 -0.00956315 4.06918e-06 3.99989e-11 0.0246244 590.45 1.44907 217706 3437.3 0.000230206 0.491888 0.373876 0 0.000431724 1.31373e-06 0.597854 0.1997 4.21387e-05 0.000150142 1.64603e-06 0.168564 0.0331183 0.000128684 7.74306e-06 -1 5.97934e+07 12748.2 5.68889e+06 12747.1 9.89166e-09 0.171778 222030 222030 6.88088e+07 0.000184763 4.92205e-07 0.511721 0.14964 1.68363e-05 6.42569e-05 6.16718e-07 0.144285 0.0248172 5.14158e-05 0.169218
 -0.00956806 4.07009e-06 3.9915e-11 0.0246223 591.941 1.45149 217684 3437.28 0.000230207 0.49189 0.373863 0 0.000431736 1.31378e-06 0.597859 0.199701 4.21586e-05 0.000150138 1.64595e-06 0.168559 0.0331172 0.000128684 7.74284e-06 -1 5.97927e+07 12748 5.68872e+06 12747 9.87488e-09 0.172213 222030 222030 6.88088e+07 0.000184769 4.92225e-07 0.511728 0.149642 1.68443e-05 6.42553e-05 6.16691e-07 0.144281 0.0248165 5.14161e-05 0.169214
 -0.00957296 4.07099e-06 3.98328e-11 0.0246202 593.432 1.45393 217662 3437.26 0.000230208 0.491891 0.37385 0 0.000431748 1.31383e-06 0.597863 0.199702 4.21803e-05 0.000150133 1.64587e-06 0.168554 0.0331162 0.000128684 7.74261e-06 -1 5.9792e+07 12747.9 5.68856e+06 12746.8 9.85839e-09 0.172647 222030 222030 6.88089e+07 0.000184775 4.92248e-07 0.511734 0.149644 1.6853e-05 6.42536e-05 6.16664e-07 0.144278 0.0248159 5.14164e-05 0.16921
 -0.00957785 4.0719e-06 3.97525e-11 0.0246181 594.921 1.45637 217640 3437.24 0.000230208 0.491893 0.373837 0 0.000431761 1.3139e-06 0.597868 0.199704 4.22039e-05 0.000150129 1.64579e-06 0.16855 0.0331151 0.000128684 7.74238e-06 -1 5.97913e+07 12747.8 5.68839e+06 12746.7 9.84217e-09 0.173082 222029 222029 6.88089e+07 0.000184781 4.92275e-07 0.511741 0.149645 1.68626e-05 6.42521e-05 6.16637e-07 0.144274 0.0248152 5.14168e-05 0.169206
 -0.00958272 4.0728e-06 3.96739e-11 0.024616 596.41 1.45881 217618 3437.22 0.000230209 0.491895 0.373824 0 0.000431774 1.31397e-06 0.597873 0.199705 4.22297e-05 0.000150124 1.64571e-06 0.168544 0.0331139 0.000128685 7.74215e-06 -1 5.97906e+07 12747.6 5.68822e+06 12746.6 9.82624e-09 0.173516 222029 222029 6.8809e+07 0.000184788 4.92305e-07 0.511748 0.149647 1.6873e-05 6.42505e-05 6.1661e-07 0.144271 0.0248145 5.14171e-05 0.169202
 -0.00958759 4.0737e-06 3.95972e-11 0.0246139 597.898 1.46126 217596 3437.19 0.00023021 0.491896 0.373811 0 0.000431788 1.31405e-06 0.597878 0.199706 4.22578e-05 0.00015012 1.64563e-06 0.168539 0.0331128 0.000128685 7.74191e-06 -1 5.97899e+07 12747.5 5.68805e+06 12746.4 9.81059e-09 0.17395 222029 222029 6.8809e+07 0.000184795 4.92339e-07 0.511755 0.149649 1.68843e-05 6.42489e-05 6.16583e-07 0.144267 0.0248137 5.14175e-05 0.169197
 -0.00959244 4.07459e-06 3.95223e-11 0.0246118 599.385 1.46371 217574 3437.17 0.00023021 0.491898 0.373797 0 0.000431802 1.31415e-06 0.597883 0.199707 4.22884e-05 0.000150115 1.64555e-06 0.168534 0.0331116 0.000128685 7.74167e-06 -1 5.97892e+07 12747.4 5.68787e+06 12746.3 9.79523e-09 0.174384 222029 222029 6.8809e+07 0.000184802 4.92377e-07 0.511762 0.14965 1.68966e-05 6.42474e-05 6.16557e-07 0.144264 0.024813 5.14179e-05 0.169193
 -0.00959729 4.07549e-06 3.94492e-11 0.0246097 600.872 1.46617 217552 3437.15 0.000230211 0.4919 0.373784 0 0.000431817 1.31425e-06 0.597889 0.199708 4.23216e-05 0.000150111 1.64547e-06 0.168529 0.0331104 0.000128686 7.74142e-06 -1 5.97884e+07 12747.2 5.6877e+06 12746.1 9.78016e-09 0.174817 222028 222028 6.8809e+07 0.000184809 4.92419e-07 0.511769 0.149652 1.69099e-05 6.42459e-05 6.1653e-07 0.14426 0.0248122 5.14184e-05 0.169188
 -0.00960212 4.07638e-06 3.93779e-11 0.0246075 602.358 1.46863 217529 3437.13 0.000230212 0.491902 0.37377 0 0.000431832 1.31437e-06 0.597894 0.19971 4.23578e-05 0.000150107 1.64539e-06 0.168524 0.0331092 0.000128686 7.74117e-06 -1 5.97876e+07 12747.1 5.68752e+06 12746 9.76537e-09 0.175251 222028 222028 6.8809e+07 0.000184817 4.92467e-07 0.511776 0.149654 1.69245e-05 6.42444e-05 6.16504e-07 0.144256 0.0248115 5.14188e-05 0.169184
 -0.00960695 4.07727e-06 3.93085e-11 0.0246054 603.844 1.47109 217507 3437.11 0.000230213 0.491904 0.373757 0 0.000431848 1.31451e-06 0.597899 0.199711 4.2397e-05 0.000150102 1.64532e-06 0.168518 0.033108 0.000128687 7.74092e-06 -1 5.97869e+07 12747 5.68734e+06 12745.8 9.75088e-09 0.175684 222028 222028 6.8809e+07 0.000184824 4.9252e-07 0.511784 0.149656 1.69403e-05 6.42429e-05 6.16478e-07 0.144252 0.0248107 5.14193e-05 0.169179
 -0.00961177 4.07816e-06 3.92409e-11 0.0246033 605.329 1.47356 217485 3437.08 0.000230214 0.491906 0.373743 0 0.000431865 1.31466e-06 0.597905 0.199712 4.24397e-05 0.000150098 1.64524e-06 0.168512 0.0331067 0.000128687 7.74066e-06 -1 5.97861e+07 12746.8 5.68716e+06 12745.7 9.73669e-09 0.176118 222028 222028 6.8809e+07 0.000184833 4.92578e-07 0.511791 0.149658 1.69574e-05 6.42414e-05 6.16452e-07 0.144248 0.0248098 5.14199e-05 0.169175
 -0.00961657 4.07905e-06 3.91751e-11 0.0246012 606.814 1.47603 217463 3437.06 0.000230215 0.491908 0.373729 0 0.000431882 1.31482e-06 0.59791 0.199714 4.24861e-05 0.000150094 1.64516e-06 0.168507 0.0331054 0.000128688 7.74039e-06 -1 5.97853e+07 12746.7 5.68697e+06 12745.6 9.72279e-09 0.176551 222027 222027 6.88089e+07 0.000184841 4.92643e-07 0.511799 0.149659 1.69761e-05 6.424e-05 6.16426e-07 0.144244 0.024809 5.14205e-05 0.16917
 -0.00962137 4.07994e-06 3.91112e-11 0.0245991 608.299 1.47851 217440 3437.04 0.000230216 0.49191 0.373715 0 0.0004319 1.315e-06 0.597916 0.199715 4.25364e-05 0.00015009 1.64508e-06 0.168501 0.033104 0.000128689 7.74012e-06 -1 5.97845e+07 12746.6 5.68678e+06 12745.4 9.70919e-09 0.176984 222027 222027 6.88088e+07 0.00018485 4.92714e-07 0.511807 0.149661 1.69963e-05 6.42386e-05 6.16401e-07 0.14424 0.0248081 5.14211e-05 0.169165
 -0.00962616 4.08082e-06 3.90492e-11 0.024597 609.783 1.48099 217418 3437.01 0.000230217 0.491913 0.373701 0 0.00043192 1.3152e-06 0.597921 0.199717 4.2591e-05 0.000150086 1.645e-06 0.168495 0.0331026 0.00012869 7.73984e-06 -1 5.97836e+07 12746.4 5.68659e+06 12745.3 9.69589e-09 0.177417 222027 222027 6.88088e+07 0.00018486 4.92793e-07 0.511815 0.149663 1.70182e-05 6.42372e-05 6.16376e-07 0.144236 0.0248072 5.14218e-05 0.16916
 -0.00963094 4.0817e-06 3.8989e-11 0.0245948 611.268 1.48347 217395 3436.99 0.000230218 0.491915 0.373686 0 0.00043194 1.31543e-06 0.597927 0.199718 4.26502e-05 0.000150082 1.64493e-06 0.168489 0.0331012 0.000128691 7.73956e-06 -1 5.97828e+07 12746.3 5.6864e+06 12745.1 9.68289e-09 0.17785 222027 222027 6.88087e+07 0.000184869 4.92879e-07 0.511823 0.149666 1.7042e-05 6.42359e-05 6.1635e-07 0.144232 0.0248063 5.14225e-05 0.169155
 -0.00963571 4.08259e-06 3.89307e-11 0.0245927 612.752 1.48595 217373 3436.97 0.000230219 0.491918 0.373672 0 0.000431961 1.31567e-06 0.597933 0.19972 4.27145e-05 0.000150078 1.64485e-06 0.168483 0.0330997 0.000128692 7.73927e-06 -1 5.97819e+07 12746.1 5.6862e+06 12745 9.6702e-09 0.178283 222026 222026 6.88085e+07 0.000184879 4.92974e-07 0.511832 0.149668 1.70677e-05 6.42345e-05 6.16326e-07 0.144227 0.0248054 5.14232e-05 0.169149
 -0.00964047 4.08347e-06 3.88743e-11 0.0245906 614.236 1.48844 217350 3436.94 0.00023022 0.49192 0.373657 0 0.000431983 1.31594e-06 0.597939 0.199722 4.27841e-05 0.000150074 1.64477e-06 0.168476 0.0330982 0.000128693 7.73897e-06 -1 5.9781e+07 12746 5.68601e+06 12744.8 9.65781e-09 0.178717 222026 222026 6.88084e+07 0.00018489 4.93078e-07 0.51184 0.14967 1.70957e-05 6.42333e-05 6.16301e-07 0.144223 0.0248044 5.1424e-05 0.169144
 -0.00964523 4.08434e-06 3.88197e-11 0.0245885 615.721 1.49094 217327 3436.92 0.000230221 0.491923 0.373642 0 0.000432006 1.31623e-06 0.597946 0.199723 4.28595e-05 0.00015007 1.6447e-06 0.16847 0.0330967 0.000128694 7.73867e-06 -1 5.97801e+07 12745.8 5.6858e+06 12744.6 9.64573e-09 0.17915 222026 222026 6.88082e+07 0.000184901 4.93191e-07 0.511849 0.149672 1.71259e-05 6.4232e-05 6.16277e-07 0.144218 0.0248034 5.14249e-05 0.169138
 -0.00964998 4.08522e-06 3.8767e-11 0.0245864 617.205 1.49343 217305 3436.89 0.000230223 0.491926 0.373628 0 0.00043203 1.31656e-06 0.597952 0.199725 4.29412e-05 0.000150066 1.64462e-06 0.168463 0.033095 0.000128696 7.73836e-06 -1 5.97792e+07 12745.7 5.6856e+06 12744.5 9.63395e-09 0.179583 222026 222026 6.8808e+07 0.000184913 4.93315e-07 0.511858 0.149674 1.71587e-05 6.42308e-05 6.16252e-07 0.144213 0.0248024 5.14258e-05 0.169133
 -0.00965472 4.0861e-06 3.87162e-11 0.0245843 618.69 1.49593 217282 3436.86 0.000230224 0.491929 0.373612 0 0.000432055 1.31691e-06 0.597959 0.199727 4.30297e-05 0.000150062 1.64455e-06 0.168457 0.0330934 0.000128697 7.73804e-06 -1 5.97782e+07 12745.5 5.68539e+06 12744.3 9.62249e-09 0.180016 222025 222025 6.88078e+07 0.000184925 4.9345e-07 0.511867 0.149677 1.71942e-05 6.42296e-05 6.16229e-07 0.144209 0.0248013 5.14268e-05 0.169127
 -0.00965945 4.08697e-06 3.86673e-11 0.0245822 620.175 1.49843 217259 3436.84 0.000230225 0.491933 0.373597 0 0.000432081 1.31729e-06 0.597965 0.199729 4.31256e-05 0.000150058 1.64447e-06 0.16845 0.0330917 0.000128699 7.73771e-06 -1 5.97772e+07 12745.4 5.68518e+06 12744.2 9.61133e-09 0.18045 222025 222025 6.88076e+07 0.000184937 4.93597e-07 0.511877 0.149679 1.72326e-05 6.42284e-05 6.16205e-07 0.144204 0.0248002 5.14278e-05 0.169121
 -0.00966418 4.08784e-06 3.86203e-11 0.0245801 621.661 1.50093 217236 3436.81 0.000230227 0.491936 0.373582 0 0.000432109 1.31771e-06 0.597972 0.19973 4.32293e-05 0.000150054 1.6444e-06 0.168443 0.0330899 0.0001287 7.73737e-06 -1 5.97762e+07 12745.2 5.68496e+06 12744 9.60049e-09 0.180884 222025 222025 6.88074e+07 0.000184951 4.93758e-07 0.511886 0.149682 1.72741e-05 6.42273e-05 6.16182e-07 0.144199 0.024799 5.14288e-05 0.169115
 -0.0096689 4.08872e-06 3.85752e-11 0.024578 623.147 1.50344 217213 3436.78 0.000230228 0.491939 0.373566 0 0.000432138 1.31816e-06 0.597979 0.199732 4.33415e-05 0.000150051 1.64432e-06 0.168436 0.0330881 0.000128702 7.73703e-06 -1 5.97752e+07 12745.1 5.68474e+06 12743.8 9.58997e-09 0.181317 222025 222025 6.88071e+07 0.000184964 4.93932e-07 0.511896 0.149684 1.73191e-05 6.42262e-05 6.16159e-07 0.144194 0.0247979 5.143e-05 0.169109
 -0.00967362 4.08959e-06 3.8532e-11 0.0245759 624.633 1.50595 217190 3436.75 0.00023023 0.491943 0.373551 0 0.000432168 1.31866e-06 0.597986 0.199734 4.34628e-05 0.000150047 1.64425e-06 0.168428 0.0330862 0.000128704 7.73668e-06 -1 5.97742e+07 12744.9 5.68452e+06 12743.7 9.57975e-09 0.181751 222024 222024 6.88068e+07 0.000184979 4.94121e-07 0.511906 0.149687 1.73678e-05 6.42251e-05 6.16136e-07 0.144189 0.0247966 5.14312e-05 0.169102
 -0.00967832 4.09046e-06 3.84907e-11 0.0245738 626.12 1.50846 217167 3436.73 0.000230232 0.491947 0.373535 0 0.0004322 1.3192e-06 0.597993 0.199736 4.35941e-05 0.000150043 1.64418e-06 0.168421 0.0330842 0.000128706 7.73632e-06 -1 5.97731e+07 12744.8 5.68429e+06 12743.5 9.56986e-09 0.182186 222024 222024 6.88065e+07 0.000184994 4.94327e-07 0.511916 0.14969 1.74203e-05 6.42241e-05 6.16113e-07 0.144183 0.0247954 5.14324e-05 0.169096
 -0.00968303 4.09133e-06 3.84513e-11 0.0245717 627.608 1.51097 217144 3436.7 0.000230233 0.491951 0.373519 0 0.000432233 1.31978e-06 0.598001 0.199739 4.3736e-05 0.00015004 1.6441e-06 0.168413 0.0330822 0.000128709 7.73595e-06 -1 5.9772e+07 12744.6 5.68406e+06 12743.3 9.56028e-09 0.18262 222024 222024 6.88061e+07 0.00018501 4.9455e-07 0.511927 0.149693 1.74772e-05 6.42231e-05 6.16091e-07 0.144178 0.0247941 5.14337e-05 0.169089
 -0.00968772 4.09219e-06 3.84138e-11 0.0245696 629.096 1.51348 217121 3436.67 0.000230235 0.491955 0.373502 0 0.000432268 1.32041e-06 0.598008 0.199741 4.38895e-05 0.000150036 1.64403e-06 0.168405 0.0330801 0.000128711 7.73558e-06 -1 5.97709e+07 12744.4 5.68383e+06 12743.1 9.55102e-09 0.183055 222024 222024 6.88058e+07 0.000185026 4.94791e-07 0.511938 0.149695 1.75387e-05 6.42222e-05 6.16069e-07 0.144172 0.0247927 5.1435e-05 0.169082
 -0.00969241 4.09306e-06 3.83783e-11 0.0245675 630.585 1.51599 217098 3436.64 0.000230237 0.491959 0.373486 0 0.000432304 1.3211e-06 0.598016 0.199743 4.40553e-05 0.000150033 1.64396e-06 0.168397 0.033078 0.000128713 7.73519e-06 -1 5.97698e+07 12744.3 5.68359e+06 12743 9.54209e-09 0.18349 222023 222023 6.88054e+07 0.000185043 4.95053e-07 0.511949 0.149698 1.76051e-05 6.42212e-05 6.16047e-07 0.144167 0.0247913 5.14364e-05 0.169075
 -0.0096971 4.09393e-06 3.83446e-11 0.0245654 632.075 1.5185 217074 3436.61 0.000230239 0.491963 0.373469 0 0.000432341 1.32185e-06 0.598024 0.199745 4.42344e-05 0.00015003 1.64389e-06 0.168389 0.0330757 0.000128716 7.7348e-06 -1 5.97686e+07 12744.1 5.68335e+06 12742.8 9.53347e-09 0.183925 222023 222023 6.8805e+07 0.00018506 4.95336e-07 0.51196 0.149701 1.76768e-05 6.42203e-05 6.16026e-07 0.144161 0.0247899 5.14379e-05 0.169068
 -0.00970178 4.09479e-06 3.83129e-11 0.0245633 633.566 1.52102 217051 3436.58 0.000230241 0.491967 0.373453 0 0.00043238 1.32265e-06 0.598032 0.199748 4.4428e-05 0.000150026 1.64382e-06 0.168381 0.0330735 0.000128718 7.7344e-06 -1 5.97674e+07 12743.9 5.68311e+06 12742.6 9.52517e-09 0.18436 222023 222023 6.88046e+07 0.000185079 4.95643e-07 0.511971 0.149705 1.77543e-05 6.42195e-05 6.16005e-07 0.144155 0.0247884 5.14394e-05 0.169061
 -0.00970646 4.09565e-06 3.82832e-11 0.0245612 635.058 1.52353 217028 3436.54 0.000230243 0.491972 0.373436 0 0.000432421 1.32353e-06 0.59804 0.19975 4.4637e-05 0.000150023 1.64375e-06 0.168372 0.0330711 0.000128721 7.73399e-06 -1 5.97663e+07 12743.8 5.68286e+06 12742.4 9.5172e-09 0.184796 222023 222023 6.88041e+07 0.000185098 4.95975e-07 0.511983 0.149708 1.7838e-05 6.42186e-05 6.15984e-07 0.144149 0.0247868 5.1441e-05 0.169054
 -0.00971113 4.09652e-06 3.82554e-11 0.0245591 636.551 1.52604 217004 3436.51 0.000230245 0.491977 0.373419 0 0.000432463 1.32447e-06 0.598048 0.199753 4.48627e-05 0.00015002 1.64368e-06 0.168364 0.0330687 0.000128724 7.73357e-06 -1 5.9765e+07 12743.6 5.68261e+06 12742.2 9.50955e-09 0.185232 222022 222022 6.88036e+07 0.000185118 4.96333e-07 0.511994 0.149711 1.79284e-05 6.42178e-05 6.15964e-07 0.144143 0.0247852 5.14426e-05 0.169046
 -0.00971579 4.09738e-06 3.82295e-11 0.024557 638.045 1.52855 216980 3436.48 0.000230247 0.491981 0.373402 0 0.000432507 1.32549e-06 0.598056 0.199755 4.51064e-05 0.000150016 1.64361e-06 0.168355 0.0330661 0.000128727 7.73315e-06 -1 5.97638e+07 12743.4 5.68236e+06 12742 9.50223e-09 0.185669 222022 222022 6.88031e+07 0.000185138 4.96721e-07 0.512006 0.149714 1.80259e-05 6.4217e-05 6.15944e-07 0.144137 0.0247836 5.14443e-05 0.169038
 -0.00972046 4.09824e-06 3.82055e-11 0.0245549 639.54 1.53106 216957 3436.45 0.000230249 0.491986 0.373384 0 0.000432552 1.3266e-06 0.598065 0.199758 4.53695e-05 0.000150013 1.64354e-06 0.168347 0.0330636 0.00012873 7.73272e-06 -1 5.97625e+07 12743.2 5.6821e+06 12741.9 9.49523e-09 0.186106 222022 222022 6.88026e+07 0.000185159 4.97139e-07 0.512018 0.149718 1.81313e-05 6.42162e-05 6.15924e-07 0.144131 0.0247819 5.1446e-05 0.169031
 -0.00972512 4.0991e-06 3.81835e-11 0.0245528 641.036 1.53357 216933 3436.41 0.000230251 0.491991 0.373367 0 0.000432599 1.32779e-06 0.598073 0.19976 4.56535e-05 0.00015001 1.64347e-06 0.168338 0.0330609 0.000128733 7.73229e-06 -1 5.97613e+07 12743 5.68184e+06 12741.7 9.48856e-09 0.186543 222022 222022 6.88021e+07 0.000185181 4.97591e-07 0.512031 0.149721 1.82449e-05 6.42154e-05 6.15904e-07 0.144125 0.0247801 5.14477e-05 0.169023
 -0.00972977 4.09996e-06 3.81635e-11 0.0245507 642.534 1.53607 216909 3436.38 0.000230253 0.491996 0.373349 0 0.000432647 1.32908e-06 0.598082 0.199763 4.59599e-05 0.000150006 1.6434e-06 0.168329 0.0330582 0.000128736 7.73184e-06 -1 5.976e+07 12742.9 5.68158e+06 12741.5 9.48221e-09 0.186981 222022 222022 6.88016e+07 0.000185204 4.98078e-07 0.512043 0.149725 1.83675e-05 6.42147e-05 6.15885e-07 0.144119 0.0247783 5.14495e-05 0.169015
 -0.00973443 4.10082e-06 3.81454e-11 0.0245486 644.033 1.53858 216885 3436.34 0.000230256 0.492001 0.373332 0 0.000432698 1.33047e-06 0.59809 0.199766 4.62905e-05 0.000150003 1.64334e-06 0.16832 0.0330553 0.00012874 7.7314e-06 -1 5.97587e+07 12742.7 5.68131e+06 12741.3 9.4762e-09 0.187419 222021 222021 6.8801e+07 0.000185227 4.98604e-07 0.512055 0.149728 1.84999e-05 6.42139e-05 6.15866e-07 0.144113 0.0247764 5.14513e-05 0.169007
 -0.00973907 4.10168e-06 3.81293e-11 0.0245465 645.534 1.54108 216861 3436.31 0.000230258 0.492006 0.373314 0 0.000432749 1.33197e-06 0.598099 0.199769 4.66472e-05 0.00015 1.64327e-06 0.168311 0.0330525 0.000128743 7.73095e-06 -1 5.97574e+07 12742.5 5.68105e+06 12741.1 9.4705e-09 0.187857 222021 222021 6.88004e+07 0.000185251 4.99172e-07 0.512068 0.149732 1.86426e-05 6.42131e-05 6.15847e-07 0.144107 0.0247745 5.14532e-05 0.168999
 -0.00974372 4.10254e-06 3.81151e-11 0.0245444 647.036 1.54357 216837 3436.28 0.00023026 0.492011 0.373296 0 0.000432803 1.33359e-06 0.598108 0.199772 4.7032e-05 0.000149997 1.64321e-06 0.168302 0.0330495 0.000128746 7.7305e-06 -1 5.9756e+07 12742.3 5.68078e+06 12740.9 9.46514e-09 0.188296 222021 222021 6.87999e+07 0.000185276 4.99784e-07 0.51208 0.149735 1.87965e-05 6.42124e-05 6.15829e-07 0.1441 0.0247725 5.1455e-05 0.16899
 -0.00974837 4.1034e-06 3.81029e-11 0.0245423 648.539 1.54607 216813 3436.24 0.000230262 0.492016 0.373278 0 0.000432858 1.33533e-06 0.598116 0.199775 4.74469e-05 0.000149993 1.64314e-06 0.168293 0.0330464 0.00012875 7.73004e-06 -1 5.97547e+07 12742.1 5.68051e+06 12740.7 9.46011e-09 0.188736 222021 222021 6.87993e+07 0.000185301 5.00444e-07 0.512093 0.149739 1.89626e-05 6.42116e-05 6.15811e-07 0.144094 0.0247705 5.14569e-05 0.168982
 -0.00975301 4.10425e-06 3.80926e-11 0.0245401 650.045 1.54856 216789 3436.21 0.000230265 0.492021 0.37326 0 0.000432914 1.33722e-06 0.598125 0.199777 4.78944e-05 0.00014999 1.64308e-06 0.168284 0.0330433 0.000128753 7.72958e-06 -1 5.97534e+07 12741.9 5.68024e+06 12740.5 9.4554e-09 0.189176 222020 222020 6.87987e+07 0.000185327 5.01155e-07 0.512105 0.149743 1.91416e-05 6.42108e-05 6.15793e-07 0.144088 0.0247684 5.14588e-05 0.168974
 -0.00975765 4.10511e-06 3.80843e-11 0.024538 651.552 1.55104 216765 3436.17 0.000230267 0.492026 0.373242 0 0.000432973 1.33925e-06 0.598133 0.199781 4.8377e-05 0.000149986 1.64301e-06 0.168275 0.0330401 0.000128757 7.72913e-06 -1 5.97521e+07 12741.7 5.67997e+06 12740.3 9.45103e-09 0.189616 222020 222020 6.87982e+07 0.000185354 5.01922e-07 0.512118 0.149747 1.93347e-05 6.421e-05 6.15776e-07 0.144082 0.0247663 5.14607e-05 0.168966
 -0.00976228 4.10597e-06 3.8078e-11 0.0245358 653.06 1.55352 216740 3436.14 0.000230269 0.492031 0.373224 0 0.000433032 1.34144e-06 0.598142 0.199784 4.88973e-05 0.000149983 1.64295e-06 0.168267 0.0330368 0.00012876 7.72867e-06 -1 5.97507e+07 12741.6 5.6797e+06 12740.1 9.44698e-09 0.190057 222020 222020 6.87976e+07 0.000185382 5.02748e-07 0.51213 0.149751 1.95428e-05 6.42091e-05 6.15759e-07 0.144076 0.024764 5.14626e-05 0.168957
 -0.00976692 4.10682e-06 3.80737e-11 0.0245337 654.571 1.55599 216716 3436.1 0.000230271 0.492036 0.373207 0 0.000433094 1.3438e-06 0.59815 0.199787 4.94582e-05 0.000149979 1.64289e-06 0.168258 0.0330334 0.000128763 7.72821e-06 -1 5.97494e+07 12741.4 5.67943e+06 12739.9 9.44327e-09 0.190499 222019 222019 6.8797e+07 0.00018541 5.03638e-07 0.512143 0.149754 1.97672e-05 6.42082e-05 6.15743e-07 0.14407 0.0247618 5.14645e-05 0.168949
 -0.00977156 4.10768e-06 3.80713e-11 0.0245315 656.083 1.55846 216691 3436.07 0.000230274 0.492041 0.373189 0 0.000433157 1.34635e-06 0.598158 0.19979 5.00628e-05 0.000149976 1.64283e-06 0.168249 0.03303 0.000128767 7.72776e-06 -1 5.97481e+07 12741.2 5.67916e+06 12739.7 9.43988e-09 0.190941 222019 222019 6.87965e+07 0.000185439 5.04596e-07 0.512155 0.149758 2.00091e-05 6.42073e-05 6.15727e-07 0.144064 0.0247594 5.14663e-05 0.168941
 -0.00977619 4.10854e-06 3.80709e-11 0.0245293 657.597 1.56092 216666 3436.03 0.000230276 0.492046 0.373171 0 0.000433221 1.34909e-06 0.598166 0.199793 5.07145e-05 0.000149972 1.64277e-06 0.168241 0.0330265 0.00012877 7.72731e-06 -1 5.97468e+07 12741 5.67889e+06 12739.6 9.43682e-09 0.191383 222019 222019 6.8796e+07 0.000185468 5.05629e-07 0.512167 0.149762 2.02697e-05 6.42063e-05 6.15711e-07 0.144059 0.024757 5.14681e-05 0.168933
 -0.00978082 4.10939e-06 3.80725e-11 0.0245271 659.114 1.56338 216642 3436 0.000230278 0.49205 0.373153 0 0.000433287 1.35204e-06 0.598174 0.199796 5.14169e-05 0.000149968 1.64272e-06 0.168233 0.0330229 0.000128773 7.72687e-06 -1 5.97455e+07 12740.8 5.67863e+06 12739.4 9.43409e-09 0.191827 222019 222019 6.87954e+07 0.000185498 5.06742e-07 0.512178 0.149766 2.05507e-05 6.42053e-05 6.15696e-07 0.144053 0.0247546 5.14699e-05 0.168925
 -0.00978545 4.11025e-06 3.8076e-11 0.0245249 660.632 1.56583 216617 3435.96 0.00023028 0.492055 0.373135 0 0.000433355 1.35523e-06 0.598181 0.1998 5.21739e-05 0.000149964 1.64266e-06 0.168225 0.0330192 0.000128776 7.72644e-06 -1 5.97442e+07 12740.6 5.67837e+06 12739.2 9.4317e-09 0.19227 222018 222018 6.8795e+07 0.000185529 5.0794e-07 0.51219 0.14977 2.08534e-05 6.42042e-05 6.15681e-07 0.144048 0.0247521 5.14717e-05 0.168917
 -0.00979009 4.1111e-06 3.80815e-11 0.0245227 662.153 1.56827 216592 3435.93 0.000230282 0.492059 0.373118 0 0.000433424 1.35866e-06 0.598188 0.199803 5.29896e-05 0.00014996 1.64261e-06 0.168218 0.0330154 0.000128779 7.72601e-06 -1 5.9743e+07 12740.4 5.67811e+06 12739 9.42963e-09 0.192715 222018 222018 6.87945e+07 0.000185561 5.0923e-07 0.512201 0.149774 2.11797e-05 6.4203e-05 6.15667e-07 0.144043 0.0247495 5.14734e-05 0.168909
 -0.00979472 4.11196e-06 3.8089e-11 0.0245205 663.676 1.57071 216567 3435.9 0.000230284 0.492063 0.373101 0 0.000433495 1.36235e-06 0.598195 0.199806 5.38685e-05 0.000149955 1.64255e-06 0.168211 0.0330115 0.000128782 7.72559e-06 -1 5.97417e+07 12740.2 5.67785e+06 12738.8 9.42788e-09 0.19316 222018 222018 6.87941e+07 0.000185593 5.10619e-07 0.512212 0.149778 2.15312e-05 6.42017e-05 6.15653e-07 0.144038 0.0247468 5.1475e-05 0.168902
 -0.00979935 4.11282e-06 3.80988e-11 0.0245182 665.201 1.57314 216542 3435.86 0.000230286 0.492067 0.373083 0 0.000433568 1.36633e-06 0.598201 0.19981 5.48156e-05 0.00014995 1.6425e-06 0.168204 0.0330076 0.000128785 7.72519e-06 -1 5.97406e+07 12740.1 5.6776e+06 12738.6 9.42651e-09 0.193606 222017 222017 6.87937e+07 0.000185626 5.12116e-07 0.512222 0.149782 2.19099e-05 6.42003e-05 6.1564e-07 0.144033 0.0247441 5.14766e-05 0.168895
 -0.00980398 4.11367e-06 3.81104e-11 0.0245159 666.729 1.57556 216517 3435.83 0.000230287 0.49207 0.373066 0 0.000433643 1.37061e-06 0.598207 0.199813 5.5836e-05 0.000149946 1.64246e-06 0.168197 0.0330035 0.000128787 7.72479e-06 -1 5.97394e+07 12739.9 5.67735e+06 12738.4 9.42545e-09 0.194052 222017 222017 6.87933e+07 0.000185659 5.13727e-07 0.512232 0.149786 2.2318e-05 6.41988e-05 6.15628e-07 0.144029 0.0247413 5.14781e-05 0.168887
 -0.00980861 4.11453e-06 3.8124e-11 0.0245136 668.259 1.57797 216491 3435.8 0.000230289 0.492074 0.37305 0 0.000433719 1.37523e-06 0.598213 0.199816 5.69352e-05 0.000149941 1.64241e-06 0.168191 0.0329994 0.00012879 7.72441e-06 -1 5.97383e+07 12739.7 5.6771e+06 12738.3 9.42472e-09 0.194499 222017 222017 6.8793e+07 0.000185694 5.15461e-07 0.512241 0.14979 2.27576e-05 6.41973e-05 6.15616e-07 0.144025 0.0247384 5.14795e-05 0.168881
 -0.00981325 4.11538e-06 3.81396e-11 0.0245112 669.791 1.58038 216466 3435.77 0.00023029 0.492077 0.373033 0 0.000433798 1.3802e-06 0.598218 0.19982 5.81195e-05 0.000149935 1.64237e-06 0.168186 0.0329952 0.000128792 7.72404e-06 -1 5.97372e+07 12739.5 5.67687e+06 12738.1 9.42432e-09 0.194947 222016 222016 6.87928e+07 0.000185729 5.17329e-07 0.512249 0.149794 2.32311e-05 6.41956e-05 6.15605e-07 0.144022 0.0247354 5.14808e-05 0.168874
 -0.00981788 4.11624e-06 3.81572e-11 0.0245089 671.326 1.58278 216440 3435.74 0.000230292 0.492079 0.373017 0 0.000433879 1.38556e-06 0.598222 0.199824 5.93952e-05 0.00014993 1.64233e-06 0.168181 0.0329908 0.000128794 7.72369e-06 -1 5.97361e+07 12739.4 5.67663e+06 12737.9 9.42424e-09 0.195396 222016 222016 6.87926e+07 0.000185765 5.1934e-07 0.512258 0.149798 2.37412e-05 6.41937e-05 6.15596e-07 0.144019 0.0247324 5.14821e-05 0.168868
 -0.00982252 4.1171e-06 3.81768e-11 0.0245065 672.864 1.58517 216415 3435.71 0.000230293 0.492081 0.373001 0 0.000433962 1.39132e-06 0.598226 0.199827 6.07694e-05 0.000149924 1.64229e-06 0.168176 0.0329864 0.000128796 7.72336e-06 -1 5.97351e+07 12739.2 5.67641e+06 12737.7 9.42449e-09 0.195845 222016 222016 6.87924e+07 0.000185802 5.21506e-07 0.512265 0.149801 2.42907e-05 6.41918e-05 6.15587e-07 0.144016 0.0247292 5.14832e-05 0.168862
 -0.00982715 4.11795e-06 3.81984e-11 0.024504 674.405 1.58755 216389 3435.68 0.000230294 0.492083 0.372985 0 0.000434049 1.39753e-06 0.59823 0.199831 6.22496e-05 0.000149918 1.64226e-06 0.168172 0.0329818 0.000128797 7.72304e-06 -1 5.97342e+07 12739 5.67619e+06 12737.6 9.42507e-09 0.196295 222015 222015 6.87923e+07 0.000185841 5.23838e-07 0.512272 0.149805 2.48826e-05 6.41897e-05 6.15579e-07 0.144013 0.024726 5.14842e-05 0.168856
 -0.00983179 4.11881e-06 3.82219e-11 0.0245016 675.948 1.58992 216363 3435.66 0.000230295 0.492085 0.37297 0 0.000434138 1.40422e-06 0.598232 0.199835 6.38439e-05 0.000149912 1.64223e-06 0.168169 0.0329771 0.000128799 7.72274e-06 -1 5.97333e+07 12738.9 5.67597e+06 12737.4 9.42598e-09 0.196746 222015 222015 6.87923e+07 0.00018588 5.26348e-07 0.512278 0.149809 2.552e-05 6.41875e-05 6.15572e-07 0.144012 0.0247226 5.14851e-05 0.168851
 -0.00983643 4.11967e-06 3.82475e-11 0.0244991 677.495 1.59229 216337 3435.63 0.000230295 0.492086 0.372955 0 0.00043423 1.41142e-06 0.598234 0.199838 6.5561e-05 0.000149905 1.6422e-06 0.168166 0.0329722 0.0001288 7.72246e-06 -1 5.97324e+07 12738.7 5.67577e+06 12737.3 9.42721e-09 0.197197 222014 222014 6.87923e+07 0.000185921 5.29051e-07 0.512283 0.149813 2.62066e-05 6.41851e-05 6.15567e-07 0.14401 0.0247192 5.14859e-05 0.168846
 -0.00984108 4.12052e-06 3.82751e-11 0.0244966 679.044 1.59465 216311 3435.61 0.000230296 0.492087 0.37294 0 0.000434326 1.41918e-06 0.598236 0.199842 6.74105e-05 0.000149898 1.64218e-06 0.168164 0.0329672 0.000128801 7.7222e-06 -1 5.97316e+07 12738.6 5.67557e+06 12737.1 9.42876e-09 0.19765 222014 222014 6.87924e+07 0.000185963 5.31962e-07 0.512287 0.149817 2.69461e-05 6.41825e-05 6.15563e-07 0.144009 0.0247156 5.14866e-05 0.168841
 -0.00984572 4.12138e-06 3.83046e-11 0.0244941 680.597 1.59701 216285 3435.58 0.000230296 0.492087 0.372926 0 0.000434425 1.42753e-06 0.598236 0.199846 6.94024e-05 0.000149891 1.64217e-06 0.168162 0.032962 0.000128801 7.72197e-06 -1 5.97309e+07 12738.4 5.67538e+06 12737 9.43064e-09 0.198103 222013 222013 6.87926e+07 0.000186007 5.35096e-07 0.512291 0.149821 2.77424e-05 6.41798e-05 6.1556e-07 0.144009 0.0247118 5.14871e-05 0.168837
 -0.00985037 4.12224e-06 3.83362e-11 0.0244915 682.153 1.59935 216258 3435.56 0.000230296 0.492086 0.372912 0 0.00043453 1.43653e-06 0.598236 0.19985 7.15475e-05 0.000149884 1.64215e-06 0.168162 0.0329567 0.000128802 7.72175e-06 -1 5.97302e+07 12738.3 5.6752e+06 12736.8 9.43284e-09 0.198557 222013 222013 6.87928e+07 0.000186053 5.38471e-07 0.512294 0.149825 2.86001e-05 6.41769e-05 6.15559e-07 0.144009 0.024708 5.14876e-05 0.168833
 -0.00985502 4.1231e-06 3.83697e-11 0.0244889 683.712 1.60169 216232 3435.54 0.000230296 0.492086 0.372899 0 0.000434639 1.44621e-06 0.598235 0.199854 7.38578e-05 0.000149876 1.64215e-06 0.168161 0.0329511 0.000128802 7.72155e-06 -1 5.97296e+07 12738.2 5.67502e+06 12736.7 9.43537e-09 0.199012 222013 222013 6.87931e+07 0.0001861 5.42105e-07 0.512296 0.149828 2.95237e-05 6.41739e-05 6.1556e-07 0.14401 0.0247039 5.14879e-05 0.16883
 -0.00985968 4.12396e-06 3.84053e-11 0.0244862 685.274 1.60403 216205 3435.52 0.000230296 0.492085 0.372885 0 0.000434754 1.45665e-06 0.598233 0.199859 7.63457e-05 0.000149867 1.64215e-06 0.168162 0.0329454 0.000128802 7.72138e-06 -1 5.9729e+07 12738 5.67486e+06 12736.5 9.43822e-09 0.199468 222012 222012 6.87935e+07 0.000186151 5.46018e-07 0.512297 0.149832 3.05184e-05 6.41706e-05 6.15562e-07 0.144011 0.0246997 5.1488e-05 0.168827
 -0.00986434 4.12482e-06 3.84428e-11 0.0244835 686.84 1.60636 216179 3435.5 0.000230296 0.492083 0.372873 0 0.000434875 1.46788e-06 0.598231 0.199863 7.9025e-05 0.000149859 1.64215e-06 0.168163 0.0329394 0.000128801 7.72123e-06 -1 5.97285e+07 12737.9 5.6747e+06 12736.4 9.44139e-09 0.199925 222012 222012 6.87939e+07 0.000186203 5.50231e-07 0.512297 0.149836 3.15895e-05 6.41672e-05 6.15567e-07 0.144013 0.0246953 5.14881e-05 0.168824
 -0.009869 4.12568e-06 3.84824e-11 0.0244808 688.41 1.60869 216152 3435.48 0.000230295 0.492081 0.37286 0 0.000435003 1.47998e-06 0.598227 0.199868 8.19103e-05 0.000149849 1.64216e-06 0.168166 0.0329331 0.000128801 7.7211e-06 -1 5.9728e+07 12737.8 5.67455e+06 12736.3 9.44487e-09 0.200383 222011 222011 6.87944e+07 0.000186259 5.54769e-07 0.512296 0.14984 3.27431e-05 6.41635e-05 6.15574e-07 0.144015 0.0246907 5.1488e-05 0.168822
 -0.00987366 4.12654e-06 3.85239e-11 0.0244781 689.983 1.61101 216125 3435.47 0.000230295 0.492078 0.372849 0 0.000435139 1.49301e-06 0.598223 0.199872 8.50174e-05 0.00014984 1.64218e-06 0.168169 0.0329265 0.0001288 7.72099e-06 -1 5.97276e+07 12737.7 5.6744e+06 12736.2 9.44868e-09 0.200842 222010 222010 6.87949e+07 0.000186318 5.59655e-07 0.512294 0.149844 3.39852e-05 6.41596e-05 6.15583e-07 0.144018 0.0246859 5.14878e-05 0.16882
 -0.00987833 4.12741e-06 3.85675e-11 0.0244753 691.56 1.61333 216098 3435.45 0.000230294 0.492075 0.372837 0 0.000435283 1.50704e-06 0.598218 0.199877 8.83633e-05 0.00014983 1.64221e-06 0.168172 0.0329197 0.000128798 7.7209e-06 -1 5.97272e+07 12737.6 5.67427e+06 12736.1 9.45281e-09 0.201302 222010 222010 6.87956e+07 0.00018638 5.64917e-07 0.512291 0.149849 3.53228e-05 6.41556e-05 6.15595e-07 0.144022 0.0246808 5.14875e-05 0.168819
 -0.00988301 4.12827e-06 3.8613e-11 0.0244725 693.14 1.61564 216070 3435.44 0.000230293 0.492072 0.372826 0 0.000435437 1.52215e-06 0.598211 0.199882 9.19664e-05 0.000149819 1.64224e-06 0.168177 0.0329125 0.000128797 7.72083e-06 -1 5.97269e+07 12737.5 5.67414e+06 12736 9.45726e-09 0.201762 222009 222009 6.87962e+07 0.000186446 5.70583e-07 0.512287 0.149853 3.67633e-05 6.41513e-05 6.15609e-07 0.144027 0.0246755 5.14871e-05 0.168818
 -0.00988769 4.12913e-06 3.86605e-11 0.0244697 694.725 1.61795 216043 3435.42 0.000230291 0.492067 0.372815 0 0.000435601 1.53843e-06 0.598204 0.199888 9.58463e-05 0.000149808 1.64228e-06 0.168183 0.0329049 0.000128795 7.72079e-06 -1 5.97267e+07 12737.4 5.67402e+06 12735.9 9.46202e-09 0.202225 222009 222009 6.8797e+07 0.000186517 5.76685e-07 0.512282 0.149857 3.83144e-05 6.41467e-05 6.15626e-07 0.144032 0.0246699 5.14865e-05 0.168817
 -0.00989237 4.13e-06 3.87101e-11 0.0244668 696.314 1.62026 216016 3435.41 0.00023029 0.492063 0.372805 0 0.000435777 1.55595e-06 0.598196 0.199893 0.000100024 0.000149797 1.64233e-06 0.168189 0.0328969 0.000128793 7.72076e-06 -1 5.97264e+07 12737.3 5.6739e+06 12735.8 9.4671e-09 0.202688 222008 222008 6.87978e+07 0.000186593 5.83256e-07 0.512276 0.149862 3.99846e-05 6.4142e-05 6.15646e-07 0.144037 0.0246639 5.14859e-05 0.168817
 -0.00989706 4.13087e-06 3.87616e-11 0.0244639 697.906 1.62258 215988 3435.4 0.000230288 0.492058 0.372795 0 0.000435966 1.57483e-06 0.598187 0.199899 0.000104524 0.000149785 1.64239e-06 0.168196 0.0328884 0.000128791 7.72075e-06 -1 5.97263e+07 12737.2 5.67379e+06 12735.7 9.47249e-09 0.203152 222008 222008 6.87986e+07 0.000186674 5.90333e-07 0.512269 0.149867 4.17832e-05 6.41369e-05 6.15669e-07 0.144044 0.0246577 5.14851e-05 0.168817
 -0.00990175 4.13173e-06 3.88152e-11 0.024461 699.503 1.62489 215960 3435.38 0.000230286 0.492052 0.372786 0 0.000436169 1.59516e-06 0.598176 0.199905 0.000109368 0.000149772 1.64246e-06 0.168204 0.0328795 0.000128789 7.72075e-06 -1 5.97261e+07 12737.1 5.67369e+06 12735.6 9.4782e-09 0.203618 222007 222007 6.87995e+07 0.000186761 5.97954e-07 0.512262 0.149871 4.37201e-05 6.41316e-05 6.15696e-07 0.144051 0.024651 5.14842e-05 0.168818
 -0.00990645 4.1326e-06 3.88707e-11 0.0244581 701.104 1.6272 215932 3435.37 0.000230284 0.492046 0.372777 0 0.000436387 1.61705e-06 0.598165 0.199912 0.000114586 0.000149759 1.64253e-06 0.168213 0.03287 0.000128786 7.72077e-06 -1 5.97261e+07 12737 5.6736e+06 12735.5 9.48422e-09 0.204084 222006 222006 6.88005e+07 0.000186855 6.06161e-07 0.512253 0.149877 4.58057e-05 6.4126e-05 6.15725e-07 0.144059 0.024644 5.14833e-05 0.168818
 -0.00991116 4.13347e-06 3.89282e-11 0.0244551 702.71 1.62951 215904 3435.36 0.000230282 0.492039 0.372769 0 0.000436623 1.64062e-06 0.598152 0.199919 0.000120204 0.000149745 1.64262e-06 0.168223 0.03286 0.000128783 7.72081e-06 -1 5.9726e+07 12736.9 5.67351e+06 12735.4 9.49056e-09 0.204552 222006 222006 6.88015e+07 0.000186957 6.15e-07 0.512243 0.149882 4.80516e-05 6.412e-05 6.15758e-07 0.144067 0.0246365 5.14822e-05 0.16882
 -0.00991587 4.13434e-06 3.89877e-11 0.0244522 704.32 1.63183 215876 3435.35 0.000230279 0.492031 0.372761 0 0.000436878 1.66602e-06 0.598139 0.199926 0.000126253 0.00014973 1.64271e-06 0.168233 0.0328493 0.00012878 7.72086e-06 -1 5.9726e+07 12736.8 5.67342e+06 12735.3 9.49721e-09 0.205022 222005 222005 6.88025e+07 0.000187066 6.24519e-07 0.512232 0.149888 5.04701e-05 6.41137e-05 6.15795e-07 0.144077 0.0246285 5.1481e-05 0.168821
 -0.00992059 4.13521e-06 3.90492e-11 0.0244492 705.934 1.63416 215848 3435.34 0.000230277 0.492023 0.372753 0 0.000437154 1.69336e-06 0.598124 0.199934 0.000132768 0.000149714 1.64282e-06 0.168245 0.032838 0.000128776 7.72092e-06 -1 5.97259e+07 12736.7 5.67335e+06 12735.3 9.50417e-09 0.205492 222004 222004 6.88035e+07 0.000187185 6.34771e-07 0.51222 0.149894 5.30745e-05 6.4107e-05 6.15835e-07 0.144087 0.02462 5.14796e-05 0.168822
 -0.00992532 4.13609e-06 3.91127e-11 0.0244462 707.553 1.63649 215819 3435.33 0.000230274 0.492015 0.372746 0 0.000437453 1.72281e-06 0.598108 0.199942 0.000139784 0.000149697 1.64293e-06 0.168257 0.0328259 0.000128773 7.72099e-06 -1 5.97259e+07 12736.6 5.67327e+06 12735.2 9.51144e-09 0.205964 222004 222004 6.88046e+07 0.000187313 6.45811e-07 0.512207 0.1499 5.58792e-05 6.40998e-05 6.15879e-07 0.144098 0.024611 5.14782e-05 0.168824
 -0.00993005 4.13696e-06 3.91782e-11 0.0244431 709.176 1.63883 215791 3435.31 0.000230271 0.492006 0.37274 0 0.000437776 1.75453e-06 0.598091 0.19995 0.000147339 0.000149679 1.64306e-06 0.168271 0.0328131 0.000128768 7.72108e-06 -1 5.9726e+07 12736.5 5.67321e+06 12735.2 9.51902e-09 0.206438 222003 222003 6.88057e+07 0.000187451 6.57702e-07 0.512193 0.149907 5.88995e-05 6.40922e-05 6.15926e-07 0.144109 0.0246014 5.14766e-05 0.168826
 -0.00993479 4.13784e-06 3.92457e-11 0.0244401 710.804 1.64118 215762 3435.3 0.000230267 0.491996 0.372735 0 0.000438127 1.78869e-06 0.598073 0.19996 0.000155476 0.000149659 1.64319e-06 0.168285 0.0327994 0.000128764 7.72117e-06 -1 5.9726e+07 12736.3 5.67314e+06 12735.1 9.52691e-09 0.206912 222002 222002 6.88068e+07 0.000187602 6.70507e-07 0.512178 0.149914 6.21521e-05 6.4084e-05 6.15975e-07 0.144122 0.0245912 5.14749e-05 0.168829
 -0.00993953 4.13871e-06 3.93152e-11 0.0244371 712.437 1.64353 215733 3435.29 0.000230263 0.491985 0.37273 0 0.000438508 1.82547e-06 0.598053 0.199969 0.000164238 0.000149639 1.64333e-06 0.168301 0.0327848 0.000128759 7.72128e-06 -1 5.9726e+07 12736.2 5.67309e+06 12735.1 9.5351e-09 0.207388 222002 222002 6.88079e+07 0.000187765 6.84298e-07 0.512162 0.149921 6.5655e-05 6.40752e-05 6.16028e-07 0.144135 0.0245803 5.1473e-05 0.168831
 -0.00994429 4.13959e-06 3.93867e-11 0.0244341 714.074 1.6459 215704 3435.27 0.00023026 0.491973 0.372726 0 0.000438921 1.86509e-06 0.598032 0.19998 0.000173675 0.000149616 1.64347e-06 0.168317 0.0327692 0.000128754 7.72139e-06 -1 5.9726e+07 12736.1 5.67304e+06 12735 9.54361e-09 0.207866 222001 222001 6.8809e+07 0.000187942 6.99151e-07 0.512144 0.149929 6.94275e-05 6.40656e-05 6.16083e-07 0.14415 0.0245686 5.14709e-05 0.168834
 -0.00994905 4.14047e-06 3.94601e-11 0.0244311 715.716 1.64827 215675 3435.25 0.000230255 0.49196 0.372724 0 0.000439369 1.90776e-06 0.598009 0.199991 0.000183838 0.000149592 1.64362e-06 0.168335 0.0327525 0.000128747 7.72151e-06 -1 5.97261e+07 12735.9 5.67299e+06 12735 9.55242e-09 0.208345 222000 222000 6.88101e+07 0.000188135 7.15148e-07 0.512126 0.149938 7.34905e-05 6.40552e-05 6.1614e-07 0.144165 0.0245562 5.14685e-05 0.168837
 -0.00995382 4.14135e-06 3.95355e-11 0.0244281 717.363 1.65066 215645 3435.23 0.00023025 0.491947 0.372722 0 0.000439857 1.95372e-06 0.597985 0.200003 0.000194784 0.000149565 1.64377e-06 0.168354 0.0327348 0.000128741 7.72163e-06 -1 5.97261e+07 12735.7 5.67296e+06 12735 9.56154e-09 0.208826 222000 222000 6.88112e+07 0.000188344 7.32375e-07 0.512106 0.149947 7.78664e-05 6.40438e-05 6.16198e-07 0.144181 0.0245429 5.14659e-05 0.16884
 -0.00995859 4.14223e-06 3.9613e-11 0.0244251 719.014 1.65306 215616 3435.21 0.000230245 0.491932 0.372722 0 0.000440386 2.00321e-06 0.597959 0.200015 0.000206574 0.000149535 1.64392e-06 0.168374 0.0327158 0.000128733 7.72177e-06 -1 5.97261e+07 12735.6 5.67293e+06 12735 9.57096e-09 0.209308 221999 221999 6.88122e+07 0.000188571 7.5093e-07 0.512085 0.149957 8.25795e-05 6.40313e-05 6.16256e-07 0.144199 0.0245287 5.14628e-05 0.168843
 -0.00996338 4.14312e-06 3.96924e-11 0.0244221 720.67 1.65547 215586 3435.18 0.00023024 0.491915 0.372723 0 0.000440961 2.05651e-06 0.597931 0.200029 0.000219272 0.000149503 1.64407e-06 0.168395 0.0326956 0.000128724 7.72191e-06 -1 5.97261e+07 12735.3 5.67292e+06 12735 9.58069e-09 0.209791 221998 221998 6.88132e+07 0.000188817 7.70912e-07 0.512062 0.149967 8.76559e-05 6.40175e-05 6.16313e-07 0.144217 0.0245136 5.14594e-05 0.168847
 -0.00996817 4.144e-06 3.97737e-11 0.0244192 722.33 1.65789 215557 3435.15 0.000230233 0.491897 0.372726 0 0.000441587 2.11392e-06 0.597901 0.200043 0.00023295 0.000149466 1.64421e-06 0.168418 0.0326739 0.000128713 7.72206e-06 -1 5.9726e+07 12735.1 5.67292e+06 12735.1 9.59073e-09 0.210276 221998 221998 6.88142e+07 0.000189086 7.92434e-07 0.512038 0.149978 9.3124e-05 6.40021e-05 6.16367e-07 0.144237 0.0244975 5.14554e-05 0.16885
 -0.00997298 4.14489e-06 3.98571e-11 0.0244163 723.994 1.66033 215527 3435.12 0.000230226 0.491877 0.372732 0 0.000442267 2.17574e-06 0.597869 0.200058 0.000247683 0.000149426 1.64434e-06 0.168442 0.0326509 0.000128701 7.72222e-06 -1 5.9726e+07 12734.8 5.67294e+06 12735.1 9.60108e-09 0.210763 221997 221997 6.88152e+07 0.000189378 8.15612e-07 0.512012 0.14999 9.9014e-05 6.39849e-05 6.16416e-07 0.144258 0.0244802 5.14507e-05 0.168854
 -0.00997779 4.14578e-06 3.99424e-11 0.0244135 725.662 1.66278 215497 3435.08 0.000230218 0.491855 0.37274 0 0.000443007 2.24233e-06 0.597835 0.200074 0.000263554 0.00014938 1.64444e-06 0.168468 0.0326263 0.000128687 7.7224e-06 -1 5.97259e+07 12734.5 5.67297e+06 12735.2 9.61173e-09 0.211251 221997 221997 6.88161e+07 0.000189695 8.40575e-07 0.511984 0.150002 0.000105359 6.39655e-05 6.16457e-07 0.144281 0.0244619 5.14453e-05 0.168859
 -0.00998261 4.14667e-06 4.00297e-11 0.0244107 727.334 1.66524 215467 3435.03 0.000230209 0.49183 0.372751 0 0.000443812 2.31404e-06 0.597799 0.200091 0.000280652 0.000149328 1.64451e-06 0.168496 0.0326 0.000128671 7.72259e-06 -1 5.97258e+07 12734.1 5.67303e+06 12735.3 9.62269e-09 0.211741 221996 221996 6.8817e+07 0.00019004 8.6746e-07 0.511954 0.150015 0.000112194 6.39436e-05 6.16487e-07 0.144306 0.0244423 5.14388e-05 0.168863
 -0.00998744 4.14756e-06 4.0119e-11 0.024408 729.009 1.66772 215436 3434.97 0.000230198 0.491801 0.372767 0 0.000444688 2.39127e-06 0.597759 0.200109 0.000299072 0.00014927 1.64455e-06 0.168526 0.032572 0.000128651 7.7228e-06 -1 5.97256e+07 12733.6 5.67312e+06 12735.5 9.63397e-09 0.212232 221996 221996 6.88178e+07 0.000190416 8.96415e-07 0.511922 0.150029 0.000119558 6.39186e-05 6.16501e-07 0.144332 0.0244213 5.14312e-05 0.168868
 -0.00999228 4.14846e-06 4.02102e-11 0.0244055 730.687 1.67021 215406 3434.91 0.000230186 0.491769 0.372786 0 0.000445642 2.47445e-06 0.597717 0.200128 0.000318918 0.000149202 1.64453e-06 0.168558 0.0325422 0.000128628 7.72304e-06 -1 5.97255e+07 12733.1 5.67325e+06 12735.7 9.64556e-09 0.212724 221995 221995 6.88185e+07 0.000190825 9.27598e-07 0.511888 0.150044 0.000127492 6.389e-05 6.16496e-07 0.14436 0.0243991 5.1422e-05 0.168874
 -0.00999714 4.14935e-06 4.03034e-11 0.024403 732.368 1.67271 215376 3434.83 0.000230172 0.491733 0.372812 0 0.000446681 2.56403e-06 0.597672 0.200149 0.000340301 0.000149125 1.64444e-06 0.168593 0.0325104 0.0001286 7.7233e-06 -1 5.97253e+07 12732.5 5.67343e+06 12735.9 9.65746e-09 0.213218 221995 221995 6.88192e+07 0.000191271 9.61181e-07 0.51185 0.15006 0.000136041 6.38572e-05 6.16464e-07 0.14439 0.0243753 5.14111e-05 0.16888
 -0.010002 4.15025e-06 4.03986e-11 0.0244007 734.05 1.67523 215345 3434.74 0.000230156 0.491691 0.372843 0 0.000447814 2.6605e-06 0.597623 0.20017 0.000363342 0.000149036 1.64426e-06 0.16863 0.0324766 0.000128567 7.7236e-06 -1 5.9725e+07 12731.7 5.67366e+06 12736.2 9.66969e-09 0.213714 221995 221995 6.88198e+07 0.000191756 9.97348e-07 0.51181 0.150077 0.000145252 6.38194e-05 6.16399e-07 0.144422 0.02435 5.13981e-05 0.168887
 -0.0100069 4.15115e-06 4.04957e-11 0.0243986 735.733 1.67775 215315 3434.64 0.000230137 0.491643 0.372883 0 0.000449048 2.76439e-06 0.59757 0.200193 0.000388171 0.000148934 1.64397e-06 0.16867 0.0324406 0.000128528 7.72395e-06 -1 5.97248e+07 12730.9 5.67396e+06 12736.6 9.68224e-09 0.21421 221994 221994 6.88203e+07 0.000192285 1.0363e-06 0.511766 0.150094 0.000155179 6.37755e-05 6.16292e-07 0.144457 0.0243231 5.13824e-05 0.168896
 -0.0100118 4.15205e-06 4.05948e-11 0.0243967 737.416 1.68029 215284 3434.52 0.000230115 0.491588 0.372932 0 0.000450396 2.87627e-06 0.597512 0.200217 0.00041493 0.000148814 1.64354e-06 0.168714 0.0324023 0.00012848 7.72435e-06 -1 5.97245e+07 12729.8 5.67434e+06 12737.1 9.69513e-09 0.214708 221994 221994 6.88207e+07 0.000192863 1.07824e-06 0.511718 0.150112 0.000165877 6.37246e-05 6.16131e-07 0.144495 0.0242945 5.13636e-05 0.168905
 -0.0100166 4.15296e-06 4.06959e-11 0.024395 739.098 1.68284 215254 3434.37 0.000230089 0.491524 0.372992 0 0.000451867 2.99675e-06 0.59745 0.200242 0.00044377 0.000148675 1.64293e-06 0.168762 0.0323616 0.000128424 7.72481e-06 -1 5.97241e+07 12728.6 5.67482e+06 12737.7 9.70835e-09 0.215207 221994 221994 6.8821e+07 0.000193493 1.12341e-06 0.511666 0.150131 0.000177406 6.36652e-05 6.15904e-07 0.144536 0.024264 5.1341e-05 0.168915
 -0.0100216 4.15386e-06 4.07989e-11 0.0243936 740.778 1.68539 215223 3434.2 0.000230059 0.49145 0.373066 0 0.000453475 3.12649e-06 0.597382 0.200268 0.000474858 0.000148513 1.6421e-06 0.168814 0.0323184 0.000128355 7.72536e-06 -1 5.97238e+07 12727.2 5.67543e+06 12738.4 9.72194e-09 0.215706 221995 221995 6.88211e+07 0.000194182 1.17204e-06 0.511608 0.150152 0.000189835 6.35957e-05 6.15594e-07 0.144581 0.0242316 5.13138e-05 0.168927
 -0.0100265 4.15477e-06 4.09038e-11 0.0243927 742.453 1.68795 215193 3434 0.000230023 0.491363 0.373156 0 0.000455233 3.26618e-06 0.597308 0.200296 0.00050837 0.000148323 1.641e-06 0.16887 0.0322725 0.000128274 7.726e-06 -1 5.97234e+07 12725.5 5.67618e+06 12739.3 9.73588e-09 0.216207 221995 221995 6.88211e+07 0.000194935 1.22441e-06 0.511545 0.150172 0.000203232 6.35142e-05 6.15181e-07 0.144629 0.0241972 5.12811e-05 0.168941
 -0.0100314 4.15568e-06 4.10107e-11 0.0243922 744.118 1.69052 215163 3433.77 0.00022998 0.491262 0.373265 0 0.000457157 3.4166e-06 0.597227 0.200325 0.000544502 0.0001481 1.63957e-06 0.168933 0.0322239 0.000128176 7.72676e-06 -1 5.9723e+07 12723.4 5.67711e+06 12740.4 9.75022e-09 0.216707 221996 221996 6.88209e+07 0.000195759 1.2808e-06 0.511475 0.150194 0.000217676 6.34188e-05 6.14645e-07 0.144682 0.0241607 5.12419e-05 0.168958
 -0.0100363 4.1566e-06 4.11195e-11 0.0243921 745.773 1.69311 215133 3433.49 0.000229931 0.491144 0.373397 0 0.000459265 3.57854e-06 0.597139 0.200356 0.000583462 0.000147841 1.63777e-06 0.169001 0.0321724 0.000128059 7.72766e-06 -1 5.97226e+07 12721 5.67826e+06 12741.7 9.76494e-09 0.217206 221997 221997 6.88205e+07 0.00019666 1.3415e-06 0.511398 0.150217 0.00023325 6.33076e-05 6.13969e-07 0.14474 0.024122 5.11952e-05 0.168977
 -0.0100413 4.15751e-06 4.12303e-11 0.0243926 747.421 1.69566 215104 3433.17 0.000229872 0.491006 0.373556 0 0.000461576 3.75288e-06 0.597043 0.200388 0.000625478 0.000147537 1.63551e-06 0.169076 0.0321178 0.000127921 7.72872e-06 -1 5.97221e+07 12718.2 5.67966e+06 12743.3 9.78009e-09 0.217707 221998 221998 6.88199e+07 0.000197649 1.40685e-06 0.511312 0.15024 0.000250046 6.31771e-05 6.13117e-07 0.144804 0.024081 5.11394e-05 0.168999
 -0.0100463 4.15843e-06 4.1343e-11 0.0243938 749.053 1.69823 215075 3432.78 0.000229802 0.490845 0.373749 0 0.000464114 3.94055e-06 0.596937 0.200422 0.000670796 0.000147179 1.63267e-06 0.169159 0.0320601 0.000127755 7.72997e-06 -1 5.97217e+07 12714.8 5.68138e+06 12745.2 9.79568e-09 0.218206 222000 222000 6.8819e+07 0.000198734 1.47719e-06 0.511217 0.150264 0.00026816 6.30236e-05 6.12047e-07 0.144873 0.0240375 5.10727e-05 0.169025
 -0.0100512 4.15935e-06 4.14577e-11 0.0243959 750.664 1.70078 215046 3432.32 0.00022972 0.490656 0.37398 0 0.000466904 4.14254e-06 0.59682 0.200457 0.000719686 0.00014676 1.62914e-06 0.16925 0.0319991 0.000127557 7.73145e-06 -1 5.97211e+07 12710.8 5.68347e+06 12747.5 9.81176e-09 0.218705 222002 222002 6.88177e+07 0.000199926 1.55289e-06 0.511111 0.150288 0.000287701 6.28432e-05 6.10719e-07 0.14495 0.0239915 5.09931e-05 0.169055
 -0.0100562 4.16027e-06 4.15742e-11 0.0243991 752.252 1.70332 215019 3431.78 0.000229623 0.490434 0.37426 0 0.000469975 4.35993e-06 0.596692 0.200493 0.000772438 0.000146268 1.62481e-06 0.169351 0.0319346 0.000127322 7.73319e-06 -1 5.97206e+07 12706.1 5.686e+06 12750.3 9.82836e-09 0.219202 222005 222005 6.88161e+07 0.000201238 1.63436e-06 0.510994 0.150313 0.000308784 6.26315e-05 6.09084e-07 0.145034 0.0239428 5.08983e-05 0.169091
 -0.0100612 4.16119e-06 4.16927e-11 0.0244034 753.809 1.70585 214992 3431.15 0.000229509 0.490174 0.374595 0 0.000473357 4.59386e-06 0.596551 0.20053 0.000829372 0.000145691 1.61952e-06 0.169463 0.0318667 0.000127043 7.73523e-06 -1 5.97199e+07 12700.5 5.68908e+06 12753.6 9.84552e-09 0.219696 222009 222009 6.8814e+07 0.000202682 1.72201e-06 0.510862 0.150338 0.000331537 6.23832e-05 6.07088e-07 0.145127 0.0238913 5.07858e-05 0.169132
 -0.0100662 4.16212e-06 4.18132e-11 0.0244091 755.33 1.70835 214966 3430.39 0.000229374 0.48987 0.374998 0 0.000477087 4.84555e-06 0.596395 0.200569 0.000890834 0.000145016 1.6131e-06 0.169587 0.031795 0.000126713 7.73761e-06 -1 5.97192e+07 12693.8 5.69279e+06 12757.6 9.86331e-09 0.220188 222013 222013 6.88113e+07 0.000204274 1.81631e-06 0.510715 0.150363 0.000356097 6.20923e-05 6.04665e-07 0.14523 0.0238369 5.06526e-05 0.16918
 -0.0100713 4.16305e-06 4.19355e-11 0.0244165 756.806 1.71081 214941 3429.51 0.000229216 0.489514 0.375481 0 0.000481203 5.11632e-06 0.596223 0.200609 0.000957204 0.000144226 1.60536e-06 0.169725 0.0317195 0.000126324 7.7404e-06 -1 5.97184e+07 12685.9 5.69728e+06 12762.5 9.88178e-09 0.220675 222019 222019 6.88079e+07 0.000206029 1.91774e-06 0.510551 0.150388 0.000382614 6.17523e-05 6.01744e-07 0.145343 0.0237795 5.04952e-05 0.169235
 -0.0100763 4.16398e-06 4.20597e-11 0.0244258 758.23 1.71324 214918 3428.46 0.00022903 0.489098 0.37606 0 0.000485748 5.40757e-06 0.596033 0.20065 0.0010289 0.000143305 1.59608e-06 0.169878 0.03164 0.000125865 7.74364e-06 -1 5.97174e+07 12676.6 5.70269e+06 12768.3 9.90101e-09 0.221158 222025 222025 6.88037e+07 0.000207967 2.02683e-06 0.510368 0.150413 0.000411255 6.13556e-05 5.98242e-07 0.145468 0.023719 5.03099e-05 0.169299
 -0.0100814 4.16492e-06 4.21859e-11 0.0244373 759.591 1.71562 214896 3427.23 0.000228812 0.488613 0.376754 0 0.000490767 5.72083e-06 0.595823 0.200693 0.00110637 0.000142234 1.58503e-06 0.170048 0.0315563 0.000125327 7.74738e-06 -1 5.97162e+07 12665.7 5.7092e+06 12775.3 9.92108e-09 0.221635 222033 222033 6.87984e+07 0.000210105 2.14414e-06 0.510163 0.150437 0.0004422 6.08941e-05 5.94071e-07 0.145606 0.0236551 5.00924e-05 0.169372
 -0.0100864 4.16585e-06 4.2314e-11 0.0244514 760.878 1.71794 214876 3425.77 0.000228558 0.48805 0.377583 0 0.000496309 6.05774e-06 0.595592 0.200736 0.00119013 0.000140993 1.57195e-06 0.170236 0.0314682 0.000124699 7.75169e-06 -1 5.97146e+07 12652.9 5.71703e+06 12783.7 9.94209e-09 0.222105 222042 222042 6.8792e+07 0.000212465 2.27028e-06 0.509935 0.150461 0.000475648 6.0359e-05 5.89133e-07 0.145758 0.0235877 4.98383e-05 0.169456
 -0.0100915 4.16679e-06 4.24439e-11 0.0244685 762.079 1.7202 214859 3424.07 0.000228262 0.487396 0.378575 0 0.000502423 6.42013e-06 0.595338 0.200781 0.00128072 0.000139559 1.55657e-06 0.170443 0.0313755 0.000123968 7.7566e-06 -1 5.97126e+07 12637.9 5.72641e+06 12793.8 9.96415e-09 0.222566 222053 222053 6.8784e+07 0.000215068 2.40592e-06 0.509682 0.150484 0.000511819 5.97411e-05 5.83329e-07 0.145926 0.0235165 4.95426e-05 0.169552
 -0.0100966 4.16773e-06 4.25758e-11 0.024489 763.182 1.72238 214844 3422.07 0.000227919 0.486642 0.37976 0 0.000509158 6.81e-06 0.595059 0.200826 0.00137877 0.000137912 1.53862e-06 0.170672 0.0312777 0.000123122 7.76217e-06 -1 5.97099e+07 12620.3 5.73765e+06 12805.9 9.9874e-09 0.223018 222065 222065 6.87742e+07 0.000217933 2.55182e-06 0.509402 0.150506 0.000550958 5.90313e-05 5.76557e-07 0.14611 0.0234413 4.92006e-05 0.16966
 -0.0101017 4.16868e-06 4.27096e-11 0.0245133 764.171 1.72446 214832 3419.74 0.000227525 0.485775 0.381173 0 0.000516555 7.22965e-06 0.594753 0.200873 0.00148495 0.000136031 1.51785e-06 0.170923 0.0311743 0.000122149 7.76839e-06 -1 5.97062e+07 12599.9 5.7511e+06 12820.4 1.0012e-08 0.223459 222079 222079 6.87621e+07 0.000221079 2.70882e-06 0.509094 0.150527 0.000593334 5.82208e-05 5.68721e-07 0.146312 0.0233617 4.88074e-05 0.169781
 -0.0101069 4.16963e-06 4.28452e-11 0.0245419 765.035 1.72647 214822 3417.02 0.000227073 0.484785 0.382857 0 0.000524644 7.68178e-06 0.594421 0.200922 0.00160003 0.000133899 1.49404e-06 0.171196 0.0310647 0.00012104 7.77525e-06 -1 5.97014e+07 12576.4 5.76716e+06 12837.8 1.0038e-08 0.22389 222095 222095 6.87473e+07 0.000224518 2.87793e-06 0.508758 0.150548 0.00063925 5.73025e-05 5.59743e-07 0.14653 0.0232772 4.83592e-05 0.169913
 -0.010112 4.17058e-06 4.29827e-11 0.0245753 765.758 1.72838 214817 3413.88 0.000226561 0.483665 0.384859 0 0.000533431 8.16968e-06 0.594064 0.200972 0.00172486 0.000131506 1.46705e-06 0.171489 0.0309478 0.000119786 7.78265e-06 -1 5.96947e+07 12549.4 5.7863e+06 12858.5 1.00656e-08 0.224308 222113 222113 6.8729e+07 0.000228254 3.06039e-06 0.508397 0.15057 0.000689047 5.6272e-05 5.49572e-07 0.146765 0.0231871 4.78531e-05 0.170056
 -0.0101172 4.17153e-06 4.31221e-11 0.0246136 766.338 1.73028 214813 3410.25 0.000225987 0.482412 0.387235 0 0.000542885 8.69755e-06 0.593685 0.201026 0.00186039 0.000128852 1.43691e-06 0.171799 0.0308222 0.000118389 7.79041e-06 -1 5.96855e+07 12518.6 5.80906e+06 12883.3 1.0095e-08 0.224717 222132 222132 6.87065e+07 0.000232273 3.25776e-06 0.508015 0.150593 0.000743107 5.51301e-05 5.38219e-07 0.147014 0.0230904 4.72895e-05 0.170207
 -0.0101224 4.17249e-06 4.32634e-11 0.024657 766.765 1.73218 214812 3406.11 0.000225353 0.481032 0.390047 0 0.000552919 9.27103e-06 0.59329 0.201084 0.00200771 0.000125955 1.40383e-06 0.172118 0.0306857 0.000116857 7.79813e-06 -1 5.96727e+07 12484.1 5.83606e+06 12913 1.01263e-08 0.225115 222153 222153 6.86787e+07 0.000236541 3.4722e-06 0.507623 0.15062 0.000801867 5.38852e-05 5.25774e-07 0.147271 0.0229856 4.66725e-05 0.170357
 -0.0101276 4.17345e-06 4.34066e-11 0.0247051 767.058 1.73425 214813 3401.44 0.000224672 0.479549 0.393362 0 0.000563362 9.89803e-06 0.592894 0.20115 0.00216804 0.000122869 1.36847e-06 0.172433 0.030535 0.00011522 7.80514e-06 -1 5.9655e+07 12446.1 5.86796e+06 12948.2 1.01595e-08 0.22551 222174 222174 6.86443e+07 0.000240987 3.7067e-06 0.50724 0.150656 0.000865824 5.25603e-05 5.12486e-07 0.147528 0.0228708 4.60149e-05 0.170496
 -0.0101328 4.17441e-06 4.35516e-11 0.024757 767.246 1.73646 214815 3396.25 0.000223967 0.478018 0.397251 0 0.000573938 1.05901e-05 0.59252 0.201227 0.00234274 0.000119695 1.33208e-06 0.172718 0.0303652 0.000113539 7.81025e-06 -1 5.963e+07 12405.2 5.9055e+06 12990.2 1.01945e-08 0.225911 222195 222195 6.86012e+07 0.000245502 3.96573e-06 0.506901 0.150708 0.000935555 5.12005e-05 4.98839e-07 0.147766 0.0227427 4.5342e-05 0.1706
 -0.010138 4.17537e-06 4.36985e-11 0.0248092 767.403 1.73894 214808 3390.65 0.000223289 0.476545 0.401795 0 0.000584257 1.13649e-05 0.592213 0.201322 0.00253336 0.000116607 1.29679e-06 0.17293 0.0301689 0.000111919 7.81215e-06 -1 5.95941e+07 12363.3 5.94952e+06 13039.9 1.02309e-08 0.22633 222208 222208 6.8547e+07 0.000249925 4.25601e-06 0.506656 0.150785 0.00101172 4.98813e-05 4.8564e-07 0.147953 0.0225966 4.46965e-05 0.170648
 -0.0101432 4.17634e-06 4.38472e-11 0.0248553 767.698 1.74202 214776 3384.89 0.000222718 0.475301 0.407029 0 0.000593859 1.22489e-05 0.59203 0.201441 0.00274151 0.000113911 1.26626e-06 0.173014 0.0299338 0.000110552 7.80807e-06 -1 5.95441e+07 12323.8 6.00069e+06 13098.5 1.02677e-08 0.226802 222195 222195 6.84798e+07 0.000254077 4.58786e-06 0.506588 0.150901 0.00109504 4.87366e-05 4.7429e-07 0.148051 0.0224244 4.41585e-05 0.170589
 -0.0101485 4.17731e-06 4.39978e-11 0.024885 768.574 1.74646 214692 3379.37 0.000222385 0.47457 0.412924 0 0.000602493 1.32854e-05 0.592038 0.20161 0.00296916 0.00011218 1.24704e-06 0.172893 0.0296434 0.00010979 7.7929e-06 -1 5.94754e+07 12292.5 6.05938e+06 13167.6 1.03032e-08 0.227432 222138 222138 6.83981e+07 0.00025788 4.97819e-06 0.50681 0.151091 0.00118647 4.80163e-05 4.67291e-07 0.14801 0.0222163 4.38726e-05 0.17033
 -0.0101538 4.17829e-06 4.41502e-11 0.0248932 770.545 1.75313 214599 3374.67 0.000222523 0.474853 0.419487 0 0.000610539 1.45417e-05 0.592445 0.201851 0.00321809 0.000112079 1.24754e-06 0.17236 0.0292692 0.000110075 7.75891e-06 -1 5.93722e+07 12277.8 6.12574e+06 13248.6 1.03348e-08 0.228333 222086 222086 6.82899e+07 0.000261546 5.45357e-06 0.507589 0.151401 0.00128703 4.80138e-05 4.67874e-07 0.147679 0.0219544 4.40237e-05 0.169731
 -0.0101591 4.17927e-06 4.43045e-11 0.0248487 773.932 1.76219 214400 3372.04 0.000223521 0.476984 0.426515 0 0.000619732 1.61252e-05 0.593515 0.202204 0.00349006 0.000115228 1.2858e-06 0.171149 0.0287698 0.000112398 7.69428e-06 -1 5.92183e+07 12295.8 6.19917e+06 13343 1.03581e-08 0.229515 221940 221940 6.8146e+07 0.000265891 6.0567e-06 0.509285 0.151897 0.00139794 4.94384e-05 4.82959e-07 0.146865 0.0216129 4.50216e-05 0.168575
 -0.0101644 4.18025e-06 4.44606e-11 0.0247137 780.082 1.77616 214053 3373.61 0.000226003 0.482302 0.433589 0 0.00063547 1.82042e-05 0.595636 0.202725 0.00378633 0.000124534 1.39532e-06 0.168861 0.0280856 0.000118416 7.58144e-06 -1 5.89914e+07 12373.2 6.27792e+06 13452.2 1.03656e-08 0.231231 221673 221673 6.7957e+07 0.000273355 6.85543e-06 0.51244 0.152687 0.00152057 5.35707e-05 5.25467e-07 0.145281 0.021154 4.75559e-05 0.166537
 -0.0101697 4.18123e-06 4.46186e-11 0.0244442 790.663 1.79572 213521 3382.1 0.000230831 0.49266 0.440064 0 0.000671113 2.10364e-05 0.599333 0.203491 0.00410711 0.000145468 1.6389e-06 0.164952 0.0271392 0.000130948 7.39649e-06 -1 5.86604e+07 12545.1 6.35876e+06 13577.1 1.03473e-08 0.233779 221267 221267 6.77081e+07 0.000289911 7.95558e-06 0.517806 0.153913 0.00165638 6.28415e-05 6.19814e-07 0.142519 0.0205279 5.28121e-05 0.163163
 -0.010175 4.18222e-06 4.47783e-11 0.0239917 807.417 1.82256 212733 3400.59 0.000239049 0.510302 0.445095 0 0.000754461 2.50049e-05 0.605173 0.204579 0.00445116 0.000188983 2.14418e-06 0.158814 0.025851 0.000154858 7.11319e-06 -1 5.81924e+07 12852.7 6.4373e+06 13717.5 1.02933e-08 0.237435 220665 220665 6.73853e+07 0.000328033 9.51782e-06 0.526248 0.155741 0.0018068 8.21699e-05 8.16171e-07 0.138107 0.0196805 6.28605e-05 0.157933
 -0.0101804 4.18321e-06 4.49399e-11 0.0233382 831.883 1.85629 211698 3431.34 0.00025158 0.537224 0.447906 0 0.000937645 3.06578e-05 0.613507 0.20603 0.00481573 0.000276796 3.17427e-06 0.150018 0.0241762 0.000198267 6.7138e-06 -1 5.75679e+07 13329.3 6.50923e+06 13871 1.01974e-08 0.242438 219893 219893 6.69848e+07 0.000411447 1.17774e-05 0.538424 0.158295 0.00197285 0.000121463 1.21943e-06 0.131663 0.0185755 8.12249e-05 0.150442
 -0.0101858 4.1842e-06 4.51033e-11 0.0225083 864.38 1.89568 210447 3474.43 0.000268784 0.574211 0.448089 0 0.00131158 3.87529e-05 0.624152 0.207809 0.00519749 0.000449245 5.25729e-06 0.138611 0.0221458 0.000274097 6.20231e-06 -1 5.67983e+07 13982.4 6.57203e+06 14032.2 1.00617e-08 0.248784 218987 218987 6.65216e+07 0.000582461 1.50663e-05 0.554359 0.161583 0.00215487 0.000199509 2.04396e-06 0.123117 0.0172202 0.000113642 0.140653
 -0.0101912 4.1852e-06 4.52685e-11 0.0215711 903.841 1.93831 209077 3527.5 0.00029021 0.620307 0.445709 0 0.00202885 5.0298e-05 0.636276 0.209795 0.00559392 0.000771515 9.37831e-06 0.125199 0.0198701 0.00040129 5.60778e-06 -1 5.59277e+07 14787.3 6.62527e+06 14192.8 9.89637e-09 0.256228 218034 218034 6.60286e+07 0.000913939 1.98358e-05 0.573249 0.165472 0.00235256 0.000347553 3.69855e-06 0.112801 0.0156727 0.000168768 0.128998
 -0.0101966 4.1862e-06 4.54355e-11 0.0206039 948.218 1.98195 207675 3586.92 0.000314791 0.673208 0.441083 0 0.00333988 6.65625e-05 0.648618 0.211829 0.0060041 0.00132813 1.71909e-05 0.110693 0.017495 0.00060401 4.97312e-06 -1 5.50142e+07 15699.6 6.66928e+06 14344 9.71551e-09 0.264355 217101 217101 6.55431e+07 0.00152853 2.6669e-05 0.593695 0.169743 0.00256536 0.000607845 6.88785e-06 0.101324 0.0140196 0.000258079 0.116225
 -0.010202 4.18721e-06 4.56043e-11 0.0196662 995.412 2.02483 206302 3649.33 0.000341261 0.73014 0.434563 0 0.00564239 8.90161e-05 0.659783 0.213769 0.00642832 0.0021966 3.11572e-05 0.0959969 0.0151534 0.000906131 4.34016e-06 -1 5.41077e+07 16674.6 6.70363e+06 14477.7 9.53125e-09 0.272766 216228 216228 6.50934e+07 0.00262582 3.62662e-05 0.614091 0.174184 0.0027929 0.00102226 1.2694e-05 0.0893523 0.0123478 0.000393692 0.103141
 -0.0102075 4.18821e-06 4.57749e-11 0.018789 1043.87 2.06595 204974 3712.42 0.0003685 0.788572 0.42645 0 0.00953595 0.000119167 0.668408 0.215521 0.006867 0.00340653 5.45428e-05 0.0818213 0.0129422 0.0013206 3.74087e-06 -1 5.32384e+07 17680.9 6.7266e+06 14588.6 9.35139e-09 0.281183 215415 215415 6.46924e+07 0.00451459 4.93903e-05 0.632888 0.178651 0.00303513 0.00161278 2.26064e-05 0.0774761 0.0107285 0.000583701 0.0904385
 -0.010213 4.18922e-06 4.59472e-11 0.0179806 1092.77 2.10504 203668 3774.93 0.000395715 0.846579 0.417068 0 0.0158676 0.0001583 0.673191 0.217052 0.00731952 0.00490541 9.12521e-05 0.0686528 0.0109208 0.0018384 3.19519e-06 -1 5.24143e+07 18703.9 6.73632e+06 14674.2 9.17953e-09 0.289481 214631 214631 6.43385e+07 0.007645 6.67696e-05 0.648685 0.183101 0.00329234 0.00236347 3.849e-05 0.0661562 0.00921288 0.00082693 0.0786118
 -0.0102184 4.19024e-06 4.61214e-11 0.017234 1142.08 2.14247 202320 3836.4 0.000422574 0.903171 0.406697 0 0.0257203 0.000206882 0.673252 0.218128 0.00777315 0.00654197 0.000145191 0.0567019 0.00910618 0.00242114 2.7084e-06 -1 5.16219e+07 19746.3 6.7315e+06 14734.1 9.01615e-09 0.297696 213812 213812 6.40137e+07 0.0126193 8.88617e-05 0.660643 0.187384 0.00356051 0.00320979 6.23647e-05 0.0556422 0.00782298 0.00110903 0.0678576
 -0.010224 4.19126e-06 4.62973e-11 0.016532 1192.56 2.17931 200816 3897.21 0.000448983 0.957685 0.395521 0 0.0404267 0.000264746 0.667101 0.218961 0.0082265 0.00809562 0.000220256 0.0461711 0.00751689 0.0030132 2.28391e-06 -1 5.08386e+07 20825.2 6.70561e+06 14766.1 8.85913e-09 0.306004 212850 212850 6.36968e+07 0.0202219 0.000115935 0.667382 0.191771 0.00384171 0.00404959 9.64539e-05 0.0461923 0.00658366 0.00140716 0.0583388
 -0.0102295 4.19228e-06 4.6475e-11 0.0158474 1246.15 2.21614 198922 3957.99 0.00047516 1.01004 0.383741 0 0.0614083 0.000330235 0.653517 0.219609 0.00866785 0.00932721 0.000321624 0.0371132 0.00615016 0.00355393 1.91822e-06 -1 5.0034e+07 21968.4 6.65242e+06 14767.8 8.70467e-09 0.314844 211536 211536 6.33627e+07 0.0313753 0.000147712 0.667802 0.196459 0.00413455 0.00476564 0.000143863 0.037926 0.00550205 0.00169525 0.0500479
 -0.010235 4.19331e-06 4.66544e-11 0.0151393 1306.75 2.25347 196181 4019.51 0.000501518 1.06048 0.371415 0 0.0899958 0.000399908 0.631499 0.220114 0.00908072 0.00999114 0.000450347 0.0294983 0.00499329 0.00397604 1.60389e-06 -1 4.91762e+07 23210.2 6.56197e+06 14733.5 8.54714e-09 0.325102 209453 209453 6.29884e+07 0.0470945 0.000183206 0.660922 0.201678 0.00443634 0.00522843 0.000206317 0.0308739 0.00457522 0.00194251 0.0428597
 -0.0102406 4.19434e-06 4.68356e-11 0.014345 1381.76 2.29108 191730 4082.33 0.000528416 1.10908 0.358114 0 0.127078 0.000468701 0.60035 0.220508 0.00944498 0.0100353 0.000603827 0.0232488 0.00402967 0.00423141 1.33347e-06 -1 4.8246e+07 24584.1 6.41925e+06 14651.4 8.37841e-09 0.338473 205822 205822 6.25663e+07 0.0683486 0.000220693 0.645795 0.207657 0.00474261 0.00539757 0.000284323 0.0250097 0.00379496 0.00212476 0.0366244
 -0.0102462 4.19537e-06 4.70185e-11 0.013375 1484.63 2.32702 184174 4146.58 0.000556018 1.15553 0.343797 0 0.172606 0.000530758 0.560262 0.220854 0.00974146 0.00941698 0.000773889 0.0182582 0.00324224 0.00431346 1.10276e-06 -1 4.72409e+07 26108.5 6.20556e+06 14502.5 8.18661e-09 0.358037 199394 199394 6.2113e+07 0.0957854 0.000257852 0.621818 0.21459 0.00504688 0.00522592 0.000375977 0.0202651 0.00315039 0.00223477 0.0312498
 -0.0102518 4.19641e-06 4.72032e-11 0.012024 1641.68 2.35462 170172 4210.17 0.000583751 1.19828 0.328233 1 0.225075 0.000580879 0.512672 0.221181 0.00995392 0.00834998 0.000949734 0.0143805 0.00261164 0.00424371 9.09773e-07 -1 4.6176e+07 27757.8 5.90496e+06 14263 7.95694e-09 0.389933 187003 187003 6.16762e+07 0.129322 0.000292188 0.589134 0.222513 0.00533944 0.00479776 0.000477734 0.0165259 0.00262745 0.00227643 0.0266934
 -0.0102575 4.19745e-06 4.73896e-11 0.0105156 1880.78 2.41182 152316 4268.85 0.000610284 1.23489 0.312294 1 0.281126 0.000616392 0.46076 0.221493 0.0100773 0.0071888 0.001129 0.0114318 0.0021159 0.00406087 7.54277e-07 -1 4.50897e+07 29449.4 5.51862e+06 13916 7.68179e-09 0.440581 171839 171839 6.1343e+07 0.16759 0.000321689 0.549354 0.23119 0.00560849 0.00428561 0.000589226 0.0136304 0.00220861 0.00226012 0.0229617
 -0.0102631 4.19849e-06 4.75778e-11 0.00901673 2202.44 2.48902 132924 4318.04 0.000634206 1.26335 0.297058 1 0.337034 0.000637706 0.408097 0.221753 0.0101221 0.00625883 0.00133931 0.00920666 0.0017296 0.0038221 6.34965e-07 -1 4.40211e+07 31082 5.06862e+06 13461.5 7.37422e-09 0.510057 156261 156261 6.11884e+07 0.208513 0.000345392 0.504955 0.240209 0.00584637 0.00387223 0.000725402 0.0113922 0.00187363 0.00220763 0.0200602
 -0.0102688 4.19954e-06 4.77676e-11 0.0076764 2594.09 2.57735 114425 4353.45 0.000654224 1.28262 0.283333 1 0.389326 0.0006468 0.358408 0.221963 0.0101041 0.00548051 0.00158091 0.00751473 0.00142778 0.0035472 5.42265e-07 -1 4.29881e+07 32538 4.59232e+06 12927 7.05907e-09 0.595871 142647 142647 6.12588e+07 0.24954 0.000362935 0.459446 0.249098 0.0060462 0.00351282 0.000887104 0.00963357 0.00160237 0.00212264 0.0177486
 -0.0102745 4.20059e-06 4.79592e-11 0.00657415 3034.37 2.66588 98408.3 4373.16 0.000669515 1.29253 0.271495 1 0.436284 0.000647231 0.31362 0.222146 0.0100333 0.00478662 0.00183379 0.00620538 0.00118919 0.00325388 4.68224e-07 -1 4.19777e+07 33732.9 4.12291e+06 12347.8 6.75685e-09 0.693863 132533 132533 6.15504e+07 0.288882 0.000375183 0.415323 0.257544 0.00620232 0.00316949 0.00106302 0.00821802 0.00137873 0.00201149 0.0158318
 -0.0102802 4.20165e-06 4.81525e-11 0.00570025 3502.52 2.74398 85113 4377.57 0.000679772 1.2935 0.261468 1 0.477597 0.00064093 0.274144 0.222313 0.00992585 0.00416915 0.0020815 0.00517167 0.000997773 0.00295893 4.0797e-07 -1 4.0965e+07 34626 3.68199e+06 11754 6.47975e-09 0.800105 126116 126116 6.20302e+07 0.325641 0.000382578 0.373839 0.265402 0.00631831 0.00284271 0.00124249 0.00705269 0.0011912 0.00188355 0.0142047
 -0.010286 4.20271e-06 4.83475e-11 0.00501452 3982.75 2.80302 74215.2 4368.3 0.000685057 1.28632 0.252908 1 0.513587 0.000630128 0.239722 0.222476 0.00979418 0.00362497 0.00230945 0.00434073 0.000842009 0.00267341 3.58146e-07 -1 3.99276e+07 35206.2 3.28133e+06 11166.3 6.23219e-09 0.91174 123101 123101 6.26588e+07 0.359442 0.000386078 0.335546 0.272621 0.00639939 0.00253704 0.00141502 0.00607609 0.00103183 0.0017468 0.0127997
 -0.0102917 4.20377e-06 4.85441e-11 0.0044738 4464.35 2.83708 65245.1 4346.99 0.000685625 1.27189 0.245354 1 0.5448 0.000616589 0.209857 0.222645 0.00964725 0.00314878 0.00250592 0.00366278 0.000713708 0.00240357 3.16331e-07 -1 3.88498e+07 35480.5 2.92574e+06 10596.7 6.01421e-09 1.027 123115 123118 6.33988e+07 0.3902 0.000386615 0.300611 0.279206 0.00645075 0.00225529 0.0015713 0.00524697 0.000895052 0.00160721 0.0115696
 -0.0102975 4.20484e-06 4.87425e-11 0.00404376 4939.92 2.84284 57796.2 4314.91 0.00068185 1.25116 0.238371 1 0.57183 0.000601553 0.183991 0.222828 0.00949131 0.00273357 0.00266238 0.00310284 0.000606931 0.0021524 2.80725e-07 -1 3.77226e+07 35466.8 2.61538e+06 10051.2 5.82409e-09 1.14485 125538 125927 6.42167e+07 0.417996 0.000384956 0.268987 0.285192 0.0064772 0.00199822 0.00170379 0.0045364 0.000776822 0.0014689 0.0104788
 -0.0103033 4.20592e-06 4.89425e-11 0.00369678 5404.7 2.81908 51519 4272.76 0.000674137 1.22496 0.231608 1 0.595252 0.000585878 0.161581 0.223032 0.00933061 0.0023718 0.00277306 0.00263557 0.000517264 0.00192076 2.49958e-07 -1 3.65418e+07 35188.1 2.34747e+06 9532 5.65954e-09 1.26492 129350 131389 6.50833e+07 0.443002 0.000381719 0.240505 0.290625 0.00648293 0.00176519 0.00180678 0.00392306 0.000674053 0.00133457 0.00949942
 -0.0103091 4.20699e-06 4.91442e-11 0.00341266 5855.83 2.76645 46147.9 4220.8 0.000662876 1.19402 0.224813 1 0.615589 0.000570142 0.142128 0.223262 0.00916795 0.00205614 0.00283426 0.00224204 0.000441346 0.00170826 2.22967e-07 -1 3.53055e+07 34668.5 2.11758e+06 9039.24 5.5182e-09 1.38737 133925 139526 6.59734e+07 0.465443 0.00037739 0.214924 0.295564 0.00647148 0.00155466 0.00187609 0.00339052 0.000584294 0.00120585 0.00860878
 -0.010315 4.20807e-06 4.93476e-11 0.00317693 6291.58 2.68855 41488.4 4159.05 0.000648439 1.15894 0.21781 1 0.633298 0.000554718 0.125196 0.223521 0.00900502 0.0017799 0.00284732 0.00190787 0.000376577 0.00151381 1.98919e-07 -1 3.40143e+07 33932.6 1.92061e+06 8572.49 5.39788e-09 1.51274 138912 150541 6.68655e+07 0.48556 0.000372339 0.191979 0.300064 0.00644578 0.0013647 0.00191122 0.00292571 0.000505552 0.0010836 0.00778818
 -0.0103209 4.20916e-06 4.95526e-11 0.00297898 6710.96 2.58592 37394.9 4087.47 0.000631174 1.12028 0.210505 1 0.648772 0.000539842 0.110408 0.223811 0.00884285 0.00153725 0.00281013 0.00162198 0.000320935 0.00133601 1.77156e-07 -1 3.26707e+07 33004 1.75141e+06 8131.25 5.29659e-09 1.64184 144101 164823 6.77421e+07 0.503593 0.000366848 0.171403 0.304181 0.0064082 0.00119328 0.00190965 0.00251815 0.000436197 0.000968194 0.00702216
 -0.0103268 4.21025e-06 4.97593e-11 0.00281097 7113.39 2.46187 33758.7 4006.15 0.000611405 1.0785 0.202856 1 0.662339 0.000525655 0.0974507 0.224137 0.00868196 0.00132325 0.00272077 0.0013758 0.000272842 0.0011734 1.57161e-07 -1 3.12786e+07 31905.5 1.60522e+06 7715.26 5.21252e-09 1.77562 149360 182995 6.85885e+07 0.519765 0.000361127 0.152947 0.307966 0.00636065 0.00103843 0.00186921 0.00215938 0.0003749 0.000859681 0.00629795
 -0.0103327 4.21134e-06 4.99676e-11 0.00266704 7498.58 2.31961 30498 3915.38 0.000589434 1.03404 0.194847 1 0.674268 0.000512246 0.0860668 0.224499 0.00852263 0.00113384 0.00257922 0.00116271 0.000231067 0.00102462 1.38523e-07 -1 2.98438e+07 30658.9 1.47792e+06 7324.61 5.14403e-09 1.91516 154603 205971 6.93933e+07 0.534271 0.000355336 0.136394 0.311462 0.00630462 0.000898436 0.00178919 0.00184267 0.000320585 0.000757973 0.00560503
 -0.0103386 4.21244e-06 5.01776e-11 0.00254276 7866.36 2.16253 27550.4 3815.72 0.00056555 0.987304 0.186483 1 0.684775 0.00049967 0.0760492 0.224899 0.00836499 0.000965721 0.00238548 0.000977597 0.000194659 0.0008885 1.20925e-07 -1 2.8373e+07 29285 1.36615e+06 6959.68 5.08962e-09 2.06157 159769 235041 7.01476e+07 0.547272 0.0003496 0.121557 0.314706 0.00624133 0.000771819 0.00166905 0.00156265 0.000272399 0.000662945 0.00493513
 -0.0103446 4.21354e-06 5.03892e-11 0.00243472 8216.63 1.99408 24868.3 3707.92 0.000540023 0.938656 0.177784 1 0.694027 0.000487986 0.0672382 0.225329 0.00820925 0.000816077 0.00214845 0.00081652 0.00016288 0.000764317 1.04271e-07 -1 2.68744e+07 27803.8 1.26739e+06 6620.89 5.04791e-09 2.21597 164808 271989 7.08449e+07 0.558898 0.000344029 0.108293 0.317713 0.00617186 0.000657197 0.00151468 0.00131513 0.000229669 0.000574637 0.00428789
 -0.0103506 4.21465e-06 5.06024e-11 0.00234029 8549.33 1.81773 22414.5 3592.92 0.000513108 0.888451 0.168786 1 0.702154 0.000477247 0.0595086 0.225771 0.00805585 0.000682928 0.00188654 0.000676422 0.000135162 0.0006517 8.86869e-08 -1 2.53571e+07 26234.4 1.17982e+06 6308.56 5.01774e-09 2.37949 169679 319220 7.14803e+07 0.569249 0.000338723 0.0964893 0.32048 0.00609729 0.000553673 0.00133898 0.00109682 0.000191867 0.000493267 0.00367159
 -0.0103566 4.21576e-06 5.08172e-11 0.00225739 8864.37 1.63689 20160.1 3471.32 0.00048506 0.837035 0.159527 1 0.709263 0.000467488 0.0527567 0.22621 0.00790541 0.000565033 0.00161685 0.0005549 0.000111055 0.00055037 7.43269e-08 -1 2.38311e+07 24595.8 1.10236e+06 6022.82 4.99824e-09 2.5536 174352 380154 7.20504e+07 0.578409 0.000333757 0.0860469 0.322999 0.00601878 0.000460798 0.00115435 0.000905086 0.000158578 0.000419032 0.00309528
 -0.0103626 4.21688e-06 5.10336e-11 0.00218438 9161.62 1.45488 18082.9 3343.67 0.000456133 0.784758 0.150055 1 0.715446 0.00045872 0.0468921 0.226629 0.00775867 0.000461433 0.00135359 0.00044997 9.01878e-05 0.000460032 6.13184e-08 -1 2.23067e+07 22906.8 1.03408e+06 5763.57 4.98884e-09 2.73999 178802 459627 7.25526e+07 0.586457 0.000329184 0.0768757 0.325265 0.00593749 0.000378248 0.00097137 0.000737718 0.000129445 0.000352056 0.0025667
 -0.0103687 4.218e-06 5.12516e-11 0.00211996 9440.89 1.27491 16165.7 3210.2 0.000426587 0.731984 0.140421 1 0.720787 0.000450933 0.0418344 0.22702 0.00761651 0.000371254 0.00110728 0.000359941 7.22428e-05 0.000380339 4.97409e-08 -1 2.07945e+07 21186.4 974111 5530.67 4.98915e-09 2.9409 183019 564953 7.29852e+07 0.593469 0.000325038 0.0688898 0.327277 0.00585467 0.000305683 0.000798155 0.000592746 0.000104151 0.000292365 0.00209137
 -0.0103748 4.21912e-06 5.14712e-11 0.00206309 9701.94 1.10002 14395.4 3071.71 0.000396692 0.6791 0.130681 1 0.725361 0.000444101 0.0375108 0.227374 0.00747991 0.00029362 0.000884833 0.000283331 5.69404e-05 0.000310874 3.96202e-08 -1 1.93059e+07 19454 921902 5323.77 4.99879e-09 3.15849 186982 706378 7.33473e+07 0.599515 0.000321336 0.0620058 0.32904 0.00577163 0.000242683 0.000640245 0.000468367 8.2403e-05 0.00023988 0.0016722
 -0.0103809 4.22025e-06 5.16924e-11 0.00201292 9944.43 0.933057 12762.7 2928.84 0.000366735 0.626527 0.120895 1 0.729233 0.00043819 0.0338573 0.227689 0.00735013 0.000227692 0.000690138 0.000218872 4.40406e-05 0.000251201 3.09407e-08 -1 1.78528e+07 17729.5 876900 5142.34 5.01745e-09 3.39534 190675 899306 7.3639e+07 0.604663 0.000318084 0.0561474 0.33056 0.00568981 0.000188801 0.000500982 0.000362982 6.39407e-05 0.000194461 0.0013101
 -0.010387 4.22138e-06 5.19152e-11 0.00196878 10168 0.776659 11261.3 2782.42 0.000337024 0.574727 0.11113 1 0.732466 0.000433156 0.0308136 0.227962 0.00722855 0.000172589 0.00052453 0.000165391 3.33193e-05 0.000200799 2.36448e-08 -1 1.64481e+07 16033.8 838586 4985.75 5.0449e-09 3.65435 194088 1.16697e+06 7.38617e+07 0.608979 0.000315277 0.0512374 0.331849 0.00561077 0.000143495 0.000381791 0.000275027 4.85052e-05 0.000155862 0.00100387
 -0.0103932 4.22252e-06 5.21395e-11 0.00193013 10372.1 0.633162 9887.58 2633.61 0.000307899 0.524221 0.10146 1 0.735118 0.000428947 0.0283222 0.228194 0.00711672 0.000127407 0.000387517 0.000121792 2.45657e-05 0.000159076 1.76455e-08 -1 1.51054e+07 14388.6 806505 4853.21 5.0808e-09 3.93835 197209 1.54419e+06 7.4018e+07 0.612532 0.000312901 0.0471985 0.332919 0.00553615 0.000106163 0.000282684 0.000202973 3.58408e-05 0.000123749 0.000750811
 -0.0103994 4.22367e-06 5.23654e-11 0.00189653 10556.2 0.504397 8640.29 2483.94 0.000279731 0.47559 0.09197 1 0.737246 0.000425504 0.0263274 0.228386 0.00701625 9.12117e-05 0.000277363 8.70227e-05 1.75757e-05 0.000125364 1.28343e-08 -1 1.38394e+07 12816.9 780193 4743.57 5.12465e-09 4.2498 200025 2.08293e+06 7.41122e+07 0.615389 0.000310937 0.0439516 0.333787 0.00546762 7.6137e-05 0.000202686 0.000145284 2.56878e-05 9.76953e-05 0.000547062
 -0.0104056 4.22481e-06 5.25929e-11 0.00186762 10719.9 0.391732 7520.28 2335.47 0.000252933 0.429486 0.0827669 1 0.738908 0.000422761 0.0247734 0.228541 0.0069287 6.30285e-05 0.000191538 6.00439e-05 1.21458e-05 9.89126e-05 9.0877e-09 -1 1.26653e+07 11342.4 759151 4655.33 5.17568e-09 4.59006 202526 2.85904e+06 7.41504e+07 0.617622 0.000309356 0.041414 0.334471 0.0054068 5.26839e-05 0.000140161 0.00010038 1.7776e-05 7.71877e-05 0.000387893
 -0.0104118 4.22597e-06 5.28218e-11 0.00184311 10862.8 0.29598 6529.83 2190.85 0.000227949 0.386621 0.0739994 1 0.740164 0.000420645 0.0236029 0.228662 0.00685528 4.18301e-05 0.000127028 3.98046e-05 8.06845e-06 7.88809e-05 6.27021e-09 -1 1.15984e+07 9989.04 742833 4586.59 5.23271e-09 4.95826 204704 3.97757e+06 7.41412e+07 0.61931 0.000308126 0.0394981 0.334993 0.00535502 3.50008e-05 9.30508e-05 6.66132e-05 1.18208e-05 6.16192e-05 0.000267909
 -0.0104181 4.22712e-06 5.30524e-11 0.0018227 10984.5 0.217275 5671.68 2053.34 0.000205236 0.347738 0.0658714 1 0.741074 0.000419077 0.0227568 0.228752 0.00679657 2.65361e-05 8.05357e-05 2.52307e-05 5.13013e-06 6.43415e-05 4.23793e-09 -1 1.06532e+07 8779.43 730655 4535.13 5.29405e-09 5.34961 206556 5.56971e+06 7.4095e+07 0.620533 0.000307206 0.0381104 0.335374 0.00531311 2.22203e-05 5.90379e-05 4.2255e-05 7.52157e-06 5.02989e-05 0.00018121
 -0.0104244 4.22828e-06 5.32844e-11 0.00180613 11085.4 0.15498 4947.53 1926.64 0.000185222 0.313533 0.0586291 1 0.741703 0.000417967 0.0221741 0.228816 0.00675221 1.60305e-05 4.86294e-05 1.5233e-05 3.11319e-06 5.43009e-05 2.84205e-09 -1 9.84127e+06 7732.41 721989 4498.44 5.35745e-09 5.75377 208085 7.7677e+06 7.40241e+07 0.621376 0.000306548 0.0371536 0.335639 0.00528113 1.34301e-05 3.56667e-05 2.55246e-05 4.56675e-06 4.24714e-05 0.000121586
 -0.0104307 4.22945e-06 5.3518e-11 0.00179307 11166.3 0.107698 4356.05 1814.44 0.000168238 0.284543 0.052499 0 0.742113 0.000417222 0.0217945 0.228859 0.00672077 9.20519e-06 2.7915e-05 8.74358e-06 1.80332e-06 4.77466e-05 1.93509e-09 -1 9.16879e+06 6859.7 716168 4473.78 5.42029e-09 6.15413 209306 1.06443e+07 7.3941e+07 0.621926 0.000306103 0.0365297 0.335814 0.00525828 7.71454e-06 2.04808e-05 1.46557e-05 2.64618e-06 3.73573e-05 8.28126e-05
 -0.010437 4.23062e-06 5.3753e-11 0.00178312 11228.6 0.0725204 3890.89 1719.64 0.000154438 0.261007 0.0476003 0 0.742366 0.00041675 0.0215616 0.228886 0.00669993 5.02968e-06 1.52483e-05 4.77569e-06 1.00209e-06 4.37193e-05 1.38011e-09 -1 8.63442e+06 6162.55 712508 4458.26 5.47997e-09 6.52965 210244 1.41276e+07 7.38576e+07 0.622264 0.000305819 0.0361466 0.335922 0.00524304 4.21605e-06 1.11897e-05 8.00646e-06 1.47076e-06 3.42132e-05 5.90739e-05
 -0.0104434 4.2318e-06 5.39896e-11 0.00177582 11274.8 0.0476155 3539.75 1643.6 0.000143734 0.242766 0.0438997 0 0.742512 0.000416467 0.021427 0.228902 0.006687 2.62586e-06 7.95817e-06 2.49209e-06 5.40809e-07 4.13909e-05 1.06048e-09 -1 8.228e+06 5630.08 710358 4449.14 5.53441e-09 6.85987 210937 1.79519e+07 7.37824e+07 0.62246 0.000305647 0.0359253 0.335985 0.00523353 2.20134e-06 5.84064e-06 4.17848e-06 7.93833e-07 3.23949e-05 4.5398e-05
 -0.0104498 4.23298e-06 5.42277e-11 0.00177065 11307.8 0.0306778 3285.24 1585.73 0.000135809 0.229266 0.041239 0 0.742592 0.000416306 0.0213536 0.228911 0.00667943 1.3188e-06 3.99472e-06 1.25055e-06 2.89952e-07 4.01192e-05 8.86598e-10 -1 7.9319e+06 5240.85 709174 4444.12 5.58255e-09 7.13099 211429 2.17182e+07 7.37205e+07 0.622566 0.000305548 0.0358045 0.33602 0.00522794 1.10566e-06 2.93198e-06 2.09693e-06 4.25636e-07 3.14016e-05 3.79566e-05
 -0.0104562 4.23416e-06 5.44672e-11 0.0017671 11330.5 0.0195066 3107.46 1543.78 0.000130183 0.219687 0.0394013 0 0.742634 0.000416218 0.0213155 0.228916 0.0066752 6.42582e-07 1.94431e-06 6.08255e-07 1.60141e-07 3.9458e-05 7.96577e-10 -1 7.72436e+06 4967.34 708556 4441.5 5.62437e-09 7.33947 211767 2.50518e+07 7.3673e+07 0.622622 0.000305494 0.0357417 0.336038 0.00522481 5.38749e-07 1.4271e-06 1.01996e-06 2.35087e-07 3.08851e-05 3.41038e-05
 -0.0104627 4.23536e-06 5.47082e-11 0.00176474 11345.7 0.0122969 2987.07 1514.59 0.000126329 0.213126 0.038171 0 0.742655 0.000416172 0.0212965 0.228919 0.00667292 3.06609e-07 9.25573e-07 2.89115e-07 9.56264e-08 3.91273e-05 7.5181e-10 -1 7.58351e+06 4781.36 708248 4440.19 5.66066e-09 7.49093 211993 2.77366e+07 7.36385e+07 0.62265 0.000305465 0.0357104 0.336047 0.00522311 2.57069e-07 6.79371e-07 4.84813e-07 1.40382e-07 3.06267e-05 3.21878e-05
 -0.0104691 4.23655e-06 5.49507e-11 0.0017632 11355.6 0.00771003 2907.49 1494.94 0.000123761 0.208754 0.0373659 0 0.742665 0.000416148 0.0212873 0.22892 0.00667171 1.44788e-07 4.34878e-07 1.35386e-07 6.45436e-08 3.89665e-05 7.3022e-10 -1 7.49029e+06 4658.09 708098 4439.56 5.69258e-09 7.59607 212140 2.97402e+07 7.36145e+07 0.622663 0.00030545 0.0356952 0.336052 0.0052222 1.21395e-07 3.19203e-07 2.2703e-07 9.47524e-08 3.05011e-05 3.12636e-05
 -0.0104756 4.23775e-06 5.51947e-11 0.0017622 11362 0.00481742 2855.84 1482.01 0.000122084 0.205902 0.0368475 0 0.74267 0.000416136 0.0212829 0.228921 0.00667108 6.86114e-08 2.03872e-07 6.30106e-08 4.99068e-08 3.88897e-05 7.20035e-10 -1 7.42972e+06 4577.93 708027 4439.26 5.7213e-09 7.66662 212235 3.1152e+07 7.35983e+07 0.622669 0.000305442 0.035688 0.336054 0.00522172 5.75263e-08 1.49644e-07 1.05663e-07 7.32653e-08 3.04411e-05 3.08277e-05
 -0.0104822 4.23896e-06 5.54401e-11 0.00176157 11366.1 0.00300293 2822.74 1473.67 0.000121007 0.204068 0.0365176 0 0.742672 0.00041613 0.0212808 0.228921 0.00667074 3.33394e-08 9.69015e-08 2.94938e-08 4.31272e-08 3.88533e-05 7.15302e-10 -1 7.3909e+06 4526.5 707994 4439.12 5.7478e-09 7.71282 212296 3.21069e+07 7.35877e+07 0.622672 0.000305438 0.0356846 0.336055 0.00522147 2.7953e-08 7.11267e-08 4.94584e-08 6.33127e-08 3.04127e-05 3.06251e-05
 -0.0104887 4.24017e-06 5.56869e-11 0.00176117 11368.7 0.00186843 2801.73 1468.34 0.000120321 0.202901 0.0363093 0 0.742673 0.000416126 0.0212799 0.228921 0.00667056 1.72005e-08 4.79527e-08 1.41557e-08 4.00242e-08 3.88358e-05 7.13122e-10 -1 7.36626e+06 4493.84 707979 4439.05 5.77284e-09 7.74256 212334 3.27345e+07 7.35808e+07 0.622674 0.000305436 0.0356831 0.336055 0.00522133 1.44216e-08 3.51978e-08 2.37378e-08 5.87573e-08 3.0399e-05 3.05318e-05
 -0.0104953 4.24138e-06 5.59352e-11 0.00176092 11370.3 0.00116066 2788.49 1464.97 0.000119888 0.202164 0.0361785 0 0.742674 0.000416125 0.0212795 0.228921 0.00667047 9.87994e-09 2.57477e-08 7.1973e-09 3.86161e-08 3.88272e-05 7.12119e-10 -1 7.35072e+06 4473.23 707972 4439.02 5.79695e-09 7.76148 212358 3.31391e+07 7.35764e+07 0.622674 0.000305435 0.0356824 0.336056 0.00522126 8.28372e-09 1.88991e-08 1.20692e-08 5.66903e-08 3.03923e-05 3.04889e-05
 -0.0105019 4.2426e-06 5.61849e-11 0.00176076 11371.3 0.000719862 2780.18 1462.85 0.000119616 0.201702 0.0360966 0 0.742674 0.000416124 0.0212793 0.228921 0.00667041 6.58098e-09 1.57405e-08 4.06116e-09 3.79814e-08 3.88226e-05 7.11655e-10 -1 7.34097e+06 4460.3 707969 4439.01 5.82049e-09 7.77342 212373 3.33966e+07 7.35736e+07 0.622675 0.000305434 0.035682 0.336056 0.00522122 5.51775e-09 1.15537e-08 6.8102e-09 5.57585e-08 3.03887e-05 3.0469e-05
 -0.0105085 4.24383e-06 5.64361e-11 0.00176067 11372 0.000445756 2774.99 1461.52 0.000119446 0.201412 0.0360456 0 0.742674 0.000416123 0.0212792 0.228921 0.00667038 5.10195e-09 1.12537e-08 2.65499e-09 3.76967e-08 3.88199e-05 7.11434e-10 -1 7.33488e+06 4452.22 707967 4439 5.84371e-09 7.7809 212382 3.35589e+07 7.35718e+07 0.622675 0.000305434 0.0356819 0.336056 0.0052212 4.27767e-09 8.26031e-09 4.45218e-09 5.53406e-08 3.03866e-05 3.04596e-05
 -0.0105152 4.24506e-06 5.66886e-11 0.00176061 11372.4 0.000275566 2771.75 1460.7 0.00011934 0.201232 0.0360138 0 0.742674 0.000416123 0.0212791 0.228921 0.00667036 4.44164e-09 9.25045e-09 2.02718e-09 3.75696e-08 3.88181e-05 7.11324e-10 -1 7.33108e+06 4447.18 707967 4439 5.86675e-09 7.78557 212388 3.36605e+07 7.35707e+07 0.622675 0.000305433 0.0356818 0.336056 0.00522118 3.72405e-09 6.78993e-09 3.39941e-09 5.5154e-08 3.03852e-05 3.04549e-05
 -0.0105219 4.2463e-06 5.69425e-11 0.00176057 11372.6 0.000170061 2769.75 1460.18 0.000119274 0.20112 0.0359941 0 0.742674 0.000416123 0.0212791 0.228921 0.00667035 4.1479e-09 8.35933e-09 1.74794e-09 3.75131e-08 3.88166e-05 7.11264e-10 -1 7.32872e+06 4444.05 707966 4439 5.88972e-09 7.78848 212391 3.37239e+07 7.357e+07 0.622675 0.000305433 0.0356818 0.336056 0.00522117 3.47776e-09 6.13584e-09 2.93113e-09 5.5071e-08 3.0384e-05 3.04523e-05
 -0.0105286 4.24754e-06 5.71978e-11 0.00176054 11372.8 0.000104764 2768.5 1459.86 0.000119233 0.201051 0.0359819 0 0.742674 0.000416122 0.0212791 0.228921 0.00667035 4.01762e-09 7.96416e-09 1.62414e-09 3.7488e-08 3.88154e-05 7.11226e-10 -1 7.32726e+06 4442.12 707966 4439 5.91268e-09 7.79028 212393 3.37633e+07 7.35696e+07 0.622675 0.000305433 0.0356817 0.336056 0.00522117 3.36853e-09 5.84578e-09 2.72354e-09 5.50342e-08 3.0383e-05 3.04507e-05
 -0.0105354 4.24878e-06 5.74545e-11 0.00176053 11372.9 6.44188e-05 2767.73 1459.67 0.000119208 0.201008 0.0359743 0 0.742674 0.000416122 0.0212791 0.228921 0.00667035 3.95999e-09 7.7894e-09 1.56944e-09 3.74769e-08 3.88142e-05 7.11198e-10 -1 7.32636e+06 4440.92 707966 4439 5.93567e-09 7.7914 212395 3.37876e+07 7.35693e+07 0.622675 0.000305433 0.0356817 0.336056 0.00522117 3.32021e-09 5.7175e-09 2.63181e-09 5.50179e-08 3.03821e-05 3.04495e-05
 -0.0105421 4.25004e-06 5.77126e-11 0.00176052 11372.9 3.95353e-05 2767.26 1459.55 0.000119193 0.200981 0.0359696 0 0.742674 0.000416122 0.0212791 0.228921 0.00667034 3.93452e-09 7.71226e-09 1.54534e-09 3.7472e-08 3.8813e-05 7.11175e-10 -1 7.3258e+06 4440.18 707966 4439 5.95872e-09 7.79209 212396 3.38027e+07 7.35692e+07 0.622675 0.000305433 0.0356817 0.336056 0.00522117 3.29886e-09 5.66088e-09 2.59139e-09 5.50107e-08 3.03812e-05 3.04484e-05
 -0.0105489 4.25129e-06 5.7972e-11 0.00176052 11372.9 2.42154e-05 2766.96 1459.47 0.000119183 0.200965 0.0359667 0 0.742674 0.000416122 0.0212791 0.228921 0.00667034 3.92326e-09 7.67823e-09 1.53475e-09 3.74699e-08 3.88118e-05 7.11152e-10 -1 7.32546e+06 4439.72 707966 4439 5.98183e-09 7.79251 212396 3.3812e+07 7.35691e+07 0.622675 0.000305433 0.0356817 0.336056 0.00522116 3.28942e-09 5.63591e-09 2.57364e-09 5.50076e-08 3.03803e-05 3.04475e-05
 -0.0105558 4.25256e-06 5.82328e-11 0.00176051 11373 1.4801e-05 2766.78 1459.42 0.000119177 0.200955 0.0359649 0 0.742674 0.000416122 0.0212791 0.228921 0.00667034 3.91826e-09 7.66318e-09 1.53011e-09 3.74689e-08 3.88107e-05 7.11131e-10 -1 7.32525e+06 4439.44 707966 4439 6.00502e-09 7.79277 212397 3.38177e+07 7.3569e+07 0.622675 0.000305433 0.0356817 0.336056 0.00522116 3.28522e-09 5.62486e-09 2.56587e-09 5.50062e-08 3.03794e-05 3.04466e-05
 -0.0105626 4.25382e-06 5.8495e-11 0.00176051 11373 9.02659e-06 2766.67 1459.4 0.000119174 0.200949 0.0359638 0 0.742674 0.000416122 0.0212791 0.228921 0.00667034 3.916e-09 7.65647e-09 1.52809e-09 3.74685e-08 3.88095e-05 7.1111e-10 -1 7.32512e+06 4439.27 707966 4439 6.0283e-09 7.79293 212397 3.38212e+07 7.3569e+07 0.622675 0.000305433 0.0356817 0.336056 0.00522116 3.28333e-09 5.61993e-09 2.56247e-09 5.50056e-08 3.03785e-05 3.04457e-05
 -0.0105695 4.2551e-06 5.87584e-11 0.00176051 11373 5.49205e-06 2766.6 1459.38 0.000119171 0.200945 0.0359631 0 0.742674 0.000416122 0.0212791 0.228921 0.00667034 3.91494e-09 7.6534e-09 1.52721e-09 3.74683e-08 3.88084e-05 7.11088e-10 -1 7.32504e+06 4439.16 707966 4439 6.05166e-09 7.79303 212397 3.38233e+07 7.35689e+07 0.622675 0.000305433 0.0356817 0.336056 0.00522116 3.28244e-09 5.61768e-09 2.561e-09 5.50053e-08 3.03775e-05 3.04448e-05
 -0.0105764 4.25637e-06 5.90232e-11 0.00176051 11373 3.33352e-06 2766.56 1459.37 0.00011917 0.200943 0.0359626 0 0.742674 0.000416122 0.0212791 0.228921 0.00667034 3.91441e-09 7.65192e-09 1.52683e-09 3.74683e-08 3.88072e-05 7.11067e-10 -1 7.32499e+06 4439.1 707966 4439 6.0751e-09 7.79309 212397 3.38246e+07 7.35689e+07 0.622675 0.000305433 0.0356817 0.336056 0.00522116 3.28199e-09 5.61659e-09 2.56036e-09 5.50052e-08 3.03766e-05 3.04438e-05
 -0.0105834 4.25766e-06 5.92893e-11 0.00176051 11373 2.01877e-06 2766.54 1459.36 0.000119169 0.200941 0.0359624 0 0.742674 0.000416122 0.0212791 0.228921 0.00667034 3.91411e-09 7.65114e-09 1.52666e-09 3.74682e-08 3.8806e-05 7.11046e-10 -1 7.32496e+06 4439.06 707966 4439 6.09864e-09 7.79313 212397 3.38254e+07 7.35689e+07 0.622675 0.000305433 0.0356817 0.336056 0.00522116 3.28174e-09 5.61602e-09 2.56008e-09 5.50051e-08 3.03757e-05 3.04429e-05
 -0.0105904 4.25895e-06 5.95568e-11 0.00176051 11373 1.21988e-06 2766.52 1459.36 0.000119169 0.20094 0.0359622 0 0.742674 0.000416122 0.0212791 0.228921 0.00667034 3.9139e-09 7.65065e-09 1.52659e-09 3.74682e-08 3.88049e-05 7.11024e-10 -1 7.32494e+06 4439.04 707966 4439 6.12226e-09 7.79315 212397 3.38259e+07 7.35689e+07 0.622675 0.000305433 0.0356817 0.336056 0.00522116 3.28157e-09 5.61567e-09 2.55996e-09 5.50051e-08 3.03748e-05 3.0442e-05
 -0.0105974 4.26024e-06 5.98255e-11 0.00176051 11373 7.34803e-07 2766.51 1459.36 0.000119168 0.20094 0.035962 0 0.742674 0.000416122 0.0212791 0.228921 0.00667034 3.91374e-09 7.6503e-09 1.52657e-09 3.74682e-08 3.88037e-05 7.11003e-10 -1 7.32493e+06 4439.02 707966 4439 6.14597e-09 7.79316 212397 3.38262e+07 7.35689e+07 0.622675 0.000305433 0.0356817 0.336056 0.00522116 3.28144e-09 5.61541e-09 2.55991e-09 5.50051e-08 3.03739e-05 3.04411e-05
 -0.0106044 4.26154e-06 6.00955e-11 0.00176051 11373 4.39968e-07 2766.51 1459.35 0.000119168 0.20094 0.0359619 0 0.742674 0.000416122 0.0212791 0.228921 0.00667034 3.9136e-09 7.65001e-09 1.52656e-09 3.74682e-08 3.88025e-05 7.10981e-10 -1 7.32492e+06 4439.01 707966 4439 6.16976e-09 7.79317 212397 3.38264e+07 7.35689e+07 0.622675 0.000305433 0.0356817 0.336056 0.00522116 3.28132e-09 5.61519e-09 2.5599e-09 5.50051e-08 3.0373e-05 3.04402e-05
 -0.0106115 4.26285e-06 6.03668e-11 0.00176051 11373 2.6067e-07 2766.5 1459.35 0.000119168 0.200939 0.0359619 0 0.742674 0.000416122 0.0212791 0.228921 0.00667034 3.91346e-09 7.64973e-09 1.52655e-09 3.74682e-08 3.88013e-05 7.10959e-10 -1 7.32492e+06 4439.01 707966 4439 6.19363e-09 7.79318 212397 3.38265e+07 7.35689e+07 0.622675 0.000305433 0.0356817 0.336056 0.00522116 3.2812e-09 5.61499e-09 2.55989e-09 5.50051e-08 3.0372e-05 3.04392e-05
 -0.0106186 4.26416e-06 6.06394e-11 0.00176051 11373 1.51812e-07 2766.5 1459.35 0.000119168 0.200939 0.0359618 0 0.742674 0.000416122 0.0212791 0.228921 0.00667034 3.91333e-09 7.64946e-09 1.52655e-09 3.74682e-08 3.88001e-05 7.10937e-10 -1 7.32492e+06 4439 707966 4439 6.21759e-09 7.79318 212397 3.38265e+07 7.35689e+07 0.622675 0.000305433 0.0356817 0.336056 0.00522116 3.28109e-09 5.61479e-09 2.55989e-09 5.50051e-08 3.03711e-05 3.04383e-05
 -0.0106257 4.26547e-06 6.09132e-11 0.00176051 11373 8.58977e-08 2766.5 1459.35 0.000119168 0.200939 0.0359617 0 0.742674 0.000416122 0.0212791 0.228921 0.00667034 3.91319e-09 7.64919e-09 1.52656e-09 3.74682e-08 3.87989e-05 7.10916e-10 -1 7.32492e+06 4439 707966 4439 6.24164e-09 7.79318 212397 3.38266e+07 7.35689e+07 0.622675 0.000305433 0.0356817 0.336056 0.00522116 3.28097e-09 5.61459e-09 2.5599e-09 5.50051e-08 3.03702e-05 3.04374e-05
 -0.0106328 4.26679e-06 6.11883e-11 0.00176051 11373 4.60857e-08 2766.5 1459.35 0.000119168 0.200939 0.0359617 0 0.742674 0.000416122 0.0212791 0.228921 0.00667034 3.91306e-09 7.64893e-09 1.52656e-09 3.74682e-08 3.87977e-05 7.10894e-10 -1 7.32491e+06 4439 707966 4439 6.26576e-09 7.79318 212397 3.38266e+07 7.35689e+07 0.622675 0.000305433 0.0356817 0.336056 0.00522116 3.28086e-09 5.6144e-09 2.5599e-09 5.50051e-08 3.03692e-05 3.04364e-05
 -0.01064 4.26812e-06 6.14646e-11 0.00176051 11373 2.21164e-08 2766.5 1459.35 0.000119168 0.200939 0.0359617 0 0.742674 0.000416122 0.0212791 0.228921 0.00667034 3.91292e-09 7.64866e-09 1.52656e-09 3.74682e-08 3.87965e-05 7.10871e-10 -1 7.32491e+06 4439 707966 4439 6.28996e-09 7.79318 212397 3.38266e+07 7.35689e+07 0.622675 0.000305433 0.0356817 0.336056 0.00522116 3.28075e-09 5.6142e-09 2.55991e-09 5.50051e-08 3.03683e-05 3.04355e-05
 -0.0106473 4.26946e-06 6.17422e-11 0.00176051 11373 7.7674e-09 2766.5 1459.35 0.000119168 0.200939 0.0359616 0 0.742674 0.000416122 0.0212791 0.228921 0.00667034 3.91279e-09 7.64839e-09 1.52656e-09 3.74682e-08 3.87953e-05 7.10849e-10 -1 7.32491e+06 4439 707966 4439 6.31424e-09 7.79318 212397 3.38266e+07 7.35689e+07 0.622675 0.000305433 0.0356817 0.336056 0.00522116 3.28063e-09 5.614e-09 2.55991e-09 5.50051e-08 3.03673e-05 3.04345e-05
 -0.0106545 4.27079e-06 6.2021e-11 0.00176051 11373 -7.26974e-10 2766.5 1459.35 0.000119168 0.200939 0.0359616 0 0.742674 0.000416122 0.0212791 0.228921 0.00667034 3.91265e-09 7.64812e-09 1.52656e-09 3.74682e-08 3.87941e-05 7.10827e-10 -1 7.32491e+06 4439 707966 4439 6.3386e-09 7.79318 212397 3.38266e+07 7.35689e+07 0.622675 0.000305433 0.0356817 0.336056 0.00522116 3.28052e-09 5.61381e-09 2.55991e-09 5.50051e-08 3.03664e-05 3.04336e-05
 -0.0106618 4.27214e-06 6.2301e-11 0.00176051 11373 -5.77159e-09 2766.5 1459.35 0.000119168 0.200939 0.0359615 0 0.742674 0.000416122 0.0212791 0.228921 0.00667034 3.91251e-09 7.64785e-09 1.52657e-09 3.74682e-08 3.87929e-05 7.10805e-10 -1 7.32491e+06 4439 707966 4439 6.36303e-09 7.79318 212397 3.38266e+07 7.35689e+07 0.622675 0.000305433 0.0356818 0.336056 0.00522116 3.2804e-09 5.61361e-09 2.55992e-09 5.50051e-08 3.03654e-05 3.04326e-05
 -0.0106691 4.27349e-06 6.25822e-11 0.00176051 11373 -8.74967e-09 2766.5 1459.35 0.000119168 0.200939 0.0359615 0 0.742674 0.000416122 0.0212791 0.228921 0.00667034 3.91238e-09 7.64758e-09 1.52657e-09 3.74682e-08 3.87916e-05 7.10782e-10 -1 7.32491e+06 4439 707966 4439 6.38754e-09 7.79318 212397 3.38266e+07 7.35689e+07 0.622675 0.000305433 0.0356818 0.336056 0.00522116 3.28029e-09 5.61341e-09 2.55992e-09 5.50051e-08 3.03644e-05 3.04316e-05
 -0.0106764 4.27484e-06 6.28646e-11 0.00176051 11373 -1.04399e-08 2766.5 1459.35 0.000119168 0.200939 0.0359614 0 0.742674 0.000416122 0.0212791 0.228921 0.00667034 3.91224e-09 7.64731e-09 1.52657e-09 3.74682e-08 3.87904e-05 7.1076e-10 -1 7.32491e+06 4439 707966 4439 6.41212e-09 7.79318 212397 3.38266e+07 7.35689e+07 0.622675 0.000305433 0.0356818 0.336056 0.00522116 3.28017e-09 5.61321e-09 2.55993e-09 5.50051e-08 3.03635e-05 3.04307e-05
 -0.0106838 4.2762e-06 6.31482e-11 0.00176051 11373 -1.13512e-08 2766.5 1459.35 0.000119168 0.200939 0.0359614 0 0.742674 0.000416122 0.0212791 0.228921 0.00667034 3.9121e-09 7.64704e-09 1.52657e-09 3.74682e-08 3.87892e-05 7.10737e-10 -1 7.32491e+06 4439 707966 4439 6.43677e-09 7.79318 212397 3.38266e+07 7.35689e+07 0.622675 0.000305433 0.0356818 0.336056 0.00522116 3.28006e-09 5.61301e-09 2.55993e-09 5.50051e-08 3.03625e-05 3.04297e-05
 -0.0106912 4.27757e-06 6.3433e-11 0.00176051 11373 -1.17979e-08 2766.5 1459.35 0.000119168 0.200939 0.0359613 0 0.742674 0.000416122 0.0212791 0.228921 0.00667034 3.91196e-09 7.64676e-09 1.52658e-09 3.74682e-08 3.87879e-05 7.10714e-10 -1 7.32491e+06 4439 707966 4439 6.46149e-09 7.79318 212397 3.38266e+07 7.35689e+07 0.622675 0.000305433 0.0356818 0.336056 0.00522116 3.27994e-09 5.61281e-09 2.55993e-09 5.50051e-08 3.03615e-05 3.04287e-05
 -0.0106986 4.27894e-06 6.37189e-11 0.00176051 11373 -1.1981e-08 2766.5 1459.35 0.000119168 0.200939 0.0359613 0 0.742674 0.000416122 0.0212791 0.228921 0.00667034 3.91182e-09 7.64648e-09 1.52658e-09 3.74682e-08 3.87867e-05 7.10691e-10 -1 7.32491e+06 4439 707966 4439 6.48629e-09 7.79318 212397 3.38266e+07 7.35689e+07 0.622675 0.000305433 0.0356818 0.336056 0.00522116 3.27982e-09 5.6126e-09 2.55994e-09 5.50051e-08 3.03606e-05 3.04278e-05
 -0.0107061 4.28032e-06 6.4006e-11 0.00176051 11373 -1.20077e-08 2766.5 1459.35 0.000119168 0.200939 0.0359613 0 0.742674 0.000416122 0.0212791 0.228921 0.00667034 3.91168e-09 7.64621e-09 1.52658e-09 3.74682e-08 3.87854e-05 7.10668e-10 -1 7.32491e+06 4439 707966 4439 6.51115e-09 7.79318 212397 3.38266e+07 7.35689e+07 0.622675 0.000305433 0.0356818 0.336056 0.00522116 3.2797e-09 5.6124e-09 2.55994e-09 5.50051e-08 3.03596e-05 3.04268e-05
 -0.0107136 4.28171e-06 6.42943e-11 0.00176051 11373 -1.19299e-08 2766.5 1459.35 0.000119168 0.200939 0.0359612 0 0.742674 0.000416122 0.0212791 0.228921 0.00667034 3.91154e-09 7.64593e-09 1.52658e-09 3.74682e-08 3.87842e-05 7.10645e-10 -1 7.32491e+06 4439 707966 4439 6.53608e-09 7.79318 212397 3.38266e+07 7.35689e+07 0.622675 0.000305433 0.0356818 0.336056 0.00522116 3.27959e-09 5.6122e-09 2.55995e-09 5.50051e-08 3.03586e-05 3.04258e-05
 -0.0107211 4.2831e-06 6.45837e-11 0.00176051 11373 -1.17847e-08 2766.5 1459.35 0.000119168 0.200939 0.0359612 0 0.742674 0.000416122 0.0212791 0.228921 0.00667034 3.9114e-09 7.64565e-09 1.52659e-09 3.74682e-08 3.87829e-05 7.10622e-10 -1 7.32491e+06 4439 707966 4439 6.56108e-09 7.79318 212397 3.38266e+07 7.35689e+07 0.622675 0.000305433 0.0356818 0.336056 0.00522116 3.27947e-09 5.61199e-09 2.55995e-09 5.50051e-08 3.03576e-05 3.04248e-05
 -0.0107286 4.28449e-06 6.48742e-11 0.00176051 11373 -1.16007e-08 2766.5 1459.35 0.000119168 0.200939 0.0359611 0 0.742674 0.000416122 0.0212791 0.228921 0.00667034 3.91125e-09 7.64537e-09 1.52659e-09 3.74682e-08 3.87816e-05 7.10599e-10 -1 7.32491e+06 4439 707966 4439 6.58614e-09 7.79318 212397 3.38266e+07 7.35689e+07 0.622675 0.000305433 0.0356818 0.336056 0.00522116 3.27935e-09 5.61179e-09 2.55996e-09 5.50051e-08 3.03566e-05 3.04238e-05
 -0.0107362 4.28589e-06 6.51658e-11 0.00176051 11373 -1.13956e-08 2766.5 1459.35 0.000119168 0.200939 0.0359611 0 0.742674 0.000416122 0.0212791 0.228921 0.00667034 3.91111e-09 7.64509e-09 1.52659e-09 3.74682e-08 3.87803e-05 7.10576e-10 -1 7.32491e+06 4439 707966 4439 6.61126e-09 7.79318 212397 3.38266e+07 7.35689e+07 0.622675 0.000305433 0.0356818 0.336056 0.00522116 3.27923e-09 5.61158e-09 2.55996e-09 5.50051e-08 3.03556e-05 3.04228e-05
 -0.0107439 4.2873e-06 6.54586e-11 0.00176051 11373 -1.11748e-08 2766.5 1459.35 0.000119168 0.200939 0.035961 0 0.742674 0.000416122 0.0212791 0.228921 0.00667034 3.91097e-09 7.6448e-09 1.5266e-09 3.74682e-08 3.87791e-05 7.10552e-10 -1 7.32491e+06 4439 707966 4439 6.63645e-09 7.79318 212397 3.38266e+07 7.35689e+07 0.622675 0.000305433 0.0356818 0.336056 0.00522116 3.27911e-09 5.61137e-09 2.55996e-09 5.50051e-08 3.03546e-05 3.04218e-05
